cohort,generation,structure,max_check_weight,n,k,d,d_lower,d_upper,d_estimate,upper_is_supported,distance_status,catalogue_status_code,class_status_code,class_d_lower,class_d_upper,class_d_estimate,class_upper_is_supported,rate,fom,fom_upper,fom_estimate,multiplicity,rate_panel_clipped,fom_panel_clipped,plot_clipped,exact_pareto,upper_bound_envelope,rate_distance_front,length_fom_front,figure_exact_eligible,figure_exclusion_reason,connectivity_status,decomposition,presentation_agrees,presentation_class_id,presentation_class_count,campaign_origin,source_campaign,construction_role,parent_presentation_id,component_digest,evidence,source,label
current_css_w5,current,CSS,5,120,4,4,4,4,,True,exact,E,E,4,4,,True,0.0333333333333,0.533333333333,0.533333333333,,1,False,False,False,False,False,False,False,False,superseded by complete component-canonical catalogue,connected,connected,True,TC-01bb7e035c,1,campaign catalogue,css-small,parent presentation,CS-d74f23a3,,normalized direct evidence: exact methods H; certified lower 4 (H); supported upper 4 (H); estimated endpoint 4 (B),results/weight5_publication_catalogue.jsonl,"$[[120,4,4]]$"
current_css_w5,current,CSS,5,120,4,6,5,,6,False,interval,C,C,5,,6,False,0.0333333333333,1.2,,1.2,6,False,False,False,False,False,False,False,False,distance not exact,connected,connected,True,TC-8b084fa60e; TC-c70faf7464; TC-cfb002938c,3,campaign catalogue,css-small,parent presentation,CS-06c31f98; CS-06d9c8e4; CS-20bcc637; CS-6f7e13d1; CS-ace98ee4; CS-e210278d,,normalized direct evidence: certified lower 5 (L4); estimated endpoint 6 (B),results/weight5_publication_catalogue.jsonl,"$[[120,4,d\geq 5;\ \widehat d=6]]$"
current_css_w5,current,CSS,5,120,4,7,5,,7,False,interval,C,C,5,,6,False,0.0333333333333,1.63333333333,,1.63333333333,2,False,False,False,False,False,False,False,False,distance not exact,connected,connected,True,TC-c70faf7464,1,campaign catalogue,css-small,parent presentation,CS-18b82d12; CS-22d1d674,,normalized direct evidence: certified lower 5 (L4); estimated endpoint 7 (B),results/weight5_publication_catalogue.jsonl,"$[[120,4,d\geq 5;\ \widehat d=7]]$"
current_css_w5,current,CSS,5,120,4,8,5,,8,False,interval,C,C,5,,8,False,0.0333333333333,2.13333333333,,2.13333333333,6,False,False,False,False,False,False,False,False,distance not exact,connected,connected,True,TC-28daff75ce; TC-422233ebf5; TC-551e9e375f; TC-88e743a3c3; TC-ccac11e08d,5,campaign catalogue,css-small,parent presentation,CS-094bf34b; CS-1fd76ffa; CS-2501ade1; CS-619c4d5b; CS-80695d2b; CS-da318c28,,normalized direct evidence: certified lower 5 (L4); estimated endpoint 8 (B),results/weight5_publication_catalogue.jsonl,"$[[120,4,d\geq 5;\ \widehat d=8]]$"
current_css_w5,current,CSS,5,120,4,9,5,,9,False,interval,C,C,5,,8,False,0.0333333333333,2.7,,2.7,4,False,False,False,False,False,False,False,False,distance not exact,connected,connected,True,TC-422233ebf5; TC-551e9e375f; TC-88e743a3c3; TC-ccac11e08d,4,campaign catalogue,css-small,parent presentation,CS-1b5f2c76; CS-289980e5; CS-cd30a97d; CS-f9c94426,,normalized direct evidence: certified lower 5 (L4); estimated endpoint 9 (B),results/weight5_publication_catalogue.jsonl,"$[[120,4,d\geq 5;\ \widehat d=9]]$"
current_css_w5,current,CSS,5,120,4,10,10,10,,True,exact,E,E,10,10,,True,0.0333333333333,3.33333333333,3.33333333333,,1,False,False,False,False,False,False,False,False,superseded by complete component-canonical catalogue,connected,connected,True,TC-bc2db601d8,1,campaign catalogue,css-small,parent presentation,CS-07d0fcb6,,normalized direct evidence: exact methods M; certified lower 10 (M); supported upper 10 (M); estimated endpoint 13 (B),results/weight5_publication_catalogue.jsonl,"$[[120,4,10]]$"
current_css_w5,current,CSS,5,120,4,10,5,,10,False,interval,C,C,5,,10,False,0.0333333333333,3.33333333333,,3.33333333333,19,False,False,False,False,False,False,False,False,distance not exact,connected,connected,True,TC-3b28cd3c3c; TC-69f954bbe6; TC-7e25effbeb; TC-8c53e6b40c; TC-c3bb32378f; TC-d3aafff4c1; TC-fed30dbeef,7,campaign catalogue,css-small,parent presentation,CS-0687c929; CS-06a00cb2; CS-15fc6460; CS-21cfa1e9; CS-23cbbfbd; CS-2601e56c; CS-2a6f0d66; CS-2ad29e78; CS-3de4e929; CS-4493da41; CS-46ee4861; CS-7a4f2700; CS-88147f02; CS-9d75159e; CS-a15ecf6d; CS-a583e335; CS-d803b602; CS-d9eb2b15; CS-f7846762,,normalized direct evidence: certified lower 5 (L4); estimated endpoint 10 (B),results/weight5_publication_catalogue.jsonl,"$[[120,4,d\geq 5;\ \widehat d=10]]$"
current_css_w5,current,CSS,5,120,4,10,5,,10,False,interval,C,E,10,10,,True,0.0333333333333,3.33333333333,,3.33333333333,5,False,False,False,False,False,False,False,False,distance not exact,connected,connected,True,TC-bc2db601d8,1,campaign catalogue,css-small,parent presentation,CS-0a7f4a24; CS-12c8b44e; CS-85b452ec; CS-e21fcaf6; CS-fa6ee2a0,,normalized direct evidence: certified lower 5 (L4); estimated endpoint 10 (B),results/weight5_publication_catalogue.jsonl,"$[[120,4,d\geq 5;\ \widehat d=10]]$"
current_css_w5,current,CSS,5,120,4,10,5,,10,False,interval,C,C,5,,8,False,0.0333333333333,3.33333333333,,3.33333333333,9,False,False,False,False,False,False,False,False,distance not exact,connected,connected,True,TC-28daff75ce; TC-422233ebf5; TC-551e9e375f; TC-88e743a3c3; TC-ccac11e08d,5,campaign catalogue,css-small,parent presentation,CS-1d7d3b8f; CS-1eb1785f; CS-68a06b78; CS-92a1326c; CS-a1e75235; CS-bec00fcb; CS-c726c551; CS-f42d99fb; CS-f6b1bcb3,,normalized direct evidence: certified lower 5 (L4); estimated endpoint 10 (B),results/weight5_publication_catalogue.jsonl,"$[[120,4,d\geq 5;\ \widehat d=10]]$"
current_css_w5,current,CSS,5,120,4,11,5,,11,False,interval,C,C,5,,10,False,0.0333333333333,4.03333333333,,4.03333333333,1,False,False,False,False,False,False,False,False,distance not exact,connected,connected,True,TC-3b28cd3c3c,1,campaign catalogue,css-small,parent presentation,CS-442a59e3,,normalized direct evidence: certified lower 5 (L4); estimated endpoint 11 (B),results/weight5_publication_catalogue.jsonl,"$[[120,4,d\geq 5;\ \widehat d=11]]$"
current_css_w5,current,CSS,5,120,4,12,5,,12,False,interval,C,C,5,,10,False,0.0333333333333,4.8,,4.8,4,False,False,False,False,False,False,False,False,distance not exact,connected,connected,True,TC-69f954bbe6; TC-7e25effbeb,2,campaign catalogue,css-small,parent presentation,CS-2a6c3475; CS-3c31e99b; CS-681e1b89; CS-ad1fea22,,normalized direct evidence: certified lower 5 (L4); estimated endpoint 12 (B),results/weight5_publication_catalogue.jsonl,"$[[120,4,d\geq 5;\ \widehat d=12]]$"
current_css_w5,current,CSS,5,120,8,3,3,3,,True,exact,E,E,3,3,,True,0.0666666666667,0.6,0.6,,2,False,False,False,False,False,False,False,False,superseded by complete component-canonical catalogue,disconnected,"2x[[60,4]]",True,TC-ee0ff3bf1c,1,campaign catalogue,css-small,parent presentation,CS-183fa7f4; CS-3aa743db,,normalized direct evidence: exact methods H; certified lower 3 (H); supported upper 3 (H); estimated endpoint 3 (B),results/weight5_publication_catalogue.jsonl,"$[[120,8,3]]$"
current_css_w5,current,CSS,5,120,8,4,4,4,,True,exact,E,E,4,4,,True,0.0666666666667,1.06666666667,1.06666666667,,5,False,False,False,False,False,False,False,False,superseded by complete component-canonical catalogue,disconnected,"2x[[60,4]]",True,TC-20257ee1e6; TC-4695ad0c3d; TC-6ee7f4036c,3,campaign catalogue,css-small,parent presentation,CS-139f4bc6; CS-35bf8221; CS-3a584232; CS-ab5fa0e9; CS-f0816ca6,,normalized direct evidence: exact methods H; certified lower 4 (H); supported upper 4 (H); estimated endpoint 4 (B),results/weight5_publication_catalogue.jsonl,"$[[120,8,4]]$"
current_css_w5,current,CSS,5,120,8,5,5,5,,True,exact,E,E,5,5,,True,0.0666666666667,1.66666666667,1.66666666667,,12,False,False,False,False,False,False,False,False,superseded by complete component-canonical catalogue,disconnected,"2x[[60,4]]",True,TC-5dad79baec; TC-6620c8b15b; TC-6e7e5487e6; TC-6ffbaf06a7; TC-864a44e9df; TC-fb5dd6a75a,6,campaign catalogue,css-small,parent presentation,CS-1363c9b9; CS-2aa84247; CS-373a98a4; CS-49a65af6; CS-56984308; CS-654080d0; CS-75b1d537; CS-81c206b7; CS-ba902f48; CS-f0ceea98; CS-fc4dc8ca; CS-ff5ab961,,normalized direct evidence: exact methods L4+W; certified lower 5 (L4); supported upper 5 (W); estimated endpoint 5 (B),results/weight5_publication_catalogue.jsonl,"$[[120,8,5]]$"
current_css_w5,current,CSS,5,120,8,5,5,5,,True,exact,E,E,5,5,,True,0.0666666666667,1.66666666667,1.66666666667,,5,False,False,False,False,False,False,False,False,superseded by complete component-canonical catalogue,connected,connected,True,TC-49eefbbf64; TC-bc3cd9f34b; TC-dbc223fbb1,3,campaign catalogue,css-small,parent presentation,CS-461d5f82; CS-48842317; CS-83ce21aa; CS-95b2af5c; CS-999229aa,,normalized direct evidence: exact methods L4+W; certified lower 5 (L4); supported upper 5 (W); estimated endpoint 5 (B),results/weight5_publication_catalogue.jsonl,"$[[120,8,5]]$"
current_css_w5,current,CSS,5,120,8,6,5,,6,False,interval,C,C,5,,6,False,0.0666666666667,2.4,,2.4,4,False,False,False,False,False,False,False,False,distance not exact,disconnected,"2x[[60,4]]",True,TC-087897144a; TC-597a2c86b8; TC-cac2dcce18,3,campaign catalogue,css-small,parent presentation,CS-631b0ba5; CS-960aef72; CS-eebac675; CS-f5976984,,normalized direct evidence: certified lower 5 (L4); estimated endpoint 6 (B),results/weight5_publication_catalogue.jsonl,"$[[120,8,d\geq 5;\ \widehat d=6]]$"
current_css_w5,current,CSS,5,120,8,7,5,,7,False,interval,C,C,5,,6,False,0.0666666666667,3.26666666667,,3.26666666667,2,False,False,False,False,False,False,False,False,distance not exact,disconnected,"2x[[60,4]]",True,TC-597a2c86b8,1,campaign catalogue,css-small,parent presentation,CS-4ae19507; CS-5a34992e,,normalized direct evidence: certified lower 5 (L4); estimated endpoint 7 (B),results/weight5_publication_catalogue.jsonl,"$[[120,8,d\geq 5;\ \widehat d=7]]$"
current_css_w5,current,CSS,5,120,8,7,5,,7,False,interval,C,C,5,,7,False,0.0666666666667,3.26666666667,,3.26666666667,5,False,False,False,False,False,False,False,False,distance not exact,disconnected,"2x[[60,4]]",True,TC-38f7f3d544; TC-4fe7d7a5bc; TC-ff962b2ab4,3,campaign catalogue,css-small,parent presentation,CS-5f82ded4; CS-6e16773b; CS-827fce14; CS-e4e197cc; CS-f124d238,,"normalized direct evidence: certified lower 5 (L4); estimated endpoint 7 (B); normalized direct evidence: certified lower 5 (L4); estimated endpoint 7 (B), 8 (B)",results/weight5_publication_catalogue.jsonl,"$[[120,8,d\geq 5;\ \widehat d=7]]$"
current_css_w5,current,CSS,5,120,8,8,5,,8,False,interval,C,C,5,,8,False,0.0666666666667,4.26666666667,,4.26666666667,3,False,False,False,False,False,False,False,False,distance not exact,disconnected,"2x[[60,4]]",True,TC-bc8e0f99a0,1,campaign catalogue,css-small,parent presentation,CS-61381a4d; CS-9fd3ef63; CS-b26c58fb,,normalized direct evidence: certified lower 5 (L4); estimated endpoint 8 (B),results/weight5_publication_catalogue.jsonl,"$[[120,8,d\geq 5;\ \widehat d=8]]$"
current_css_w5,current,CSS,5,120,8,8,5,,8,False,interval,C,C,5,,7,False,0.0666666666667,4.26666666667,,4.26666666667,2,False,False,False,False,False,False,False,False,distance not exact,disconnected,"2x[[60,4]]",True,TC-38f7f3d544; TC-4fe7d7a5bc,2,campaign catalogue,css-small,parent presentation,CS-b1622590; CS-c6d700d2,,normalized direct evidence: certified lower 5 (L4); estimated endpoint 8 (B),results/weight5_publication_catalogue.jsonl,"$[[120,8,d\geq 5;\ \widehat d=8]]$"
current_css_w5,current,CSS,5,120,16,3,3,3,,True,exact,E,E,3,3,,True,0.133333333333,1.2,1.2,,1,False,False,False,False,False,False,False,False,superseded by complete component-canonical catalogue,disconnected,"4x[[30,4]]",True,TC-52bd8a311a,1,campaign catalogue,css-small,parent presentation,CS-c600e4d1,,"normalized direct evidence: exact methods H; certified lower 3 (H); supported upper 3 (H), 3 (W); estimated endpoint 3 (B), 5 (B), 6 (B), 7 (B), 8 (B), 9 (B)",results/weight5_publication_catalogue.jsonl,"$[[120,16,3]]$"
current_css_w5,current,CSS,5,120,16,4,4,4,,True,exact,E,E,4,4,,True,0.133333333333,2.13333333333,2.13333333333,,2,False,False,False,False,False,False,False,False,superseded by complete component-canonical catalogue,disconnected,"4x[[30,4]]",True,TC-4100fd6095,1,campaign catalogue,css-small,parent presentation,CS-8146fb41; CS-9dfccec1,,"normalized direct evidence: exact methods H; certified lower 4 (H); supported upper 4 (H), 4 (W); estimated endpoint 8 (B); normalized direct evidence: exact methods H; certified lower 4 (H); supported upper 4 (H); estimated endpoint 5 (B)",results/weight5_publication_catalogue.jsonl,"$[[120,16,4]]$"
current_css_w5,current,CSS,5,120,16,5,5,5,,True,exact,E,E,5,5,,True,0.133333333333,3.33333333333,3.33333333333,,1,False,False,False,False,False,False,False,False,superseded by complete component-canonical catalogue,disconnected,"4x[[30,4]]",True,TC-f3e4419bef,1,campaign catalogue,css-small,parent presentation,CS-435681c1,,"normalized direct evidence: exact methods M; certified lower 5 (M); supported upper 5 (M); estimated endpoint 5 (B), 6 (B), 7 (B), 10 (B)",results/weight5_publication_catalogue.jsonl,"$[[120,16,5]]$"
current_css_w5,current,CSS,5,162,4,3,3,3,,True,exact,E,E,3,3,,True,0.0246913580247,0.222222222222,0.222222222222,,9,False,False,False,False,False,False,False,False,superseded by complete component-canonical catalogue,connected,connected,True,TC-27c48d711f; TC-ccb0e5aaef,2,campaign catalogue,css-small,parent presentation,CS-4f70cb6a; CS-57124862; CS-83c45948; CS-8672e923; CS-892b4e2d; CS-a4ab3427; CS-acb810ff; CS-b50a397b; CS-dee1f3c3,,normalized direct evidence: exact methods H; certified lower 3 (H); supported upper 3 (H); estimated endpoint 3 (B),results/weight5_publication_catalogue.jsonl,"$[[162,4,3]]$"
current_css_w5,current,CSS,5,162,4,6,5,,6,False,interval,C,C,5,,6,False,0.0246913580247,0.888888888889,,0.888888888889,7,False,False,False,False,False,False,False,False,distance not exact,connected,connected,True,TC-3b050cdf7c,1,campaign catalogue,css-small,parent presentation,CS-166b4744; CS-48697989; CS-ab92a51e; CS-d272cf8a; CS-dd97f848; CS-ecf74512; CS-f57add04,,normalized direct evidence: certified lower 5 (L4); estimated endpoint 6 (B),results/weight5_publication_catalogue.jsonl,"$[[162,4,d\geq 5;\ \widehat d=6]]$"
current_css_w5,current,CSS,5,162,4,9,5,,9,False,interval,C,C,5,,6,False,0.0246913580247,2,,2,1,False,False,False,False,False,False,False,False,distance not exact,connected,connected,True,TC-3b050cdf7c,1,campaign catalogue,css-small,parent presentation,CS-000c990b,,normalized direct evidence: certified lower 5 (L4); estimated endpoint 9 (B),results/weight5_publication_catalogue.jsonl,"$[[162,4,d\geq 5;\ \widehat d=9]]$"
current_css_w5,current,CSS,5,162,4,9,5,,9,False,interval,C,C,5,9,,True,0.0246913580247,2,,2,21,False,False,False,False,False,False,False,False,distance not exact,connected,connected,True,TC-1026f88e35,1,campaign catalogue,css-small,parent presentation,CS-0a81f585; CS-11e3ca37; CS-1e458803; CS-2a80db64; CS-309cdc56; CS-40311390; CS-4801cd6c; CS-5905f6bc; CS-591f3cac; CS-61693099; CS-6550518f; CS-69115335; CS-6a8640f3; CS-9132be59; CS-96c9d6be; CS-b5817c0a; CS-b9115258; CS-bac619d7; CS-e95402fe; CS-f288c001; CS-f58fb478,,normalized direct evidence: certified lower 5 (L4); estimated endpoint 9 (B),results/weight5_publication_catalogue.jsonl,"$[[162,4,d\geq 5;\ \widehat d=9]]$"
current_css_w5,current,CSS,5,162,4,9,5,,9,False,interval,C,C,5,,9,False,0.0246913580247,2,,2,39,False,False,False,False,False,False,False,False,distance not exact,connected,connected,True,TC-306c5045da; TC-9fad5e5bea; TC-eb545e8cc1,3,campaign catalogue,css-small,parent presentation,CS-1a7ed710; CS-1b5a6202; CS-29a56c86; CS-29d5921c; CS-2a12959c; CS-2ab432a4; CS-2ad99601; CS-2b72853d; CS-2f8067ab; CS-3a00fe9f; CS-3abc4ba2; CS-468625d1; CS-4917ae69; CS-4a4b5601; CS-4bde096c; CS-549aec54; CS-5de343a5; CS-6d95b800; CS-6f207202; CS-7a2ffd11; CS-8a165abf; CS-96e9a923; CS-9d36e73c; CS-9f7f8775; CS-a3558af1; CS-a662f9d9; CS-aa176039; CS-abbcbd1f; CS-bacdf83d; CS-bb58b1ff; CS-bbc56c79; CS-c1a4a129; CS-c5f5ab7d; CS-d4c63eaa; CS-d8da9663; CS-ebcf95a3; CS-edb743e3; CS-ee44c84e; CS-f7761ab1,,normalized direct evidence: certified lower 5 (L4); estimated endpoint 9 (B),results/weight5_publication_catalogue.jsonl,"$[[162,4,d\geq 5;\ \widehat d=9]]$"
current_css_w5,current,CSS,5,162,4,9,5,9,,True,interval,C,C,5,9,,True,0.0246913580247,2,2,,1,False,False,False,False,False,False,False,False,distance not exact,connected,connected,True,TC-1026f88e35,1,campaign catalogue,css-small,parent presentation,CS-22b9dba0,,normalized direct evidence: certified lower 5 (L4); supported upper 9 (W); estimated endpoint 14 (B),results/weight5_publication_catalogue.jsonl,"$[[162,4,5\leq d\leq 9]]$"
current_css_w5,current,CSS,5,162,4,12,5,,12,False,interval,C,C,5,,6,False,0.0246913580247,3.55555555556,,3.55555555556,1,False,False,False,False,False,False,False,False,distance not exact,connected,connected,True,TC-3b050cdf7c,1,campaign catalogue,css-small,parent presentation,CS-3d7b9dda,,normalized direct evidence: certified lower 5 (L4); estimated endpoint 12 (B),results/weight5_publication_catalogue.jsonl,"$[[162,4,d\geq 5;\ \widehat d=12]]$"
current_css_w5,current,CSS,5,162,4,13,5,,13,False,interval,C,C,5,,9,False,0.0246913580247,4.17283950617,,4.17283950617,3,False,False,False,False,False,False,False,False,distance not exact,connected,connected,True,TC-9fad5e5bea; TC-eb545e8cc1,2,campaign catalogue,css-small,parent presentation,CS-5cdbb079; CS-836c6998; CS-daee6552,,normalized direct evidence: certified lower 5 (L4); estimated endpoint 13 (B),results/weight5_publication_catalogue.jsonl,"$[[162,4,d\geq 5;\ \widehat d=13]]$"
current_css_w5,current,CSS,5,162,4,13,5,,13,False,interval,C,C,5,9,,True,0.0246913580247,4.17283950617,,4.17283950617,1,False,False,False,False,False,False,False,False,distance not exact,connected,connected,True,TC-1026f88e35,1,campaign catalogue,css-small,parent presentation,CS-bf90a085,,normalized direct evidence: certified lower 5 (L4); estimated endpoint 13 (B),results/weight5_publication_catalogue.jsonl,"$[[162,4,d\geq 5;\ \widehat d=13]]$"
current_css_w5,current,CSS,5,162,4,14,5,,14,False,interval,C,C,5,,9,False,0.0246913580247,4.83950617284,,4.83950617284,3,False,False,False,False,False,False,False,False,distance not exact,connected,connected,True,TC-9fad5e5bea; TC-eb545e8cc1,2,campaign catalogue,css-small,parent presentation,CS-90ac1902; CS-ad484a0e; CS-c2523966,,normalized direct evidence: certified lower 5 (L4); estimated endpoint 14 (B),results/weight5_publication_catalogue.jsonl,"$[[162,4,d\geq 5;\ \widehat d=14]]$"
current_css_w5,current,CSS,5,162,12,3,3,3,,True,exact,E,E,3,3,,True,0.0740740740741,0.666666666667,0.666666666667,,10,False,False,False,False,False,False,False,False,superseded by complete component-canonical catalogue,disconnected,"3x[[54,4]]",True,TC-0e6a6a0307; TC-0f1aa4c7a6; TC-491687b0c5; TC-860fe73417,4,campaign catalogue,css-small,parent presentation,CS-47731b90; CS-4dd38060; CS-52200a16; CS-52e7ba0e; CS-615a8fd3; CS-a6051954; CS-a8c58a3b; CS-c5681bf5; CS-f5cfd10f; CS-fb456ca8,,"normalized direct evidence: exact methods H; certified lower 3 (H); supported upper 3 (H); estimated endpoint 3 (B); normalized direct evidence: exact methods H; certified lower 3 (H); supported upper 3 (H); estimated endpoint 3 (B), 6 (B); normalized direct evidence: exact methods H; certified lower 3 (H); supported upper 3 (H); estimated endpoint 6 (B)",results/weight5_publication_catalogue.jsonl,"$[[162,12,3]]$"
current_css_w5,current,CSS,5,162,12,4,4,4,,True,exact,E,E,4,4,,True,0.0740740740741,1.18518518519,1.18518518519,,2,False,False,False,False,False,False,False,False,superseded by complete component-canonical catalogue,disconnected,"3x[[54,4]]",True,TC-f67fa335ab,1,campaign catalogue,css-small,parent presentation,CS-0b911359; CS-df3ce049,,"normalized direct evidence: exact methods H; certified lower 4 (H); supported upper 4 (H); estimated endpoint 4 (B), 5 (B), 8 (B); normalized direct evidence: exact methods H; certified lower 4 (H); supported upper 4 (H); estimated endpoint 5 (B)",results/weight5_publication_catalogue.jsonl,"$[[162,12,4]]$"
current_css_w5,current,CSS,5,162,12,5,5,5,,True,exact,E,E,5,5,,True,0.0740740740741,1.85185185185,1.85185185185,,2,False,False,False,False,False,False,False,False,superseded by complete component-canonical catalogue,disconnected,"3x[[54,4]]",True,TC-f8ffad8e96,1,campaign catalogue,css-small,parent presentation,CS-7701034d; CS-dc117df8,,"normalized direct evidence: exact methods L4+W; certified lower 5 (L4); supported upper 5 (W); estimated endpoint 5 (B); normalized direct evidence: exact methods L4+W; certified lower 5 (L4); supported upper 5 (W); estimated endpoint 5 (B), 6 (B)",results/weight5_publication_catalogue.jsonl,"$[[162,12,5]]$"
current_css_w5,current,CSS,5,162,12,6,6,6,,True,exact,E,E,6,6,,True,0.0740740740741,2.66666666667,2.66666666667,,4,False,False,False,False,False,False,False,False,superseded by complete component-canonical catalogue,disconnected,"3x[[54,4]]",True,TC-1080b8c860; TC-c624184f25; TC-f975bb5ae2,3,campaign catalogue,css-small,parent presentation,CS-0c92ab37; CS-0e4d0ef4; CS-5aa2af5d; CS-ed9ea89a,,"normalized direct evidence: exact methods M; certified lower 6 (M); supported upper 6 (M); estimated endpoint 6 (B), 7 (B), 9 (B); normalized direct evidence: exact methods M; certified lower 6 (M); supported upper 6 (M); estimated endpoint 6 (B), 9 (B); normalized direct evidence: exact methods M; certified lower 6 (M); supported upper 6 (M); estimated endpoint 9 (B)",results/weight5_publication_catalogue.jsonl,"$[[162,12,6]]$"
current_css_w5,current,CSS,5,162,12,6,5,,6,False,interval,C,E,6,6,,True,0.0740740740741,2.66666666667,,2.66666666667,15,False,False,False,False,False,False,False,False,distance not exact,disconnected,"3x[[54,4]]",True,TC-1080b8c860; TC-c624184f25; TC-f975bb5ae2,3,campaign catalogue,css-small,parent presentation,CS-3e385a2f; CS-4f82636c; CS-766a79b8; CS-78838dd5; CS-8367793c; CS-85b036e7; CS-929021ff; CS-98c3dcc5; CS-9b5d54bf; CS-a99e1b35; CS-b21878a6; CS-bc57e3bb; CS-ca862d04; CS-cd3a1f8b; CS-e6c3d6f7,,"normalized direct evidence: certified lower 5 (L4); estimated endpoint 6 (B); normalized direct evidence: certified lower 5 (L4); estimated endpoint 6 (B), 7 (B); normalized direct evidence: certified lower 5 (L4); estimated endpoint 6 (B), 7 (B), 8 (B)",results/weight5_publication_catalogue.jsonl,"$[[162,12,d\geq 5;\ \widehat d=6]]$"
current_css_w5,current,CSS,5,162,12,6,5,,6,False,interval,C,E,5,5,,True,0.0740740740741,2.66666666667,,2.66666666667,1,False,False,False,False,False,False,False,False,distance not exact,disconnected,"3x[[54,4]]",True,TC-f8ffad8e96,1,campaign catalogue,css-small,parent presentation,CS-6eaa2f94,,normalized direct evidence: certified lower 5 (L4); estimated endpoint 6 (B),results/weight5_publication_catalogue.jsonl,"$[[162,12,d\geq 5;\ \widehat d=6]]$"
current_css_w5,current,CSS,5,162,12,7,5,,7,False,interval,C,E,6,6,,True,0.0740740740741,3.62962962963,,3.62962962963,2,False,False,False,False,False,False,False,False,distance not exact,disconnected,"3x[[54,4]]",True,TC-1080b8c860; TC-c624184f25,2,campaign catalogue,css-small,parent presentation,CS-18882b71; CS-a86a3fa0,,normalized direct evidence: certified lower 5 (L4); estimated endpoint 7 (B),results/weight5_publication_catalogue.jsonl,"$[[162,12,d\geq 5;\ \widehat d=7]]$"
current_css_w5,current,CSS,5,180,4,3,3,3,,True,exact,E,E,3,3,,True,0.0222222222222,0.2,0.2,,6,False,False,False,False,False,False,False,False,superseded by complete component-canonical catalogue,connected,connected,True,TC-073e329a8d; TC-2a50a25ae9; TC-473b44b64b; TC-a2d62471a8; TC-bd87ec6536,5,campaign catalogue,css-small,parent presentation,CS-101586ac; CS-4f746110; CS-70b8f4ec; CS-7934812b; CS-cc0df40f; CS-d501d19e,,normalized direct evidence: exact methods H; certified lower 3 (H); supported upper 3 (H); estimated endpoint 3 (B),results/weight5_publication_catalogue.jsonl,"$[[180,4,3]]$"
current_css_w5,current,CSS,5,180,4,5,5,5,,True,exact,E,E,5,5,,True,0.0222222222222,0.555555555556,0.555555555556,,11,False,False,False,False,False,False,False,False,superseded by complete component-canonical catalogue,connected,connected,True,TC-2e7ad24f88; TC-5f4c7fab4d; TC-7db27f08c2; TC-a565a6ea72; TC-aa67f3ac19; TC-ae668ad8bb; TC-dfaf1ac078; TC-f86fffb2d2,8,campaign catalogue,css-small,parent presentation,CS-02441504; CS-0f220f7a; CS-21e1c012; CS-4a07bbcc; CS-64d66132; CS-67685e6f; CS-6cecbcd3; CS-712a2f67; CS-98bca4ef; CS-c73a5314; CS-fcc9d58d,,normalized direct evidence: exact methods L4+W; certified lower 5 (L4); supported upper 5 (W); estimated endpoint 5 (B),results/weight5_publication_catalogue.jsonl,"$[[180,4,5]]$"
current_css_w5,current,CSS,5,180,4,6,5,,6,False,interval,C,C,5,,6,False,0.0222222222222,0.8,,0.8,15,False,False,False,False,False,False,False,False,distance not exact,connected,connected,True,TC-009d278f71; TC-1910490fc6; TC-54c5c4a76f; TC-68df986021; TC-799438c595; TC-a64515227b; TC-da49e84a74; TC-dfa9219d7b,8,campaign catalogue,css-small,parent presentation,CS-237fb0ad; CS-2c036c5a; CS-2c2a34da; CS-35caf315; CS-4480c730; CS-564cec98; CS-652bb7cb; CS-6be91ab3; CS-6c8c0afc; CS-7f373af2; CS-8c90924a; CS-93b84d28; CS-9e4d1df4; CS-e9306662; CS-ea6eb3b1,,normalized direct evidence: certified lower 5 (L4); estimated endpoint 6 (B),results/weight5_publication_catalogue.jsonl,"$[[180,4,d\geq 5;\ \widehat d=6]]$"
current_css_w5,current,CSS,5,180,4,7,5,,7,False,interval,C,C,5,,7,False,0.0222222222222,1.08888888889,,1.08888888889,2,False,False,False,False,False,False,False,False,distance not exact,connected,connected,True,TC-8af1d9acb5,1,campaign catalogue,css-small,parent presentation,CS-7c4decca; CS-91e816dd,,normalized direct evidence: certified lower 5 (L4); estimated endpoint 7 (B),results/weight5_publication_catalogue.jsonl,"$[[180,4,d\geq 5;\ \widehat d=7]]$"
current_css_w5,current,CSS,5,180,4,8,5,,8,False,interval,C,C,5,,8,False,0.0222222222222,1.42222222222,,1.42222222222,1,False,False,False,False,False,False,False,False,distance not exact,connected,connected,True,TC-1d33858ecb,1,campaign catalogue,css-small,parent presentation,CS-192b33e7,,normalized direct evidence: certified lower 5 (L4); estimated endpoint 8 (B),results/weight5_publication_catalogue.jsonl,"$[[180,4,d\geq 5;\ \widehat d=8]]$"
current_css_w5,current,CSS,5,180,4,9,5,,9,False,interval,C,C,5,,9,False,0.0222222222222,1.8,,1.8,5,False,False,False,False,False,False,False,False,distance not exact,connected,connected,True,TC-af4e1f4ee3; TC-d4caf4b23f; TC-e60d067e9e; TC-fb1f3d8307,4,campaign catalogue,css-small,parent presentation,CS-436f137b; CS-53609662; CS-8590bd89; CS-93af0190; CS-efaba0b2,,normalized direct evidence: certified lower 5 (L4); estimated endpoint 9 (B),results/weight5_publication_catalogue.jsonl,"$[[180,4,d\geq 5;\ \widehat d=9]]$"
current_css_w5,current,CSS,5,180,4,10,5,,10,False,interval,C,C,5,,10,False,0.0222222222222,2.22222222222,,2.22222222222,20,False,False,False,False,False,False,False,False,distance not exact,connected,connected,True,TC-1c61f42746; TC-242ce111c9; TC-392465c597; TC-3f92ca55ed; TC-7263c42f51; TC-911584781b; TC-920194b6b2; TC-996364b308; TC-a08e85e341; TC-a0ebcc046a; TC-b4f57126fa; TC-bcf58b650a; TC-d53067a113; TC-e217b92324; TC-fbe954767c; TC-fce4243c11; TC-fe56aaf7ae,17,campaign catalogue,css-small,parent presentation,CS-07daf45c; CS-0bc90821; CS-10b07986; CS-17bc0f33; CS-1ce7d07e; CS-1d84a2a3; CS-202f136b; CS-3aa25daa; CS-3c1ae4ab; CS-3ff88cc4; CS-5ee45526; CS-74fea5e9; CS-879fb436; CS-af1af9aa; CS-ba416885; CS-bf795f70; CS-c1829d74; CS-e6c23694; CS-f946f80c; CS-fdc311e1,,normalized direct evidence: certified lower 5 (L4); estimated endpoint 10 (B),results/weight5_publication_catalogue.jsonl,"$[[180,4,d\geq 5;\ \widehat d=10]]$"
current_css_w5,current,CSS,5,180,4,11,5,,11,False,interval,C,C,5,,11,False,0.0222222222222,2.68888888889,,2.68888888889,7,False,False,False,False,False,False,False,False,distance not exact,connected,connected,True,TC-5092016f8c; TC-b212de1294; TC-b9f44b05cc; TC-cdc3fafdae; TC-f7e0114ce7,5,campaign catalogue,css-small,parent presentation,CS-00515ca4; CS-15eda68a; CS-33b930a7; CS-90366903; CS-adae6c1e; CS-b13425d8; CS-fa20271f,,normalized direct evidence: certified lower 5 (L4); estimated endpoint 11 (B),results/weight5_publication_catalogue.jsonl,"$[[180,4,d\geq 5;\ \widehat d=11]]$"
current_css_w5,current,CSS,5,180,4,11,5,,11,False,interval,C,C,5,,10,False,0.0222222222222,2.68888888889,,2.68888888889,1,False,False,False,False,False,False,False,False,distance not exact,connected,connected,True,TC-1c61f42746,1,campaign catalogue,css-small,parent presentation,CS-b09acff6,,normalized direct evidence: certified lower 5 (L4); estimated endpoint 11 (B),results/weight5_publication_catalogue.jsonl,"$[[180,4,d\geq 5;\ \widehat d=11]]$"
current_css_w5,current,CSS,5,180,4,12,5,,12,False,interval,C,C,5,,12,False,0.0222222222222,3.2,,3.2,13,False,False,False,False,False,False,False,False,distance not exact,connected,connected,True,TC-05735279fe; TC-10b1a517dc; TC-2597b67905; TC-3942ad76fd; TC-53d81dc9a1; TC-59c7bf2867; TC-5e78dfc37f; TC-9a24eb9b1b; TC-a924c7896b; TC-ac2e04bbf9; TC-d21508978b; TC-ed67f5ee64; TC-efd1f17ba4,13,campaign catalogue,css-small,parent presentation,CS-1646a2ea; CS-1a8512d1; CS-3ac0d487; CS-581178c7; CS-598df9f0; CS-5fbf36f7; CS-75e2b64e; CS-851ee57c; CS-abf6bdb6; CS-b1faded5; CS-c4be49cb; CS-ddbf7682; CS-fc37a8ea,,normalized direct evidence: certified lower 5 (L4); estimated endpoint 12 (B),results/weight5_publication_catalogue.jsonl,"$[[180,4,d\geq 5;\ \widehat d=12]]$"
current_css_w5,current,CSS,5,180,4,13,13,13,,True,exact,E,E,13,13,,True,0.0222222222222,3.75555555556,3.75555555556,,1,False,False,False,False,False,False,False,False,superseded by complete component-canonical catalogue,connected,connected,True,TC-46a296d0c2,1,campaign catalogue,css-small,parent presentation,CS-6a4be7ad,,normalized direct evidence: exact methods M; certified lower 13 (M); supported upper 13 (M); estimated endpoint 15 (B),results/weight5_publication_catalogue.jsonl,"$[[180,4,13]]$"
current_css_w5,current,CSS,5,180,4,13,5,,13,False,interval,C,C,5,,13,False,0.0222222222222,3.75555555556,,3.75555555556,8,False,False,False,False,False,False,False,False,distance not exact,connected,connected,True,TC-04d5307b59; TC-6e03e6b0c7; TC-8e6646d38b; TC-9ba7977bb1; TC-a8dedd13f1; TC-c18a1b34d7; TC-c49573e1bd; TC-fe8f46080d,8,campaign catalogue,css-small,parent presentation,CS-4c09b2cb; CS-56761fec; CS-6d15be47; CS-7e3ffbde; CS-89a9b5af; CS-ada32c2c; CS-c71b9786; CS-d1864182,,normalized direct evidence: certified lower 5 (L4); estimated endpoint 13 (B),results/weight5_publication_catalogue.jsonl,"$[[180,4,d\geq 5;\ \widehat d=13]]$"
current_css_w5,current,CSS,5,180,4,13,5,,13,False,interval,C,C,5,,10,False,0.0222222222222,3.75555555556,,3.75555555556,1,False,False,False,False,False,False,False,False,distance not exact,connected,connected,True,TC-fce4243c11,1,campaign catalogue,css-small,parent presentation,CS-7f731439,,normalized direct evidence: certified lower 5 (L4); estimated endpoint 13 (B),results/weight5_publication_catalogue.jsonl,"$[[180,4,d\geq 5;\ \widehat d=13]]$"
current_css_w5,current,CSS,5,180,4,14,14,14,,True,exact,E,E,14,14,,True,0.0222222222222,4.35555555556,4.35555555556,,1,False,False,False,False,False,False,False,False,superseded by complete component-canonical catalogue,connected,connected,True,TC-d9d0f8e575,1,campaign catalogue,css-small,parent presentation,CS-1530f6fa,,normalized direct evidence: exact methods M; certified lower 14 (M); supported upper 14 (M); estimated endpoint 15 (B),results/weight5_publication_catalogue.jsonl,"$[[180,4,14]]$"
current_css_w5,current,CSS,5,180,4,14,5,,14,False,interval,C,C,5,,11,False,0.0222222222222,4.35555555556,,4.35555555556,1,False,False,False,False,False,False,False,False,distance not exact,connected,connected,True,TC-5092016f8c,1,campaign catalogue,css-small,parent presentation,CS-0bdaa7ef,,normalized direct evidence: certified lower 5 (L4); estimated endpoint 14 (B),results/weight5_publication_catalogue.jsonl,"$[[180,4,d\geq 5;\ \widehat d=14]]$"
current_css_w5,current,CSS,5,180,4,14,5,,14,False,interval,C,C,5,,14,False,0.0222222222222,4.35555555556,,4.35555555556,6,False,False,False,False,False,False,False,False,distance not exact,connected,connected,True,TC-5e2e18d96e; TC-a6e9781207; TC-a9df1bc33a; TC-bbeac8aa97; TC-bebda0a901; TC-dfb9cfae85,6,campaign catalogue,css-small,parent presentation,CS-0d018ae6; CS-3c0c301f; CS-7a2dfee7; CS-80fb270b; CS-9e96e9b1; CS-e6cde6bd,,normalized direct evidence: certified lower 5 (L4); estimated endpoint 14 (B),results/weight5_publication_catalogue.jsonl,"$[[180,4,d\geq 5;\ \widehat d=14]]$"
current_css_w5,current,CSS,5,180,4,14,5,,14,False,interval,C,C,5,,12,False,0.0222222222222,4.35555555556,,4.35555555556,1,False,False,False,False,False,False,False,False,distance not exact,connected,connected,True,TC-ed67f5ee64,1,campaign catalogue,css-small,parent presentation,CS-8c50fa75,,normalized direct evidence: certified lower 5 (L4); estimated endpoint 14 (B),results/weight5_publication_catalogue.jsonl,"$[[180,4,d\geq 5;\ \widehat d=14]]$"
current_css_w5,current,CSS,5,180,8,3,3,3,,True,exact,E,E,3,3,,True,0.0444444444444,0.4,0.4,,2,False,False,False,False,False,False,False,False,superseded by complete component-canonical catalogue,disconnected,"2x[[90,4]]",True,TC-a9cfd20607; TC-b9eaefce3f,2,campaign catalogue,css-small,parent presentation,CS-69c61aee; CS-ab23b32b,,normalized direct evidence: exact methods H; certified lower 3 (H); supported upper 3 (H); estimated endpoint 3 (B),results/weight5_publication_catalogue.jsonl,"$[[180,8,3]]$"
current_css_w5,current,CSS,5,180,8,3,3,3,,True,exact,E,E,3,3,,True,0.0444444444444,0.4,0.4,,1,False,False,False,False,False,False,False,False,superseded by complete component-canonical catalogue,connected,connected,True,TC-7ac70b398b,1,campaign catalogue,css-small,parent presentation,CS-7223b27c,,normalized direct evidence: exact methods H; certified lower 3 (H); supported upper 3 (H); estimated endpoint 3 (B),results/weight5_publication_catalogue.jsonl,"$[[180,8,3]]$"
current_css_w5,current,CSS,5,180,8,4,4,4,,True,exact,E,E,4,4,,True,0.0444444444444,0.711111111111,0.711111111111,,1,False,False,False,False,False,False,False,False,superseded by complete component-canonical catalogue,disconnected,"2x[[90,4]]",True,TC-ac4d5fa5aa,1,campaign catalogue,css-small,parent presentation,CS-54e115ab,,normalized direct evidence: exact methods H; certified lower 4 (H); supported upper 4 (H); estimated endpoint 4 (B),results/weight5_publication_catalogue.jsonl,"$[[180,8,4]]$"
current_css_w5,current,CSS,5,180,8,5,5,5,,True,exact,E,E,5,5,,True,0.0444444444444,1.11111111111,1.11111111111,,8,False,False,False,False,False,False,False,False,superseded by complete component-canonical catalogue,disconnected,"2x[[90,4]]",True,TC-7702a588e0; TC-7b6b7bfc5a; TC-8ed09c1721; TC-9e55544b35; TC-bd6c23ad73; TC-dfca79fc19; TC-fe24716dd2,7,campaign catalogue,css-small,parent presentation,CS-0893ef17; CS-2d69d929; CS-770cc2a8; CS-8ca0927a; CS-a6d60d3d; CS-accf4ce7; CS-c29564a1; CS-de1d2921,,normalized direct evidence: exact methods L4+W; certified lower 5 (L4); supported upper 5 (W); estimated endpoint 5 (B),results/weight5_publication_catalogue.jsonl,"$[[180,8,5]]$"
current_css_w5,current,CSS,5,180,8,6,5,,6,False,interval,C,C,5,,6,False,0.0444444444444,1.6,,1.6,10,False,False,False,False,False,False,False,False,distance not exact,connected,connected,True,TC-12b21791b8; TC-2458f38d96; TC-4e952a5d95; TC-d8bfcd04fb,4,campaign catalogue,css-small,parent presentation,CS-0bd3fc2a; CS-1062c49e; CS-6bc68974; CS-71391b20; CS-77a004c8; CS-845f1514; CS-8f0d3c0a; CS-bac37e38; CS-ceda6f39; CS-f496bbbe,,normalized direct evidence: certified lower 5 (L4); estimated endpoint 6 (B),results/weight5_publication_catalogue.jsonl,"$[[180,8,d\geq 5;\ \widehat d=6]]$"
current_css_w5,current,CSS,5,180,8,6,5,,6,False,interval,C,E,5,5,,True,0.0444444444444,1.6,,1.6,1,False,False,False,False,False,False,False,False,distance not exact,disconnected,"2x[[90,4]]",True,TC-7b6b7bfc5a,1,campaign catalogue,css-small,parent presentation,CS-2c0066a4,,normalized direct evidence: certified lower 5 (L4); estimated endpoint 6 (B),results/weight5_publication_catalogue.jsonl,"$[[180,8,d\geq 5;\ \widehat d=6]]$"
current_css_w5,current,CSS,5,180,8,6,5,,6,False,interval,C,C,5,,6,False,0.0444444444444,1.6,,1.6,2,False,False,False,False,False,False,False,False,distance not exact,disconnected,"2x[[90,4]]",True,TC-c20647ba42; TC-ee0ebc50be,2,campaign catalogue,css-small,parent presentation,CS-36a5bff0; CS-fe2ca145,,"normalized direct evidence: certified lower 5 (L4); estimated endpoint 6 (B); normalized direct evidence: certified lower 5 (L4); estimated endpoint 6 (B), 7 (B)",results/weight5_publication_catalogue.jsonl,"$[[180,8,d\geq 5;\ \widehat d=6]]$"
current_css_w5,current,CSS,5,180,8,7,5,,7,False,interval,C,C,5,,7,False,0.0444444444444,2.17777777778,,2.17777777778,1,False,False,False,False,False,False,False,False,distance not exact,disconnected,"2x[[90,4]]",True,TC-dd06a6ec4c,1,campaign catalogue,css-small,parent presentation,CS-b7fe6960,,normalized direct evidence: certified lower 5 (L4); estimated endpoint 7 (B),results/weight5_publication_catalogue.jsonl,"$[[180,8,d\geq 5;\ \widehat d=7]]$"
current_css_w5,current,CSS,5,180,8,8,5,,8,False,interval,C,C,5,,8,False,0.0444444444444,2.84444444444,,2.84444444444,1,False,False,False,False,False,False,False,False,distance not exact,disconnected,"2x[[90,4]]",True,TC-9e12e1ea21,1,campaign catalogue,css-small,parent presentation,CS-b6830444,,normalized direct evidence: certified lower 5 (L4); estimated endpoint 8 (B),results/weight5_publication_catalogue.jsonl,"$[[180,8,d\geq 5;\ \widehat d=8]]$"
current_css_w5,current,CSS,5,180,8,9,9,9,,True,exact,E,E,9,9,,True,0.0444444444444,3.6,3.6,,1,False,False,False,False,False,False,False,False,superseded by complete component-canonical catalogue,disconnected,"2x[[90,4]]",True,TC-9c0e3b3f5e,1,campaign catalogue,css-small,parent presentation,CS-d473da9b,,"normalized direct evidence: exact methods M; certified lower 9 (M); supported upper 9 (M); estimated endpoint 9 (B), 10 (B), 11 (B)",results/weight5_publication_catalogue.jsonl,"$[[180,8,9]]$"
current_css_w5,current,CSS,5,180,8,9,5,,9,False,interval,C,E,5,5,,True,0.0444444444444,3.6,,3.6,1,False,False,False,False,False,False,False,False,distance not exact,disconnected,"2x[[90,4]]",True,TC-dfca79fc19,1,campaign catalogue,css-small,parent presentation,CS-a24f8c4e,,normalized direct evidence: certified lower 5 (L4); estimated endpoint 9 (B),results/weight5_publication_catalogue.jsonl,"$[[180,8,d\geq 5;\ \widehat d=9]]$"
current_css_w5,current,CSS,5,180,12,4,4,4,,True,exact,E,E,4,4,,True,0.0666666666667,1.06666666667,1.06666666667,,2,False,False,False,False,False,False,False,False,superseded by complete component-canonical catalogue,disconnected,"3x[[60,4]]",True,TC-0794b7e109; TC-70483ca90e,2,campaign catalogue,css-small,parent presentation,CS-359b0899; CS-cc25cf74,,"normalized direct evidence: exact methods H; certified lower 4 (H); supported upper 4 (H); estimated endpoint 4 (B); normalized direct evidence: exact methods H; certified lower 4 (H); supported upper 4 (H); estimated endpoint 4 (B), 5 (B), 7 (B), 8 (B)",results/weight5_publication_catalogue.jsonl,"$[[180,12,4]]$"
current_css_w5,current,CSS,5,180,12,5,5,5,,True,exact,E,E,5,5,,True,0.0666666666667,1.66666666667,1.66666666667,,2,False,False,False,False,False,False,False,False,superseded by complete component-canonical catalogue,disconnected,"3x[[60,4]]",True,TC-62e705ff53; TC-bba4643272,2,campaign catalogue,css-small,parent presentation,CS-6d6a31f9; CS-c4765355,,"normalized direct evidence: exact methods L4+W; certified lower 5 (L4); supported upper 5 (W); estimated endpoint 5 (B), 8 (B); normalized direct evidence: exact methods M; certified lower 5 (M); supported upper 5 (M); estimated endpoint 5 (B), 7 (B), 8 (B), 9 (B)",results/weight5_publication_catalogue.jsonl,"$[[180,12,5]]$"
current_css_w5,current,CSS,5,180,12,8,5,,8,False,interval,C,C,5,,8,False,0.0666666666667,4.26666666667,,4.26666666667,2,False,False,False,False,False,False,False,False,distance not exact,disconnected,"3x[[60,4]]",True,TC-63d40c86ab; TC-a98f3889ef,2,campaign catalogue,css-small,parent presentation,CS-1eaea74d; CS-265c73ea,,normalized direct evidence: certified lower 5 (L4); estimated endpoint 8 (B),results/weight5_publication_catalogue.jsonl,"$[[180,12,d\geq 5;\ \widehat d=8]]$"
current_css_w5,current,CSS,5,180,16,3,3,3,,True,exact,E,E,3,3,,True,0.0888888888889,0.8,0.8,,2,False,False,False,False,False,False,False,False,superseded by complete component-canonical catalogue,disconnected,"2x[[90,8]]",True,TC-1b6dc01827,1,campaign catalogue,css-small,parent presentation,CS-091bd1b5; CS-4496a7f0,,"normalized direct evidence: exact methods H; certified lower 3 (H); supported upper 3 (H); estimated endpoint 3 (B), 6 (B)",results/weight5_publication_catalogue.jsonl,"$[[180,16,3]]$"
current_css_w5,current,CSS,5,180,20,5,5,5,,True,exact,E,E,5,5,,True,0.111111111111,2.77777777778,2.77777777778,,1,False,False,False,False,False,False,False,False,superseded by complete component-canonical catalogue,disconnected,"5x[[36,4]]",True,TC-0b6fcb0920,1,campaign catalogue,css-small,parent presentation,CS-31aff634,,"normalized direct evidence: exact methods M; certified lower 5 (M); supported upper 5 (M); estimated endpoint 5 (B), 7 (B), 10 (B), 13 (B), 14 (B), 15 (B), 16 (B), 17 (B), 18 (B)",results/weight5_publication_catalogue.jsonl,"$[[180,20,5]]$"
current_css_w5,current,CSS,5,180,24,3,3,3,,True,exact,E,E,3,3,,True,0.133333333333,1.2,1.2,,2,False,False,False,False,False,False,False,False,superseded by complete component-canonical catalogue,disconnected,"6x[[30,4]]",True,TC-2e1d74ed6a,1,campaign catalogue,css-small,parent presentation,CS-1a073225; CS-fb880f70,,"normalized direct evidence: exact methods H; certified lower 3 (H); supported upper 3 (H), 3 (W); estimated endpoint 14 (B); normalized direct evidence: exact methods H; certified lower 3 (H); supported upper 3 (H), 4 (W); estimated endpoint 16 (B)",results/weight5_publication_catalogue.jsonl,"$[[180,24,3]]$"
current_css_w5,current,CSS,5,180,24,5,5,5,,True,exact,E,E,5,5,,True,0.133333333333,3.33333333333,3.33333333333,,1,False,False,False,False,False,False,False,False,superseded by complete component-canonical catalogue,disconnected,"6x[[30,4]]",True,TC-3c4348cf5b,1,campaign catalogue,css-small,parent presentation,CS-6a1b1dfe,,"normalized direct evidence: exact methods M; certified lower 5 (M); supported upper 5 (M); estimated endpoint 6 (B), 10 (B), 11 (B), 12 (B), 13 (B), 14 (B), 15 (B), 16 (B), 17 (B), 18 (B), 19 (B), 20 (B), 21 (B)",results/weight5_publication_catalogue.jsonl,"$[[180,24,5]]$"
current_css_w5,current,CSS,5,384,4,4,4,4,,True,exact,E,E,4,4,,True,0.0104166666667,0.166666666667,0.166666666667,,11,False,False,False,False,False,False,False,False,superseded by complete component-canonical catalogue,connected,connected,True,TC-3cc3f19eec; TC-62ae1491a9; TC-b5f0ddcb77; TC-d34ddb5aa8; TC-f8119d4c65; TC-ff6c7cd9ae,6,campaign catalogue,css-large,parent presentation,CL-387ff10e; CL-3a2ea8c7; CL-3bdd5f4a; CL-3db67857; CL-604a1049; CL-6e950816; CL-8d3eab41; CL-96f673ac; CL-c63d3c22; CL-dbf2f6a0; CL-eca6b561,,normalized direct evidence: exact methods H; certified lower 4 (H); supported upper 4 (H); estimated endpoint 4 (B),results/weight5_publication_catalogue.jsonl,"$[[384,4,4]]$"
current_css_w5,current,CSS,5,384,4,8,5,,8,False,interval,C,C,5,,8,False,0.0104166666667,0.666666666667,,0.666666666667,15,False,False,False,False,False,False,False,False,distance not exact,connected,connected,True,TC-22c77a8e19; TC-3452de4bac; TC-3743c409cd; TC-4d1249ac2e; TC-6360b9797b; TC-65b67f52bb; TC-96d49324e3,7,campaign catalogue,css-large,parent presentation,CL-02dbb137; CL-1b76c9a2; CL-2102bdcd; CL-3230671f; CL-43a5c001; CL-45c62c8a; CL-4afd82a1; CL-4b72a999; CL-66156be7; CL-73e22fb3; CL-9b17db49; CL-a8cf2f26; CL-c4850a06; CL-cd20adf9; CL-d5c9c868,,normalized direct evidence: certified lower 5 (L4); estimated endpoint 8 (B),results/weight5_publication_catalogue.jsonl,"$[[384,4,d\geq 5;\ \widehat d=8]]$"
current_css_w5,current,CSS,5,384,4,12,5,,12,False,interval,C,C,5,,8,False,0.0104166666667,1.5,,1.5,1,False,False,False,False,False,False,False,False,distance not exact,connected,connected,True,TC-3452de4bac,1,campaign catalogue,css-large,parent presentation,CL-4b75f13a,,normalized direct evidence: certified lower 5 (L4); estimated endpoint 12 (B),results/weight5_publication_catalogue.jsonl,"$[[384,4,d\geq 5;\ \widehat d=12]]$"
current_css_w5,current,CSS,5,384,4,12,5,,12,False,interval,C,C,5,,12,False,0.0104166666667,1.5,,1.5,1,False,False,False,False,False,False,False,False,distance not exact,connected,connected,True,TC-17b49cbc0a,1,campaign catalogue,css-large,parent presentation,CL-db36abf7,,normalized direct evidence: certified lower 5 (L4); estimated endpoint 12 (B),results/weight5_publication_catalogue.jsonl,"$[[384,4,d\geq 5;\ \widehat d=12]]$"
current_css_w5,current,CSS,5,384,4,13,5,,13,False,interval,C,C,5,,12,False,0.0104166666667,1.76041666667,,1.76041666667,1,False,False,False,False,False,False,False,False,distance not exact,connected,connected,True,TC-17b49cbc0a,1,campaign catalogue,css-large,parent presentation,CL-518180e8,,normalized direct evidence: certified lower 5 (L4); estimated endpoint 13 (B),results/weight5_publication_catalogue.jsonl,"$[[384,4,d\geq 5;\ \widehat d=13]]$"
current_css_w5,current,CSS,5,384,4,14,5,,14,False,interval,C,C,5,,14,False,0.0104166666667,2.04166666667,,2.04166666667,1,False,False,False,False,False,False,False,False,distance not exact,connected,connected,True,TC-e90fa3f056,1,campaign catalogue,css-large,parent presentation,CL-2e16afd5,,normalized direct evidence: certified lower 5 (L4); estimated endpoint 14 (B),results/weight5_publication_catalogue.jsonl,"$[[384,4,d\geq 5;\ \widehat d=14]]$"
current_css_w5,current,CSS,5,384,4,14,5,,14,False,interval,C,C,5,,12,False,0.0104166666667,2.04166666667,,2.04166666667,2,False,False,False,False,False,False,False,False,distance not exact,connected,connected,True,TC-17b49cbc0a,1,campaign catalogue,css-large,parent presentation,CL-d9975c39; CL-f56c67e9,,normalized direct evidence: certified lower 5 (L4); estimated endpoint 14 (B),results/weight5_publication_catalogue.jsonl,"$[[384,4,d\geq 5;\ \widehat d=14]]$"
current_css_w5,current,CSS,5,384,4,15,5,,15,False,interval,C,C,5,,14,False,0.0104166666667,2.34375,,2.34375,1,False,False,False,False,False,False,False,False,distance not exact,connected,connected,True,TC-e90fa3f056,1,campaign catalogue,css-large,parent presentation,CL-8fe6ec97,,normalized direct evidence: certified lower 5 (L4); estimated endpoint 15 (B),results/weight5_publication_catalogue.jsonl,"$[[384,4,d\geq 5;\ \widehat d=15]]$"
current_css_w5,current,CSS,5,384,4,16,5,,16,False,interval,C,C,5,,14,False,0.0104166666667,2.66666666667,,2.66666666667,9,False,False,False,False,False,False,False,False,distance not exact,connected,connected,True,TC-e90fa3f056,1,campaign catalogue,css-large,parent presentation,CL-00bc08e3; CL-4471e9b9; CL-54bc954c; CL-59f2b6f2; CL-61cbfea4; CL-6f4f6609; CL-72a272c6; CL-83aa1d4c; CL-c3005ec0,,normalized direct evidence: certified lower 5 (L4); estimated endpoint 16 (B),results/weight5_publication_catalogue.jsonl,"$[[384,4,d\geq 5;\ \widehat d=16]]$"
current_css_w5,current,CSS,5,384,4,16,5,,16,False,interval,C,C,5,,16,False,0.0104166666667,2.66666666667,,2.66666666667,52,False,False,False,False,False,False,False,False,distance not exact,connected,connected,True,TC-02d48a4dd4; TC-135d007dd4; TC-1e48e7a0bd; TC-23d44fa333; TC-2f1e18003c; TC-30afe9b8c0; TC-31da48257c; TC-58b6fa5fd5; TC-74414d49c1; TC-78449af54a; TC-862f9c5c72; TC-9b0ee88c39; TC-ad6e9a6acd; TC-b382eb8c40; TC-bc1f66da24; TC-ca164b4109; TC-e16cf41b2f; TC-f0dc4dd8ab; TC-fff032e6ed,19,campaign catalogue,css-large,parent presentation,CL-015c0d4f; CL-0823cb54; CL-0892a90a; CL-094388ae; CL-0b1c0c1f; CL-20268fa5; CL-2e330ac5; CL-3e659d0b; CL-43a4f306; CL-4735294a; CL-47fe1ca1; CL-4b2eb5d5; CL-5623f517; CL-5944c80e; CL-5b776bcb; CL-6e3ef2b1; CL-6f55f40d; CL-762872ac; CL-764bc1ba; CL-78232732; CL-7e7edaed; CL-84dbe6c0; CL-851fa3fb; CL-894b8e12; CL-8ec5b06e; CL-90020de8; CL-9026955a; CL-9b6ebfad; CL-9e03bd14; CL-9fbbfb24; CL-a0d88372; CL-a8aab347; CL-ae0733f4; CL-b13ca731; CL-b3df27ce; CL-b4ca97c4; CL-b762883b; CL-b8095aae; CL-bbf49147; CL-c63549bb; CL-c672fc04; CL-c8819726; CL-c882de19; CL-ccfcaf51; CL-cf2df69e; CL-cfbac721; CL-d7f2fbef; CL-d8f0479e; CL-d992f18a; CL-dbe06912; CL-dff22bb6; CL-ed6d582b,,normalized direct evidence: certified lower 5 (L4); estimated endpoint 16 (B),results/weight5_publication_catalogue.jsonl,"$[[384,4,d\geq 5;\ \widehat d=16]]$"
current_css_w5,current,CSS,5,384,4,16,5,,16,False,interval,C,C,5,,12,False,0.0104166666667,2.66666666667,,2.66666666667,2,False,False,False,False,False,False,False,False,distance not exact,connected,connected,True,TC-17b49cbc0a,1,campaign catalogue,css-large,parent presentation,CL-49958073; CL-719cc178,,normalized direct evidence: certified lower 5 (L4); estimated endpoint 16 (B),results/weight5_publication_catalogue.jsonl,"$[[384,4,d\geq 5;\ \widehat d=16]]$"
current_css_w5,current,CSS,5,384,4,19,5,,19,False,interval,C,C,5,,14,False,0.0104166666667,3.76041666667,,3.76041666667,1,False,False,False,False,False,False,False,False,distance not exact,connected,connected,True,TC-e90fa3f056,1,campaign catalogue,css-large,parent presentation,CL-2d7790a3,,normalized direct evidence: certified lower 5 (L4); estimated endpoint 19 (B),results/weight5_publication_catalogue.jsonl,"$[[384,4,d\geq 5;\ \widehat d=19]]$"
current_css_w5,current,CSS,5,384,4,19,5,,19,False,interval,C,C,5,,16,False,0.0104166666667,3.76041666667,,3.76041666667,1,False,False,False,False,False,False,False,False,distance not exact,connected,connected,True,TC-f0dc4dd8ab,1,campaign catalogue,css-large,parent presentation,CL-c4b43b09,,normalized direct evidence: certified lower 5 (L4); estimated endpoint 19 (B),results/weight5_publication_catalogue.jsonl,"$[[384,4,d\geq 5;\ \widehat d=19]]$"
current_css_w5,current,CSS,5,384,4,20,5,,20,False,interval,C,C,5,,14,False,0.0104166666667,4.16666666667,,4.16666666667,1,False,False,False,False,False,False,False,False,distance not exact,connected,connected,True,TC-e90fa3f056,1,campaign catalogue,css-large,parent presentation,CL-c678090e,,normalized direct evidence: certified lower 5 (L4); estimated endpoint 20 (B),results/weight5_publication_catalogue.jsonl,"$[[384,4,d\geq 5;\ \widehat d=20]]$"
current_css_w5,current,CSS,5,384,8,4,4,4,,True,exact,E,E,4,4,,True,0.0208333333333,0.333333333333,0.333333333333,,5,False,False,False,False,False,False,False,False,superseded by complete component-canonical catalogue,disconnected,"2x[[192,4]]",True,TC-489932ba32; TC-68b42f0cec; TC-8fbc859eab,3,campaign catalogue,css-large,parent presentation,CL-526b1ee0; CL-537533d8; CL-7929daca; CL-bea18d22; CL-e473f2e1,,normalized direct evidence: exact methods H; certified lower 4 (H); supported upper 4 (H); estimated endpoint 4 (B),results/weight5_publication_catalogue.jsonl,"$[[384,8,4]]$"
current_css_w5,current,CSS,5,384,8,6,5,,6,False,interval,C,C,5,,6,False,0.0208333333333,0.75,,0.75,2,False,False,False,False,False,False,False,False,distance not exact,disconnected,"2x[[192,4]]",True,TC-dd934d3335,1,campaign catalogue,css-large,parent presentation,CL-3edcdab9; CL-b1228f7d,,"normalized direct evidence: certified lower 5 (L4); estimated endpoint 6 (B); normalized direct evidence: certified lower 5 (L4); estimated endpoint 6 (B), 7 (B)",results/weight5_publication_catalogue.jsonl,"$[[384,8,d\geq 5;\ \widehat d=6]]$"
current_css_w5,current,CSS,5,384,8,8,5,,8,False,interval,C,C,5,,8,False,0.0208333333333,1.33333333333,,1.33333333333,19,False,False,False,False,False,False,False,False,distance not exact,disconnected,"2x[[192,4]]",True,TC-1b4a81ef08; TC-2f19cf59b2; TC-4f85f866fa; TC-6a77e0d530; TC-8e681e00d6; TC-ccde5184fa; TC-e43f64111e; TC-f6bfdcf5a2,8,campaign catalogue,css-large,parent presentation,CL-157539a4; CL-1ed36a91; CL-35e1c1a0; CL-3964f550; CL-40b8ed75; CL-4cf2834f; CL-61cad729; CL-77fcf6a4; CL-841161da; CL-a58b1ce7; CL-a5ea4cbf; CL-b1d747a7; CL-c6cdca76; CL-ca345f7b; CL-d410d5a1; CL-d473ee4e; CL-d87da595; CL-ef759d68; CL-f1196537,,normalized direct evidence: certified lower 5 (L4); estimated endpoint 8 (B),results/weight5_publication_catalogue.jsonl,"$[[384,8,d\geq 5;\ \widehat d=8]]$"
current_css_w5,current,CSS,5,384,8,8,5,,8,False,interval,C,C,5,,8,False,0.0208333333333,1.33333333333,,1.33333333333,2,False,False,False,False,False,False,False,False,distance not exact,connected,connected,True,TC-1ec72f66d0,1,campaign catalogue,css-large,parent presentation,CL-2f9daa68; CL-5795c26c,,normalized direct evidence: certified lower 5 (L4); estimated endpoint 8 (B),results/weight5_publication_catalogue.jsonl,"$[[384,8,d\geq 5;\ \widehat d=8]]$"
current_css_w5,current,CSS,5,384,8,9,5,,9,False,interval,C,C,5,,8,False,0.0208333333333,1.6875,,1.6875,2,False,False,False,False,False,False,False,False,distance not exact,disconnected,"2x[[192,4]]",True,TC-2f19cf59b2; TC-ccde5184fa,2,campaign catalogue,css-large,parent presentation,CL-262ec76e; CL-e3bbf85c,,normalized direct evidence: certified lower 5 (L4); estimated endpoint 9 (B),results/weight5_publication_catalogue.jsonl,"$[[384,8,d\geq 5;\ \widehat d=9]]$"
current_css_w5,current,CSS,5,384,8,10,10,10,,True,exact,E,E,10,10,,True,0.0208333333333,2.08333333333,2.08333333333,,1,False,False,False,False,False,False,False,False,superseded by complete component-canonical catalogue,disconnected,"2x[[192,4]]",True,TC-797549a410,1,campaign catalogue,css-large,parent presentation,CL-cbea6bcb,,normalized direct evidence: exact methods M; certified lower 10 (M); supported upper 10 (M); estimated endpoint 16 (B),results/weight5_publication_catalogue.jsonl,"$[[384,8,10]]$"
current_css_w5,current,CSS,5,384,8,11,5,,11,False,interval,C,C,5,,11,False,0.0208333333333,2.52083333333,,2.52083333333,2,False,False,False,False,False,False,False,False,distance not exact,disconnected,"2x[[192,4]]",True,TC-532784fb10,1,campaign catalogue,css-large,parent presentation,CL-03df4877; CL-84cbb957,,normalized direct evidence: certified lower 5 (L4); estimated endpoint 11 (B),results/weight5_publication_catalogue.jsonl,"$[[384,8,d\geq 5;\ \widehat d=11]]$"
current_css_w5,current,CSS,5,384,8,11,5,,11,False,interval,C,E,10,10,,True,0.0208333333333,2.52083333333,,2.52083333333,1,False,False,False,False,False,False,False,False,distance not exact,disconnected,"2x[[192,4]]",True,TC-797549a410,1,campaign catalogue,css-large,parent presentation,CL-ef3d7a2a,,normalized direct evidence: certified lower 5 (L4); estimated endpoint 11 (B),results/weight5_publication_catalogue.jsonl,"$[[384,8,d\geq 5;\ \widehat d=11]]$"
current_css_w5,current,CSS,5,384,8,12,5,,12,False,interval,C,C,5,12,,True,0.0208333333333,3,,3,2,False,False,False,False,False,False,False,False,distance not exact,disconnected,"2x[[192,4]]",True,TC-27b4e66b4a,1,campaign catalogue,css-large,parent presentation,CL-0462d4da; CL-5c4641a1,,normalized direct evidence: certified lower 5 (L4); estimated endpoint 12 (B),results/weight5_publication_catalogue.jsonl,"$[[384,8,d\geq 5;\ \widehat d=12]]$"
current_css_w5,current,CSS,5,384,8,12,5,,12,False,interval,C,C,5,,12,False,0.0208333333333,3,,3,3,False,False,False,False,False,False,False,False,distance not exact,disconnected,"2x[[192,4]]",True,TC-3d20754dc3; TC-ba36d5920b; TC-f09b421c95,3,campaign catalogue,css-large,parent presentation,CL-c034f0c7; CL-c35bf5e5; CL-ff471113,,normalized direct evidence: certified lower 5 (L4); estimated endpoint 12 (B),results/weight5_publication_catalogue.jsonl,"$[[384,8,d\geq 5;\ \widehat d=12]]$"
current_css_w5,current,CSS,5,384,8,12,5,12,,True,interval,C,C,5,12,,True,0.0208333333333,3,3,,1,False,False,False,False,False,False,False,False,distance not exact,disconnected,"2x[[192,4]]",True,TC-27b4e66b4a,1,campaign catalogue,css-large,parent presentation,CL-d34224c6,,"normalized direct evidence: certified lower 5 (L4); supported upper 12 (I); estimated endpoint 12 (B), 16 (B)",results/weight5_publication_catalogue.jsonl,"$[[384,8,5\leq d\leq 12]]$"
current_css_w5,current,CSS,5,384,8,13,5,,13,False,interval,C,C,5,,13,False,0.0208333333333,3.52083333333,,3.52083333333,1,False,False,False,False,False,False,False,False,distance not exact,disconnected,"2x[[192,4]]",True,TC-7890b12086,1,campaign catalogue,css-large,parent presentation,CL-08b8e5a4,,normalized direct evidence: certified lower 5 (L4); estimated endpoint 13 (B),results/weight5_publication_catalogue.jsonl,"$[[384,8,d\geq 5;\ \widehat d=13]]$"
current_css_w5,current,CSS,5,384,8,13,5,,13,False,interval,C,E,10,10,,True,0.0208333333333,3.52083333333,,3.52083333333,1,False,False,False,False,False,False,False,False,distance not exact,disconnected,"2x[[192,4]]",True,TC-797549a410,1,campaign catalogue,css-large,parent presentation,CL-b06bdc8c,,normalized direct evidence: certified lower 5 (L4); estimated endpoint 13 (B),results/weight5_publication_catalogue.jsonl,"$[[384,8,d\geq 5;\ \widehat d=13]]$"
current_css_w5,current,CSS,5,384,8,14,5,,14,False,interval,C,C,5,,13,False,0.0208333333333,4.08333333333,,4.08333333333,1,False,False,False,False,False,False,False,False,distance not exact,disconnected,"2x[[192,4]]",True,TC-7890b12086,1,campaign catalogue,css-large,parent presentation,CL-13a07207,,normalized direct evidence: certified lower 5 (L4); estimated endpoint 14 (B),results/weight5_publication_catalogue.jsonl,"$[[384,8,d\geq 5;\ \widehat d=14]]$"
current_css_w5,current,CSS,5,384,8,14,5,,14,False,interval,C,C,5,,14,False,0.0208333333333,4.08333333333,,4.08333333333,2,False,False,False,False,False,False,False,False,distance not exact,disconnected,"2x[[192,4]]",True,TC-de448f44ad; TC-f1212d4a92,2,campaign catalogue,css-large,parent presentation,CL-4e8f3f5e; CL-59b650fb,,"normalized direct evidence: certified lower 5 (L4); estimated endpoint 14 (B); normalized direct evidence: certified lower 5 (L4); estimated endpoint 14 (B), 15 (B)",results/weight5_publication_catalogue.jsonl,"$[[384,8,d\geq 5;\ \widehat d=14]]$"
current_css_w5,current,CSS,5,384,8,15,5,,15,False,interval,C,C,5,,15,False,0.0208333333333,4.6875,,4.6875,1,False,False,False,False,False,False,False,False,distance not exact,disconnected,"2x[[192,4]]",True,TC-e70c8f775a,1,campaign catalogue,css-large,parent presentation,CL-cca60bc4,,normalized direct evidence: certified lower 5 (L4); estimated endpoint 15 (B),results/weight5_publication_catalogue.jsonl,"$[[384,8,d\geq 5;\ \widehat d=15]]$"
current_css_w5,current,CSS,5,384,16,3,3,3,,True,exact,E,E,3,3,,True,0.0416666666667,0.375,0.375,,1,False,False,False,False,False,False,False,False,superseded by complete component-canonical catalogue,disconnected,"4x[[96,4]]",True,TC-fc9789bc8c,1,campaign catalogue,css-large,parent presentation,CL-64686929,,normalized direct evidence: exact methods H; certified lower 3 (H); supported upper 3 (H); estimated endpoint 3 (B),results/weight5_publication_catalogue.jsonl,"$[[384,16,3]]$"
current_css_w5,current,CSS,5,384,16,4,4,4,,True,exact,E,E,4,4,,True,0.0416666666667,0.666666666667,0.666666666667,,8,False,False,False,False,False,False,False,False,superseded by complete component-canonical catalogue,disconnected,"4x[[96,4]]",True,TC-197c842ca0; TC-579109662d; TC-6dda706b5d; TC-c396853f7e; TC-ce9982f5b5; TC-dfba86a8e4; TC-ef287cc80b,7,campaign catalogue,css-large,parent presentation,CL-0fcae59b; CL-326e2b7f; CL-47fcea25; CL-52dc7734; CL-7aa28e28; CL-9e72e18f; CL-da717524; CL-ff17aa92,,"normalized direct evidence: exact methods H; certified lower 4 (H); supported upper 4 (H), 4 (W); estimated endpoint 12 (B); normalized direct evidence: exact methods H; certified lower 4 (H); supported upper 4 (H); estimated endpoint 4 (B); normalized direct evidence: exact methods H; certified lower 4 (H); supported upper 4 (H); estimated endpoint 4 (B), 8 (B); normalized direct evidence: exact methods H; certified lower 4 (H); supported upper 4 (H); estimated endpoint 8 (B)",results/weight5_publication_catalogue.jsonl,"$[[384,16,4]]$"
current_css_w5,current,CSS,5,384,16,4,4,4,,True,exact,E,E,4,4,,True,0.0416666666667,0.666666666667,0.666666666667,,1,False,False,False,False,False,False,False,False,superseded by complete component-canonical catalogue,connected,connected,True,TC-01026fbe01,1,campaign catalogue,css-large,parent presentation,CL-f1c90545,,normalized direct evidence: exact methods H; certified lower 4 (H); supported upper 4 (H); estimated endpoint 7 (B),results/weight5_publication_catalogue.jsonl,"$[[384,16,4]]$"
current_css_w5,current,CSS,5,384,16,6,6,6,,True,exact,E,E,6,6,,True,0.0416666666667,1.5,1.5,,2,False,False,False,False,False,False,False,False,superseded by complete component-canonical catalogue,disconnected,"4x[[96,4]]",True,TC-2b8ed3f8e2; TC-cbde786a83,2,campaign catalogue,css-large,parent presentation,CL-52dcc64d; CL-9daeb04b,,normalized direct evidence: exact methods M; certified lower 6 (M); supported upper 6 (M); estimated endpoint 13 (B); normalized direct evidence: exact methods M; certified lower 6 (M); supported upper 6 (M); estimated endpoint 16 (B),results/weight5_publication_catalogue.jsonl,"$[[384,16,6]]$"
current_css_w5,current,CSS,5,384,16,6,5,,6,False,interval,C,C,5,,6,False,0.0416666666667,1.5,,1.5,2,False,False,False,False,False,False,False,False,distance not exact,disconnected,"4x[[96,4]]",True,TC-ecc75911d0; TC-fe3e64d6ef,2,campaign catalogue,css-large,parent presentation,CL-5bf06ff4; CL-c8294de5,,normalized direct evidence: certified lower 5 (L4); estimated endpoint 6 (B),results/weight5_publication_catalogue.jsonl,"$[[384,16,d\geq 5;\ \widehat d=6]]$"
current_css_w5,current,CSS,5,384,16,7,7,7,,True,exact,E,E,7,7,,True,0.0416666666667,2.04166666667,2.04166666667,,2,False,False,False,False,False,False,False,False,superseded by complete component-canonical catalogue,disconnected,"4x[[96,4]]",True,TC-2311051a6a; TC-ffec00ecbf,2,campaign catalogue,css-large,parent presentation,CL-0ffd9a2d; CL-9fc416af,,"normalized direct evidence: exact methods M; certified lower 7 (M); supported upper 7 (M); estimated endpoint 16 (B); normalized direct evidence: exact methods M; certified lower 7 (M); supported upper 7 (M); estimated endpoint 9 (B), 21 (B)",results/weight5_publication_catalogue.jsonl,"$[[384,16,7]]$"
current_css_w5,current,CSS,5,384,16,7,5,,7,False,interval,C,C,5,,7,False,0.0416666666667,2.04166666667,,2.04166666667,1,False,False,False,False,False,False,False,False,distance not exact,disconnected,"4x[[96,4]]",True,TC-2e578f4af8,1,campaign catalogue,css-large,parent presentation,CL-a24fe148,,normalized direct evidence: certified lower 5 (L4); estimated endpoint 7 (B),results/weight5_publication_catalogue.jsonl,"$[[384,16,d\geq 5;\ \widehat d=7]]$"
current_css_w5,current,CSS,5,384,16,8,8,8,,True,exact,E,E,8,8,,True,0.0416666666667,2.66666666667,2.66666666667,,6,False,False,False,False,False,False,False,False,superseded by complete component-canonical catalogue,disconnected,"4x[[96,4]]",True,TC-01a67ca443; TC-3d946414a8; TC-497d9d1c70; TC-8b46341f9e,4,campaign catalogue,css-large,parent presentation,CL-05841223; CL-454c87bc; CL-49103759; CL-8c40001b; CL-b71ff5d9; CL-ebc1d7c4,,"normalized direct evidence: exact methods M; certified lower 8 (M); supported upper 8 (M); estimated endpoint 10 (B), 22 (B); normalized direct evidence: exact methods M; certified lower 8 (M); supported upper 8 (M); estimated endpoint 12 (B), 22 (B); normalized direct evidence: exact methods M; certified lower 8 (M); supported upper 8 (M); estimated endpoint 16 (B); normalized direct evidence: exact methods M; certified lower 8 (M); supported upper 8 (M); estimated endpoint 9 (B), 18 (B)",results/weight5_publication_catalogue.jsonl,"$[[384,16,8]]$"
current_css_w5,current,CSS,5,384,16,8,5,,8,False,interval,C,E,6,6,,True,0.0416666666667,2.66666666667,,2.66666666667,1,False,False,False,False,False,False,False,False,distance not exact,disconnected,"4x[[96,4]]",True,TC-2b8ed3f8e2,1,campaign catalogue,css-large,parent presentation,CL-a26ff6ea,,normalized direct evidence: certified lower 5 (L4); estimated endpoint 8 (B),results/weight5_publication_catalogue.jsonl,"$[[384,16,d\geq 5;\ \widehat d=8]]$"
current_css_w5,current,CSS,5,384,16,9,5,,9,False,interval,C,C,5,,6,False,0.0416666666667,3.375,,3.375,1,False,False,False,False,False,False,False,False,distance not exact,disconnected,"4x[[96,4]]",True,TC-ecc75911d0,1,campaign catalogue,css-large,parent presentation,CL-bda4c4b2,,normalized direct evidence: certified lower 5 (L4); estimated endpoint 9 (B),results/weight5_publication_catalogue.jsonl,"$[[384,16,d\geq 5;\ \widehat d=9]]$"
current_css_w5,current,CSS,5,384,16,10,10,10,,True,exact,E,E,10,10,,True,0.0416666666667,4.16666666667,4.16666666667,,1,False,False,False,False,False,False,False,False,superseded by complete component-canonical catalogue,disconnected,"4x[[96,4]]",True,TC-abf7faa7a0,1,campaign catalogue,css-large,parent presentation,CL-885dfa58,,normalized direct evidence: exact methods M; certified lower 10 (M); supported upper 10 (M); estimated endpoint 20 (B),results/weight5_publication_catalogue.jsonl,"$[[384,16,10]]$"
current_css_w5,current,CSS,5,384,32,3,3,3,,True,exact,E,E,3,3,,True,0.0833333333333,0.75,0.75,,1,False,False,False,False,False,False,False,False,superseded by complete component-canonical catalogue,disconnected,"8x[[48,4]]",True,TC-c623e8ccb7,1,campaign catalogue,css-large,parent presentation,CL-d9f65a7e,e51616ca384c65741900a6d1f317a495690021074167506120d24e5ed8b3b6ff,normalized direct evidence: exact methods Hc; certified lower 3 (Hc); supported upper 3 (Hc); estimated endpoint 43 (B),results/weight5_publication_catalogue.jsonl,"$[[384,32,3]]$"
current_css_w5,current,CSS,5,384,32,4,4,4,,True,exact,E,E,4,4,,True,0.0833333333333,1.33333333333,1.33333333333,,2,False,False,False,False,False,False,False,False,superseded by complete component-canonical catalogue,disconnected,"8x[[48,4]]",True,TC-026de7ff7d; TC-53f5e38870,2,campaign catalogue,css-large,parent presentation,CL-02bb1787; CL-a94de289,,"normalized direct evidence: exact methods H; certified lower 4 (H); supported upper 4 (H), 4 (I); estimated endpoint 11 (B), 32 (B), 33 (B); normalized direct evidence: exact methods H; certified lower 4 (H); supported upper 4 (H), 4 (W); estimated endpoint 20 (B), 24 (B)",results/weight5_publication_catalogue.jsonl,"$[[384,32,4]]$"
current_css_w5,current,CSS,5,384,32,5,5,5,,True,exact,E,E,5,5,,True,0.0833333333333,2.08333333333,2.08333333333,,1,False,False,False,False,False,False,False,False,superseded by complete component-canonical catalogue,disconnected,"8x[[48,4]]",True,TC-a108edd694,1,campaign catalogue,css-large,parent presentation,CL-83dd7b5d,,"normalized direct evidence: exact methods M; certified lower 5 (M); supported upper 5 (M); estimated endpoint 30 (B), 40 (B)",results/weight5_publication_catalogue.jsonl,"$[[384,32,5]]$"
current_css_w5,current,CSS,5,384,32,6,6,6,,True,exact,E,E,6,6,,True,0.0833333333333,3,3,,1,False,False,False,False,False,False,False,False,superseded by complete component-canonical catalogue,disconnected,"8x[[48,4]]",True,TC-ce3f486f88,1,campaign catalogue,css-large,parent presentation,CL-a25b2baf,52fe538344076d0a51d2471f40e11221ce5c205c163371b539292a4e01234e6e,normalized direct evidence: exact methods Hc; certified lower 6 (Hc); supported upper 6 (Hc); estimated endpoint 41 (B),results/weight5_publication_catalogue.jsonl,"$[[384,32,6]]$"
current_css_w5,current,CSS,5,384,64,3,3,3,,True,exact,E,E,3,3,,True,0.166666666667,1.5,1.5,,1,False,False,False,False,False,False,False,False,superseded by complete component-canonical catalogue,disconnected,"16x[[24,4]]",True,TC-7b96f282ce,1,campaign catalogue,css-large,parent presentation,CL-929c2a70,55e91ccc5bf6d7cea6c4ee8b08d83b1ccb973ca6fcde4158b69f93bff40e71b4,normalized direct evidence: exact methods Hc; certified lower 3 (Hc); supported upper 3 (Hc); estimated endpoint 58 (B),results/weight5_publication_catalogue.jsonl,"$[[384,64,3]]$"
current_css_w5,current,CSS,5,420,4,5,5,5,,True,exact,E,E,5,5,,True,0.00952380952381,0.238095238095,0.238095238095,,3,False,False,False,False,False,False,False,False,superseded by complete component-canonical catalogue,connected,connected,True,TC-ae798f4157; TC-c0ffa5b663; TC-d02d7e10e6,3,campaign catalogue,css-large,parent presentation,CL-03413624; CL-89dd6c68; CL-e72cc9d8,,normalized direct evidence: exact methods L4+W; certified lower 5 (L4); supported upper 5 (W); estimated endpoint 5 (B),results/weight5_publication_catalogue.jsonl,"$[[420,4,5]]$"
current_css_w5,current,CSS,5,420,4,6,5,,6,False,interval,C,C,5,,6,False,0.00952380952381,0.342857142857,,0.342857142857,2,False,False,False,False,False,False,False,False,distance not exact,connected,connected,True,TC-19a3392c18; TC-40ed427653,2,campaign catalogue,css-large,parent presentation,CL-a8b29562; CL-da88d8de,,normalized direct evidence: certified lower 5 (L4); estimated endpoint 6 (B),results/weight5_publication_catalogue.jsonl,"$[[420,4,d\geq 5;\ \widehat d=6]]$"
current_css_w5,current,CSS,5,420,4,7,5,,7,False,interval,C,C,5,,7,False,0.00952380952381,0.466666666667,,0.466666666667,4,False,False,False,False,False,False,False,False,distance not exact,connected,connected,True,TC-1754fd29e4; TC-3e68d2acf1; TC-aa24e34b5e; TC-e3a353281f,4,campaign catalogue,css-large,parent presentation,CL-229ff68f; CL-71175309; CL-a467cd49; CL-e8dd03a4,,normalized direct evidence: certified lower 5 (L4); estimated endpoint 7 (B),results/weight5_publication_catalogue.jsonl,"$[[420,4,d\geq 5;\ \widehat d=7]]$"
current_css_w5,current,CSS,5,420,4,8,5,,8,False,interval,C,C,5,,8,False,0.00952380952381,0.609523809524,,0.609523809524,1,False,False,False,False,False,False,False,False,distance not exact,connected,connected,True,TC-3c8f440a41,1,campaign catalogue,css-large,parent presentation,CL-b18bd481,,normalized direct evidence: certified lower 5 (L4); estimated endpoint 8 (B),results/weight5_publication_catalogue.jsonl,"$[[420,4,d\geq 5;\ \widehat d=8]]$"
current_css_w5,current,CSS,5,420,4,9,5,,9,False,interval,C,C,5,,9,False,0.00952380952381,0.771428571429,,0.771428571429,4,False,False,False,False,False,False,False,False,distance not exact,connected,connected,True,TC-141bb9431f; TC-8ec440bb14; TC-9134794e5b; TC-9d170c8ee3,4,campaign catalogue,css-large,parent presentation,CL-224f3680; CL-3cadff79; CL-64c71487; CL-c087367c,,normalized direct evidence: certified lower 5 (L4); estimated endpoint 9 (B),results/weight5_publication_catalogue.jsonl,"$[[420,4,d\geq 5;\ \widehat d=9]]$"
current_css_w5,current,CSS,5,420,4,10,5,,10,False,interval,C,C,5,,10,False,0.00952380952381,0.952380952381,,0.952380952381,9,False,False,False,False,False,False,False,False,distance not exact,connected,connected,True,TC-0125d2ae01; TC-841774af81; TC-a738a9e4a5; TC-ccb0424444; TC-d30d8e6c23; TC-d500c13840,6,campaign catalogue,css-large,parent presentation,CL-30f2d7e8; CL-3edd717f; CL-52590f51; CL-5c687cba; CL-679b4a11; CL-7e2d38ae; CL-969d5906; CL-c1097279; CL-ce72ca91,,normalized direct evidence: certified lower 5 (L4); estimated endpoint 10 (B),results/weight5_publication_catalogue.jsonl,"$[[420,4,d\geq 5;\ \widehat d=10]]$"
current_css_w5,current,CSS,5,420,4,11,5,,11,False,interval,C,C,5,,11,False,0.00952380952381,1.15238095238,,1.15238095238,4,False,False,False,False,False,False,False,False,distance not exact,connected,connected,True,TC-3325a17861; TC-5a13cc3691; TC-6761a25b3b; TC-bae555158c,4,campaign catalogue,css-large,parent presentation,CL-013659b7; CL-0892ddc0; CL-22178d24; CL-c5751133,,normalized direct evidence: certified lower 5 (L4); estimated endpoint 11 (B),results/weight5_publication_catalogue.jsonl,"$[[420,4,d\geq 5;\ \widehat d=11]]$"
current_css_w5,current,CSS,5,420,4,12,5,12,,True,interval,C,C,5,12,,True,0.00952380952381,1.37142857143,1.37142857143,,1,False,False,False,False,False,False,False,False,distance not exact,connected,connected,True,TC-697e689b67,1,campaign catalogue,css-large,parent presentation,CL-27163520,,normalized direct evidence: certified lower 5 (L4); supported upper 12 (I); estimated endpoint 26 (B),results/weight5_publication_catalogue.jsonl,"$[[420,4,5\leq d\leq 12]]$"
current_css_w5,current,CSS,5,420,4,12,5,,12,False,interval,C,C,5,,12,False,0.00952380952381,1.37142857143,,1.37142857143,2,False,False,False,False,False,False,False,False,distance not exact,connected,connected,True,TC-027179ed1c; TC-0bc7f60458,2,campaign catalogue,css-large,parent presentation,CL-3e07faef; CL-71f571bf,,normalized direct evidence: certified lower 5 (L4); estimated endpoint 12 (B),results/weight5_publication_catalogue.jsonl,"$[[420,4,d\geq 5;\ \widehat d=12]]$"
current_css_w5,current,CSS,5,420,4,12,5,,12,False,interval,C,C,5,,10,False,0.00952380952381,1.37142857143,,1.37142857143,1,False,False,False,False,False,False,False,False,distance not exact,connected,connected,True,TC-d30d8e6c23,1,campaign catalogue,css-large,parent presentation,CL-7f05804a,,normalized direct evidence: certified lower 5 (L4); estimated endpoint 12 (B),results/weight5_publication_catalogue.jsonl,"$[[420,4,d\geq 5;\ \widehat d=12]]$"
current_css_w5,current,CSS,5,420,4,13,5,13,,True,interval,C,C,5,13,,True,0.00952380952381,1.60952380952,1.60952380952,,1,False,False,False,False,False,False,False,False,distance not exact,connected,connected,True,TC-3ba40952b6,1,campaign catalogue,css-large,parent presentation,CL-6245f632,,normalized direct evidence: certified lower 5 (L4); supported upper 13 (I); estimated endpoint 29 (B),results/weight5_publication_catalogue.jsonl,"$[[420,4,5\leq d\leq 13]]$"
current_css_w5,current,CSS,5,420,4,13,5,,13,False,interval,C,C,5,,13,False,0.00952380952381,1.60952380952,,1.60952380952,1,False,False,False,False,False,False,False,False,distance not exact,connected,connected,True,TC-4f1a821244,1,campaign catalogue,css-large,parent presentation,CL-cabac8af,,normalized direct evidence: certified lower 5 (L4); estimated endpoint 13 (B),results/weight5_publication_catalogue.jsonl,"$[[420,4,d\geq 5;\ \widehat d=13]]$"
current_css_w5,current,CSS,5,420,4,14,5,,14,False,interval,C,C,5,,14,False,0.00952380952381,1.86666666667,,1.86666666667,14,False,False,False,False,False,False,False,False,distance not exact,connected,connected,True,TC-124154ceb8; TC-14f486e2e3; TC-2074f1ba1e; TC-2a240d6702; TC-486a3d18aa; TC-707333e70e; TC-707343346c; TC-c4f6a263f0; TC-c7e594e67e; TC-e36cbe7617; TC-e6fb653803,11,campaign catalogue,css-large,parent presentation,CL-00f55eb4; CL-0bcba2cf; CL-1d74ed97; CL-20a74088; CL-39202e68; CL-4218c470; CL-58893e8a; CL-63d37244; CL-a517ace2; CL-aa2a2c40; CL-bd9385b1; CL-d5b86ab7; CL-e0159989; CL-ee1a67cc,,normalized direct evidence: certified lower 5 (L4); estimated endpoint 14 (B),results/weight5_publication_catalogue.jsonl,"$[[420,4,d\geq 5;\ \widehat d=14]]$"
current_css_w5,current,CSS,5,420,4,14,5,14,,True,interval,C,C,5,14,,True,0.00952380952381,1.86666666667,1.86666666667,,4,False,False,False,False,False,False,False,False,distance not exact,connected,connected,True,TC-4dab8b8fca; TC-e02a727894; TC-ea360e6ec3; TC-f6c9bcae4f,4,campaign catalogue,css-large,parent presentation,CL-1a333605; CL-23177205; CL-96e74570; CL-d0bba1bf,,normalized direct evidence: certified lower 5 (L4); supported upper 14 (I); estimated endpoint 26 (B); normalized direct evidence: certified lower 5 (L4); supported upper 14 (I); estimated endpoint 34 (B); normalized direct evidence: certified lower 5 (L4); supported upper 14 (W); estimated endpoint 22 (B),results/weight5_publication_catalogue.jsonl,"$[[420,4,5\leq d\leq 14]]$"
current_css_w5,current,CSS,5,420,4,15,5,,15,False,interval,C,C,5,,15,False,0.00952380952381,2.14285714286,,2.14285714286,1,False,False,False,False,False,False,False,False,distance not exact,connected,connected,True,TC-7ffcea8a58,1,campaign catalogue,css-large,parent presentation,CL-45dbbd81,,normalized direct evidence: certified lower 5 (L4); estimated endpoint 15 (B),results/weight5_publication_catalogue.jsonl,"$[[420,4,d\geq 5;\ \widehat d=15]]$"
current_css_w5,current,CSS,5,420,4,16,5,,16,False,interval,C,C,5,,16,False,0.00952380952381,2.4380952381,,2.4380952381,7,False,False,False,False,False,False,False,False,distance not exact,connected,connected,True,TC-130152a0aa; TC-1f04f56a56; TC-51346e7d8d; TC-9f81d7ed42; TC-bc24024b81; TC-d67b2a53ff; TC-d7df0a9283,7,campaign catalogue,css-large,parent presentation,CL-012b5093; CL-059adaf7; CL-18c67b02; CL-6c6fb2d6; CL-7c9e0d51; CL-8eeddbcf; CL-8f641549,,normalized direct evidence: certified lower 5 (L4); estimated endpoint 16 (B),results/weight5_publication_catalogue.jsonl,"$[[420,4,d\geq 5;\ \widehat d=16]]$"
current_css_w5,current,CSS,5,420,4,16,5,,16,False,interval,C,C,5,,12,False,0.00952380952381,2.4380952381,,2.4380952381,1,False,False,False,False,False,False,False,False,distance not exact,connected,connected,True,TC-0bc7f60458,1,campaign catalogue,css-large,parent presentation,CL-3c4df4e6,,normalized direct evidence: certified lower 5 (L4); estimated endpoint 16 (B),results/weight5_publication_catalogue.jsonl,"$[[420,4,d\geq 5;\ \widehat d=16]]$"
current_css_w5,current,CSS,5,420,4,16,5,16,,True,interval,C,C,5,16,,True,0.00952380952381,2.4380952381,2.4380952381,,1,False,False,False,False,False,False,False,False,distance not exact,connected,connected,True,TC-42ef887453,1,campaign catalogue,css-large,parent presentation,CL-daf9d6b0,,normalized direct evidence: certified lower 5 (L4); supported upper 16 (W); estimated endpoint 22 (B),results/weight5_publication_catalogue.jsonl,"$[[420,4,5\leq d\leq 16]]$"
current_css_w5,current,CSS,5,420,4,17,5,,17,False,interval,C,C,5,,17,False,0.00952380952381,2.75238095238,,2.75238095238,4,False,False,False,False,False,False,False,False,distance not exact,connected,connected,True,TC-2cb6b05a9a; TC-9f2a236d8e; TC-b591c7f78a; TC-e3768b25e6,4,campaign catalogue,css-large,parent presentation,CL-18b5ba8d; CL-51b2d3f0; CL-b5b7cea8; CL-e3f164be,,normalized direct evidence: certified lower 5 (L4); estimated endpoint 17 (B),results/weight5_publication_catalogue.jsonl,"$[[420,4,d\geq 5;\ \widehat d=17]]$"
current_css_w5,current,CSS,5,420,4,18,5,18,,True,interval,C,C,5,18,,True,0.00952380952381,3.08571428571,3.08571428571,,6,False,False,False,False,False,False,False,False,distance not exact,connected,connected,True,TC-17bc5132ac; TC-41d255deb2; TC-6d603ff8ef; TC-ac2e8589b6; TC-c25aa068b7; TC-e4b6cd4c95,6,campaign catalogue,css-large,parent presentation,CL-0ab4461f; CL-243c1ce8; CL-52ea7c29; CL-a01dbf6f; CL-a68b54eb; CL-d75eef3d,,normalized direct evidence: certified lower 5 (L4); supported upper 18 (I); estimated endpoint 24 (B); normalized direct evidence: certified lower 5 (L4); supported upper 18 (I); estimated endpoint 25 (B); normalized direct evidence: certified lower 5 (L4); supported upper 18 (I); estimated endpoint 26 (B); normalized direct evidence: certified lower 5 (L4); supported upper 18 (I); estimated endpoint 28 (B),results/weight5_publication_catalogue.jsonl,"$[[420,4,5\leq d\leq 18]]$"
current_css_w5,current,CSS,5,420,4,18,5,,18,False,interval,C,C,5,,18,False,0.00952380952381,3.08571428571,,3.08571428571,9,False,False,False,False,False,False,False,False,distance not exact,connected,connected,True,TC-28cf0c48a8; TC-40ac65622f; TC-48377b1f8d; TC-7e4c1c67de; TC-8b9832c092; TC-93ceb60d0b; TC-94f9e1dbde; TC-be80443e33; TC-e9037634aa,9,campaign catalogue,css-large,parent presentation,CL-0f0f7823; CL-1c01f1af; CL-3517f047; CL-39516f7a; CL-97ce5a71; CL-cd1a95aa; CL-d1bd95f4; CL-f4f0dd58; CL-faab937c,,normalized direct evidence: certified lower 5 (L4); estimated endpoint 18 (B),results/weight5_publication_catalogue.jsonl,"$[[420,4,d\geq 5;\ \widehat d=18]]$"
current_css_w5,current,CSS,5,420,4,19,5,,19,False,interval,C,C,5,,16,False,0.00952380952381,3.4380952381,,3.4380952381,1,False,False,False,False,False,False,False,False,distance not exact,connected,connected,True,TC-51346e7d8d,1,campaign catalogue,css-large,parent presentation,CL-16ddab0d,,normalized direct evidence: certified lower 5 (L4); estimated endpoint 19 (B),results/weight5_publication_catalogue.jsonl,"$[[420,4,d\geq 5;\ \widehat d=19]]$"
current_css_w5,current,CSS,5,420,4,19,5,,19,False,interval,C,C,5,,19,False,0.00952380952381,3.4380952381,,3.4380952381,5,False,False,False,False,False,False,False,False,distance not exact,connected,connected,True,TC-1d04c787e5; TC-3706a8b668; TC-5059adedd5; TC-86031070e5; TC-c11528277b,5,campaign catalogue,css-large,parent presentation,CL-3dc9e172; CL-58bc09e7; CL-79baf488; CL-92173649; CL-efd28323,,normalized direct evidence: certified lower 5 (L4); estimated endpoint 19 (B),results/weight5_publication_catalogue.jsonl,"$[[420,4,d\geq 5;\ \widehat d=19]]$"
current_css_w5,current,CSS,5,420,4,19,5,19,,True,interval,C,C,5,19,,True,0.00952380952381,3.4380952381,3.4380952381,,4,False,False,False,False,False,False,False,False,distance not exact,connected,connected,True,TC-6615eba90a; TC-7c15c48eb6; TC-f37bd08080; TC-f88880f9ec,4,campaign catalogue,css-large,parent presentation,CL-56365497; CL-6f3c91dc; CL-aabd155e; CL-d18d0097,,normalized direct evidence: certified lower 5 (L4); supported upper 19 (I); estimated endpoint 23 (B); normalized direct evidence: certified lower 5 (L4); supported upper 19 (I); estimated endpoint 26 (B); normalized direct evidence: certified lower 5 (L4); supported upper 19 (I); estimated endpoint 28 (B); normalized direct evidence: certified lower 5 (L4); supported upper 19 (I); estimated endpoint 32 (B),results/weight5_publication_catalogue.jsonl,"$[[420,4,5\leq d\leq 19]]$"
current_css_w5,current,CSS,5,420,4,20,5,,20,False,interval,C,C,5,,20,False,0.00952380952381,3.80952380952,,3.80952380952,12,False,False,False,False,False,False,False,False,distance not exact,connected,connected,True,TC-27bb40287b; TC-3ed075b27a; TC-517b42bee4; TC-55df8c03aa; TC-587678b728; TC-67aa52fb8c; TC-888b50d6e4; TC-8bd3413cc3; TC-9d712b383e; TC-b55fd1f3e1; TC-da0e44fd44; TC-e10150a708,12,campaign catalogue,css-large,parent presentation,CL-035a9186; CL-34564918; CL-47b94d92; CL-84e4fd49; CL-859e9a93; CL-921146b8; CL-959df55a; CL-b30c14d0; CL-bbe854ab; CL-cfe9c60e; CL-d0e1c43e; CL-dc41e42a,,normalized direct evidence: certified lower 5 (L4); estimated endpoint 20 (B),results/weight5_publication_catalogue.jsonl,"$[[420,4,d\geq 5;\ \widehat d=20]]$"
current_css_w5,current,CSS,5,420,4,20,5,20,,True,interval,C,C,5,20,,True,0.00952380952381,3.80952380952,3.80952380952,,3,False,False,False,False,False,False,False,False,distance not exact,connected,connected,True,TC-1cac63a361; TC-34d0096d20; TC-80367cf623,3,campaign catalogue,css-large,parent presentation,CL-3ba7a33d; CL-68eefaad; CL-fb0e1722,,normalized direct evidence: certified lower 5 (L4); supported upper 20 (I); estimated endpoint 26 (B); normalized direct evidence: certified lower 5 (L4); supported upper 20 (I); estimated endpoint 31 (B),results/weight5_publication_catalogue.jsonl,"$[[420,4,5\leq d\leq 20]]$"
current_css_w5,current,CSS,5,420,4,20,5,,20,False,interval,C,C,5,,18,False,0.00952380952381,3.80952380952,,3.80952380952,1,False,False,False,False,False,False,False,False,distance not exact,connected,connected,True,TC-94f9e1dbde,1,campaign catalogue,css-large,parent presentation,CL-a72299e5,,normalized direct evidence: certified lower 5 (L4); estimated endpoint 20 (B),results/weight5_publication_catalogue.jsonl,"$[[420,4,d\geq 5;\ \widehat d=20]]$"
current_css_w5,current,CSS,5,420,4,21,5,21,,True,interval,C,C,5,21,,True,0.00952380952381,4.2,4.2,,1,False,False,False,False,False,False,False,False,distance not exact,connected,connected,True,TC-da2feaca7c,1,campaign catalogue,css-large,parent presentation,CL-170eab7b,,normalized direct evidence: certified lower 5 (L4); supported upper 21 (I); estimated endpoint 24 (B),results/weight5_publication_catalogue.jsonl,"$[[420,4,5\leq d\leq 21]]$"
current_css_w5,current,CSS,5,420,4,21,5,,21,False,interval,C,C,5,,21,False,0.00952380952381,4.2,,4.2,5,False,False,False,False,False,False,False,False,distance not exact,connected,connected,True,TC-459190a6c9; TC-78b9468e50; TC-82c5541e03; TC-999a3049e1; TC-c0e211d1cb,5,campaign catalogue,css-large,parent presentation,CL-35afb936; CL-3e5c8799; CL-bdfa840a; CL-de17c9d3; CL-f1e29899,,normalized direct evidence: certified lower 5 (L4); estimated endpoint 21 (B),results/weight5_publication_catalogue.jsonl,"$[[420,4,d\geq 5;\ \widehat d=21]]$"
current_css_w5,current,CSS,5,420,4,22,5,22,,True,interval,C,C,5,22,,True,0.00952380952381,4.60952380952,4.60952380952,,2,False,False,False,False,False,False,False,False,distance not exact,connected,connected,True,TC-482c979e17; TC-5f95e88575,2,campaign catalogue,css-large,parent presentation,CL-9fbce668; CL-c271b632,,normalized direct evidence: certified lower 5 (L4); supported upper 22 (I); estimated endpoint 28 (B); normalized direct evidence: certified lower 5 (L4); supported upper 22 (I); estimated endpoint 30 (B),results/weight5_publication_catalogue.jsonl,"$[[420,4,5\leq d\leq 22]]$"
current_css_w5,current,CSS,5,420,6,3,3,3,,True,exact,E,E,3,3,,True,0.0142857142857,0.128571428571,0.128571428571,,1,False,False,False,False,False,False,False,False,superseded by complete component-canonical catalogue,connected,connected,True,TC-ac8472328c,1,campaign catalogue,css-large,parent presentation,CL-01ad3134,,normalized direct evidence: exact methods H; certified lower 3 (H); supported upper 3 (H); estimated endpoint 3 (B),results/weight5_publication_catalogue.jsonl,"$[[420,6,3]]$"
current_css_w5,current,CSS,5,420,6,5,5,5,,True,exact,E,E,5,5,,True,0.0142857142857,0.357142857143,0.357142857143,,1,False,False,False,False,False,False,False,False,superseded by complete component-canonical catalogue,connected,connected,True,TC-8acbce461c,1,campaign catalogue,css-large,parent presentation,CL-c065aeaf,,normalized direct evidence: exact methods L4+W; certified lower 5 (L4); supported upper 5 (W); estimated endpoint 5 (B),results/weight5_publication_catalogue.jsonl,"$[[420,6,5]]$"
current_css_w5,current,CSS,5,420,6,6,5,,6,False,interval,C,C,5,,6,False,0.0142857142857,0.514285714286,,0.514285714286,2,False,False,False,False,False,False,False,False,distance not exact,connected,connected,True,TC-9bca36c107; TC-9bf8a20fed,2,campaign catalogue,css-large,parent presentation,CL-1cc5db1e; CL-d42149ac,,normalized direct evidence: certified lower 5 (L4); estimated endpoint 6 (B),results/weight5_publication_catalogue.jsonl,"$[[420,6,d\geq 5;\ \widehat d=6]]$"
current_css_w5,current,CSS,5,420,6,8,5,,8,False,interval,C,C,5,,8,False,0.0142857142857,0.914285714286,,0.914285714286,3,False,False,False,False,False,False,False,False,distance not exact,connected,connected,True,TC-9afecfff14; TC-e6369400d5,2,campaign catalogue,css-large,parent presentation,CL-1c3813aa; CL-21aeb4fa; CL-7c720d75,,normalized direct evidence: certified lower 5 (L4); estimated endpoint 8 (B),results/weight5_publication_catalogue.jsonl,"$[[420,6,d\geq 5;\ \widehat d=8]]$"
current_css_w5,current,CSS,5,420,6,10,5,,10,False,interval,C,C,5,,10,False,0.0142857142857,1.42857142857,,1.42857142857,2,False,False,False,False,False,False,False,False,distance not exact,connected,connected,True,TC-cc38413fa6; TC-f54d747229,2,campaign catalogue,css-large,parent presentation,CL-0ec9877d; CL-aa1f235d,,normalized direct evidence: certified lower 5 (L4); estimated endpoint 10 (B),results/weight5_publication_catalogue.jsonl,"$[[420,6,d\geq 5;\ \widehat d=10]]$"
current_css_w5,current,CSS,5,420,6,13,5,,13,False,interval,C,C,5,,13,False,0.0142857142857,2.41428571429,,2.41428571429,2,False,False,False,False,False,False,False,False,distance not exact,connected,connected,True,TC-c7338c7c6e; TC-e1645b2e9e,2,campaign catalogue,css-large,parent presentation,CL-4f88e824; CL-8ba9617f,,normalized direct evidence: certified lower 5 (L4); estimated endpoint 13 (B),results/weight5_publication_catalogue.jsonl,"$[[420,6,d\geq 5;\ \widehat d=13]]$"
current_css_w5,current,CSS,5,420,6,13,5,13,,True,interval,C,C,5,13,,True,0.0142857142857,2.41428571429,2.41428571429,,1,False,False,False,False,False,False,False,False,distance not exact,connected,connected,True,TC-56df6cb87e,1,campaign catalogue,css-large,parent presentation,CL-54d0129e,,normalized direct evidence: certified lower 5 (L4); supported upper 13 (W); estimated endpoint 18 (B),results/weight5_publication_catalogue.jsonl,"$[[420,6,5\leq d\leq 13]]$"
current_css_w5,current,CSS,5,420,6,14,5,14,,True,interval,C,C,5,14,,True,0.0142857142857,2.8,2.8,,1,False,False,False,False,False,False,False,False,distance not exact,connected,connected,True,TC-8aa9adace7,1,campaign catalogue,css-large,parent presentation,CL-85245770,,normalized direct evidence: certified lower 5 (L4); supported upper 14 (W); estimated endpoint 17 (B),results/weight5_publication_catalogue.jsonl,"$[[420,6,5\leq d\leq 14]]$"
current_css_w5,current,CSS,5,420,6,15,5,,15,False,interval,C,C,5,,15,False,0.0142857142857,3.21428571429,,3.21428571429,5,False,False,False,False,False,False,False,False,distance not exact,connected,connected,True,TC-3770e0ec6d; TC-aa1d3b8455; TC-acfbfa9efa; TC-b981c45de7; TC-fd1b6a075b,5,campaign catalogue,css-large,parent presentation,CL-2530c11b; CL-69bf71ea; CL-735d8776; CL-bc646161; CL-f7a6bc43,,normalized direct evidence: certified lower 5 (L4); estimated endpoint 15 (B),results/weight5_publication_catalogue.jsonl,"$[[420,6,d\geq 5;\ \widehat d=15]]$"
current_css_w5,current,CSS,5,420,6,15,5,15,,True,interval,C,C,5,15,,True,0.0142857142857,3.21428571429,3.21428571429,,1,False,False,False,False,False,False,False,False,distance not exact,connected,connected,True,TC-2cac727b2f,1,campaign catalogue,css-large,parent presentation,CL-acd29413,,normalized direct evidence: certified lower 5 (L4); supported upper 15 (I); estimated endpoint 20 (B),results/weight5_publication_catalogue.jsonl,"$[[420,6,5\leq d\leq 15]]$"
current_css_w5,current,CSS,5,420,6,16,5,16,,True,interval,C,C,5,16,,True,0.0142857142857,3.65714285714,3.65714285714,,1,False,False,False,False,False,False,False,False,distance not exact,connected,connected,True,TC-afc6763435,1,campaign catalogue,css-large,parent presentation,CL-dcca76b0,,normalized direct evidence: certified lower 5 (L4); supported upper 16 (I); estimated endpoint 19 (B),results/weight5_publication_catalogue.jsonl,"$[[420,6,5\leq d\leq 16]]$"
current_css_w5,current,CSS,5,420,8,4,4,4,,True,exact,E,E,4,4,,True,0.0190476190476,0.304761904762,0.304761904762,,1,False,False,False,False,False,False,False,False,superseded by complete component-canonical catalogue,disconnected,"2x[[210,4]]",True,TC-f5c4eda055,1,campaign catalogue,css-large,parent presentation,CL-ae04e166,,normalized direct evidence: exact methods H; certified lower 4 (H); supported upper 4 (H); estimated endpoint 9 (B),results/weight5_publication_catalogue.jsonl,"$[[420,8,4]]$"
current_css_w5,current,CSS,5,420,8,5,5,5,,True,exact,E,E,5,5,,True,0.0190476190476,0.47619047619,0.47619047619,,1,False,False,False,False,False,False,False,False,superseded by complete component-canonical catalogue,disconnected,"2x[[210,4]]",True,TC-d1d44425fb,1,campaign catalogue,css-large,parent presentation,CL-37987300,,normalized direct evidence: exact methods L4+W; certified lower 5 (L4); supported upper 5 (W); estimated endpoint 5 (B),results/weight5_publication_catalogue.jsonl,"$[[420,8,5]]$"
current_css_w5,current,CSS,5,420,8,6,5,,6,False,interval,C,E,5,5,,True,0.0190476190476,0.685714285714,,0.685714285714,1,False,False,False,False,False,False,False,False,distance not exact,disconnected,"2x[[210,4]]",True,TC-d1d44425fb,1,campaign catalogue,css-large,parent presentation,CL-32806d84,,normalized direct evidence: certified lower 5 (L4); estimated endpoint 6 (B),results/weight5_publication_catalogue.jsonl,"$[[420,8,d\geq 5;\ \widehat d=6]]$"
current_css_w5,current,CSS,5,420,8,7,5,,7,False,interval,C,C,5,,7,False,0.0190476190476,0.933333333333,,0.933333333333,11,False,False,False,False,False,False,False,False,distance not exact,disconnected,"2x[[210,4]]",True,TC-441a27c210; TC-5c925f4d1f; TC-6f19f50340; TC-86cffcf8b5; TC-a78a830e40; TC-cb09a8457c; TC-cbbafe433d; TC-dcb7ea1610,8,campaign catalogue,css-large,parent presentation,CL-19f71a7e; CL-373036fd; CL-722d606c; CL-7536895e; CL-8311524f; CL-98097a72; CL-9bb8225d; CL-b4fb60c4; CL-e437a721; CL-ec5f2a26; CL-f30dec8e,,normalized direct evidence: certified lower 5 (L4); estimated endpoint 7 (B),results/weight5_publication_catalogue.jsonl,"$[[420,8,d\geq 5;\ \widehat d=7]]$"
current_css_w5,current,CSS,5,420,8,7,5,,7,False,interval,C,C,5,,7,False,0.0190476190476,0.933333333333,,0.933333333333,1,False,False,False,False,False,False,False,False,distance not exact,connected,connected,True,TC-99eb775658,1,campaign catalogue,css-large,parent presentation,CL-263c4ed6,,normalized direct evidence: certified lower 5 (L4); estimated endpoint 7 (B),results/weight5_publication_catalogue.jsonl,"$[[420,8,d\geq 5;\ \widehat d=7]]$"
current_css_w5,current,CSS,5,420,8,9,5,,9,False,interval,C,C,5,,9,False,0.0190476190476,1.54285714286,,1.54285714286,3,False,False,False,False,False,False,False,False,distance not exact,disconnected,"2x[[210,4]]",True,TC-495d60eace; TC-dc4a3fab74; TC-ed98f84b06,3,campaign catalogue,css-large,parent presentation,CL-568676b0; CL-845845df; CL-9de7ed68,,normalized direct evidence: certified lower 5 (L4); estimated endpoint 9 (B),results/weight5_publication_catalogue.jsonl,"$[[420,8,d\geq 5;\ \widehat d=9]]$"
current_css_w5,current,CSS,5,420,8,10,5,,10,False,interval,C,C,5,,10,False,0.0190476190476,1.90476190476,,1.90476190476,2,False,False,False,False,False,False,False,False,distance not exact,disconnected,"2x[[210,4]]",True,TC-58063efc99; TC-77443d7aa4,2,campaign catalogue,css-large,parent presentation,CL-84deda58; CL-f7222fc1,,normalized direct evidence: certified lower 5 (L4); estimated endpoint 10 (B),results/weight5_publication_catalogue.jsonl,"$[[420,8,d\geq 5;\ \widehat d=10]]$"
current_css_w5,current,CSS,5,420,8,11,5,,11,False,interval,C,C,5,,11,False,0.0190476190476,2.30476190476,,2.30476190476,1,False,False,False,False,False,False,False,False,distance not exact,disconnected,"2x[[210,4]]",True,TC-23ece1ff30,1,campaign catalogue,css-large,parent presentation,CL-f742ab37,,normalized direct evidence: certified lower 5 (L4); estimated endpoint 11 (B),results/weight5_publication_catalogue.jsonl,"$[[420,8,d\geq 5;\ \widehat d=11]]$"
current_css_w5,current,CSS,5,420,8,12,5,,12,False,interval,C,C,5,,12,False,0.0190476190476,2.74285714286,,2.74285714286,2,False,False,False,False,False,False,False,False,distance not exact,disconnected,"2x[[210,4]]",True,TC-418b2b7535; TC-e7e5fbb07c,2,campaign catalogue,css-large,parent presentation,CL-0533da8a; CL-d377ce58,,normalized direct evidence: certified lower 5 (L4); estimated endpoint 12 (B),results/weight5_publication_catalogue.jsonl,"$[[420,8,d\geq 5;\ \widehat d=12]]$"
current_css_w5,current,CSS,5,420,8,13,5,,13,False,interval,C,C,5,,13,False,0.0190476190476,3.21904761905,,3.21904761905,2,False,False,False,False,False,False,False,False,distance not exact,disconnected,"2x[[210,4]]",True,TC-83be7e9848; TC-cc4319d343,2,campaign catalogue,css-large,parent presentation,CL-0e057d70; CL-c822290f,,normalized direct evidence: certified lower 5 (L4); estimated endpoint 13 (B),results/weight5_publication_catalogue.jsonl,"$[[420,8,d\geq 5;\ \widehat d=13]]$"
current_css_w5,current,CSS,5,420,8,13,5,13,,True,interval,C,C,5,13,,True,0.0190476190476,3.21904761905,3.21904761905,,2,False,False,False,False,False,False,False,False,distance not exact,connected,connected,True,TC-373428bf08; TC-a76c362342,2,campaign catalogue,css-large,parent presentation,CL-4a95cc39; CL-d192c3d1,,normalized direct evidence: certified lower 5 (L4); supported upper 13 (W); estimated endpoint 14 (B),results/weight5_publication_catalogue.jsonl,"$[[420,8,5\leq d\leq 13]]$"
current_css_w5,current,CSS,5,420,8,14,5,,14,False,interval,C,C,5,,14,False,0.0190476190476,3.73333333333,,3.73333333333,4,False,False,False,False,False,False,False,False,distance not exact,connected,connected,True,TC-1c1544d965; TC-5b925d8330; TC-7ecd69b6cb; TC-82aae90910,4,campaign catalogue,css-large,parent presentation,CL-576cc4f9; CL-5e7d0343; CL-e2918556; CL-eb460c33,,normalized direct evidence: certified lower 5 (L4); estimated endpoint 14 (B),results/weight5_publication_catalogue.jsonl,"$[[420,8,d\geq 5;\ \widehat d=14]]$"
current_css_w5,current,CSS,5,420,8,15,5,15,,True,interval,C,C,5,15,,True,0.0190476190476,4.28571428571,4.28571428571,,1,False,False,False,False,False,False,False,False,distance not exact,disconnected,"2x[[210,4]]",True,TC-139554fea8,1,campaign catalogue,css-large,parent presentation,CL-53812e7c,,normalized direct evidence: certified lower 5 (L4); supported upper 15 (I); estimated endpoint 18 (B),results/weight5_publication_catalogue.jsonl,"$[[420,8,5\leq d\leq 15]]$"
current_css_w5,current,CSS,5,420,8,15,5,,15,False,interval,C,C,5,,15,False,0.0190476190476,4.28571428571,,4.28571428571,1,False,False,False,False,False,False,False,False,distance not exact,disconnected,"2x[[210,4]]",True,TC-d6b45d602d,1,campaign catalogue,css-large,parent presentation,CL-86fa16fa,,normalized direct evidence: certified lower 5 (L4); estimated endpoint 15 (B),results/weight5_publication_catalogue.jsonl,"$[[420,8,d\geq 5;\ \widehat d=15]]$"
current_css_w5,current,CSS,5,420,8,16,5,,16,False,interval,C,C,5,,16,False,0.0190476190476,4.87619047619,,4.87619047619,1,False,False,False,False,False,False,False,False,distance not exact,disconnected,"2x[[210,4]]",True,TC-a9027c1c61,1,campaign catalogue,css-large,parent presentation,CL-f1fe99b8,,normalized direct evidence: certified lower 5 (L4); estimated endpoint 16 (B),results/weight5_publication_catalogue.jsonl,"$[[420,8,d\geq 5;\ \widehat d=16]]$"
current_css_w5,current,CSS,5,420,10,5,5,5,,True,exact,E,E,5,5,,True,0.0238095238095,0.595238095238,0.595238095238,,1,False,False,False,False,False,False,False,False,superseded by complete component-canonical catalogue,connected,connected,True,TC-6087c810ff,1,campaign catalogue,css-large,parent presentation,CL-94086b72,,normalized direct evidence: exact methods L4+W; certified lower 5 (L4); supported upper 5 (W); estimated endpoint 5 (B),results/weight5_publication_catalogue.jsonl,"$[[420,10,5]]$"
current_css_w5,current,CSS,5,420,10,10,5,,10,False,interval,C,C,5,,10,False,0.0238095238095,2.38095238095,,2.38095238095,1,False,False,False,False,False,False,False,False,distance not exact,connected,connected,True,TC-0af5ce8343,1,campaign catalogue,css-large,parent presentation,CL-18ce8ea0,,normalized direct evidence: certified lower 5 (L4); estimated endpoint 10 (B),results/weight5_publication_catalogue.jsonl,"$[[420,10,d\geq 5;\ \widehat d=10]]$"
current_css_w5,current,CSS,5,420,12,3,3,3,,True,exact,E,E,3,3,,True,0.0285714285714,0.257142857143,0.257142857143,,1,False,False,False,False,False,False,False,False,superseded by complete component-canonical catalogue,disconnected,"2x[[210,6]]",True,TC-61ab537e48,1,campaign catalogue,css-large,parent presentation,CL-7a5b9b2b,,normalized direct evidence: exact methods H; certified lower 3 (H); supported upper 3 (H); estimated endpoint 3 (B),results/weight5_publication_catalogue.jsonl,"$[[420,12,3]]$"
current_css_w5,current,CSS,5,420,12,9,9,9,,True,exact,E,E,9,9,,True,0.0285714285714,2.31428571429,2.31428571429,,1,False,False,False,False,False,False,False,False,superseded by complete component-canonical catalogue,disconnected,"2x[[210,6]]",True,TC-47e8328ca2,1,campaign catalogue,css-large,parent presentation,CL-84c084df,,normalized direct evidence: exact methods M; certified lower 9 (M); supported upper 9 (M); estimated endpoint 15 (B),results/weight5_publication_catalogue.jsonl,"$[[420,12,9]]$"
current_css_w5,current,CSS,5,420,12,9,5,,9,False,interval,C,C,5,,9,False,0.0285714285714,2.31428571429,,2.31428571429,1,False,False,False,False,False,False,False,False,distance not exact,disconnected,"2x[[210,6]]",True,TC-f0d5265bf8,1,campaign catalogue,css-large,parent presentation,CL-4efbd3b7,,normalized direct evidence: certified lower 5 (L4); estimated endpoint 9 (B),results/weight5_publication_catalogue.jsonl,"$[[420,12,d\geq 5;\ \widehat d=9]]$"
current_css_w5,current,CSS,5,420,12,10,10,10,,True,exact,E,E,10,10,,True,0.0285714285714,2.85714285714,2.85714285714,,1,False,False,False,False,False,False,False,False,superseded by complete component-canonical catalogue,disconnected,"2x[[210,6]]",True,TC-4f12881c36,1,campaign catalogue,css-large,parent presentation,CL-97118c06,,normalized direct evidence: exact methods M; certified lower 10 (M); supported upper 10 (M); estimated endpoint 15 (B),results/weight5_publication_catalogue.jsonl,"$[[420,12,10]]$"
current_css_w5,current,CSS,5,420,12,10,5,,10,False,interval,C,C,5,,10,False,0.0285714285714,2.85714285714,,2.85714285714,1,False,False,False,False,False,False,False,False,distance not exact,disconnected,"2x[[210,6]]",True,TC-2edc47d392,1,campaign catalogue,css-large,parent presentation,CL-2075fcbc,,normalized direct evidence: certified lower 5 (L4); estimated endpoint 10 (B),results/weight5_publication_catalogue.jsonl,"$[[420,12,d\geq 5;\ \widehat d=10]]$"
current_css_w5,current,CSS,5,420,12,12,5,,12,False,interval,C,C,5,,12,False,0.0285714285714,4.11428571429,,4.11428571429,1,False,False,False,False,False,False,False,False,distance not exact,disconnected,"2x[[210,6]]",True,TC-5ce86a48d6,1,campaign catalogue,css-large,parent presentation,CL-28abb736,,normalized direct evidence: certified lower 5 (L4); estimated endpoint 12 (B),results/weight5_publication_catalogue.jsonl,"$[[420,12,d\geq 5;\ \widehat d=12]]$"
current_css_w5,current,CSS,5,420,16,7,7,7,,True,exact,E,E,7,7,,True,0.0380952380952,1.86666666667,1.86666666667,,3,False,False,False,False,False,False,False,False,superseded by complete component-canonical catalogue,disconnected,"2x[[210,8]]",True,TC-1f0ae24a38; TC-92261ab685; TC-ffbe50f122,3,campaign catalogue,css-large,parent presentation,CL-10274ff6; CL-1553fac6; CL-e6216eab,,normalized direct evidence: exact methods M; certified lower 7 (M); supported upper 7 (M); estimated endpoint 14 (B); normalized direct evidence: exact methods M; certified lower 7 (M); supported upper 7 (M); estimated endpoint 20 (B),results/weight5_publication_catalogue.jsonl,"$[[420,16,7]]$"
current_css_w5,current,CSS,5,420,16,8,5,,8,False,interval,C,C,5,,8,False,0.0380952380952,2.4380952381,,2.4380952381,2,False,False,False,False,False,False,False,False,distance not exact,disconnected,"2x[[210,8]]",True,TC-3febe35c9d,1,campaign catalogue,css-large,parent presentation,CL-7e34d25c; CL-d8e257ac,,normalized direct evidence: certified lower 5 (L4); estimated endpoint 8 (B),results/weight5_publication_catalogue.jsonl,"$[[420,16,d\geq 5;\ \widehat d=8]]$"
current_css_w5,current,CSS,5,420,18,9,9,9,,True,exact,E,E,9,9,,True,0.0428571428571,3.47142857143,3.47142857143,,1,False,False,False,False,False,False,False,False,superseded by complete component-canonical catalogue,disconnected,"3x[[140,6]]",True,TC-2c8d3cb8dd,1,campaign catalogue,css-large,parent presentation,CL-0286b883,,"normalized direct evidence: exact methods M; certified lower 9 (M); supported upper 9 (M); estimated endpoint 14 (B), 24 (B)",results/weight5_publication_catalogue.jsonl,"$[[420,18,9]]$"
current_css_w5,current,CSS,5,420,18,10,10,10,,True,exact,E,E,10,10,,True,0.0428571428571,4.28571428571,4.28571428571,,1,False,False,False,False,False,False,False,False,superseded by complete component-canonical catalogue,disconnected,"3x[[140,6]]",True,TC-12273d8555,1,campaign catalogue,css-large,parent presentation,CL-f8ef7ae2,,normalized direct evidence: exact methods M; certified lower 10 (M); supported upper 10 (M); estimated endpoint 20 (B),results/weight5_publication_catalogue.jsonl,"$[[420,18,10]]$"
current_css_w5,current,CSS,5,420,20,5,5,5,,True,exact,E,E,5,5,,True,0.047619047619,1.19047619048,1.19047619048,,1,False,False,False,False,False,False,False,False,superseded by complete component-canonical catalogue,disconnected,"2x[[210,10]]",True,TC-744d7e7cb3,1,campaign catalogue,css-large,parent presentation,CL-253c2c53,,normalized direct evidence: exact methods M; certified lower 5 (M); supported upper 5 (M); estimated endpoint 23 (B),results/weight5_publication_catalogue.jsonl,"$[[420,20,5]]$"
current_css_w5,current,CSS,5,420,20,6,6,6,,True,exact,E,E,6,6,,True,0.047619047619,1.71428571429,1.71428571429,,2,False,False,False,False,False,False,False,False,superseded by complete component-canonical catalogue,disconnected,"5x[[84,4]]",True,TC-9a8e6d5525; TC-ba00f45f60,2,campaign catalogue,css-large,parent presentation,CL-e2ab51c4; CL-e891e16d,,"normalized direct evidence: exact methods M; certified lower 6 (M); supported upper 6 (M); estimated endpoint 17 (B), 20 (B), 21 (B), 24 (B), 27 (B); normalized direct evidence: exact methods M; certified lower 6 (M); supported upper 6 (M); estimated endpoint 27 (B)",results/weight5_publication_catalogue.jsonl,"$[[420,20,6]]$"
current_css_w5,current,CSS,5,420,20,7,7,7,,True,exact,E,E,7,7,,True,0.047619047619,2.33333333333,2.33333333333,,1,False,False,False,False,False,False,False,False,superseded by complete component-canonical catalogue,disconnected,"5x[[84,4]]",True,TC-4b205815c1,1,campaign catalogue,css-large,parent presentation,CL-0eaa9430,,normalized direct evidence: exact methods M; certified lower 7 (M); supported upper 7 (M); estimated endpoint 15 (B),results/weight5_publication_catalogue.jsonl,"$[[420,20,7]]$"
current_css_w5,current,CSS,5,420,20,8,8,8,,True,exact,E,E,8,8,,True,0.047619047619,3.04761904762,3.04761904762,,1,False,False,False,False,False,False,False,False,superseded by complete component-canonical catalogue,disconnected,"5x[[84,4]]",True,TC-f4e07e5c65,1,campaign catalogue,css-large,parent presentation,CL-1830493f,,"normalized direct evidence: exact methods M; certified lower 8 (M); supported upper 8 (M); estimated endpoint 18 (B), 30 (B)",results/weight5_publication_catalogue.jsonl,"$[[420,20,8]]$"
current_css_w5,current,CSS,5,420,30,3,3,3,,True,exact,E,E,3,3,,True,0.0714285714286,0.642857142857,0.642857142857,,1,False,False,False,False,False,False,False,False,superseded by complete component-canonical catalogue,disconnected,"5x[[84,6]]",True,TC-b2d87dd5e5,1,campaign catalogue,css-large,parent presentation,CL-abc3d2fe,,"normalized direct evidence: exact methods H; certified lower 3 (H); supported upper 3 (H), 3 (W); estimated endpoint 40 (B)",results/weight5_publication_catalogue.jsonl,"$[[420,30,3]]$"
current_css_w5,current,CSS,5,420,40,5,5,5,,True,exact,E,E,5,5,,True,0.0952380952381,2.38095238095,2.38095238095,,1,False,False,False,False,False,False,False,False,superseded by complete component-canonical catalogue,disconnected,"10x[[42,4]]",True,TC-847ffd5200,1,campaign catalogue,css-large,parent presentation,CL-437b6e5f,f3d105daeddb32ed28c5abf04dfc7d59f9443b7f1e14eff8db8afd048a83404b,"normalized direct evidence: exact methods Hc; certified lower 5 (Hc); supported upper 5 (Hc); estimated endpoint 52 (B), 53 (B), 54 (B), 58 (B)",results/weight5_publication_catalogue.jsonl,"$[[420,40,5]]$"
current_css_w5,current,CSS,5,420,60,3,3,3,,True,exact,E,E,3,3,,True,0.142857142857,1.28571428571,1.28571428571,,1,False,False,False,False,False,False,False,False,superseded by complete component-canonical catalogue,disconnected,"10x[[42,6]]",True,TC-e11e662678,1,campaign catalogue,css-large,parent presentation,CL-4b943aa2,e302bf3151055cc6fe708ccfc4065f552d18fcc0fb5f9dcc786d0e33684da113,normalized direct evidence: exact methods Hc; certified lower 3 (Hc); supported upper 3 (Hc); estimated endpoint 65 (B),results/weight5_publication_catalogue.jsonl,"$[[420,60,3]]$"
current_css_w5,current,CSS,5,432,4,4,4,4,,True,exact,E,E,4,4,,True,0.00925925925926,0.148148148148,0.148148148148,,1,False,False,False,False,False,False,False,False,superseded by complete component-canonical catalogue,connected,connected,True,TC-520820856c,1,campaign catalogue,css-large,parent presentation,CL-2de98d42,,normalized direct evidence: exact methods H; certified lower 4 (H); supported upper 4 (H); estimated endpoint 4 (B),results/weight5_publication_catalogue.jsonl,"$[[432,4,4]]$"
current_css_w5,current,CSS,5,432,4,6,5,,6,False,interval,C,C,5,,6,False,0.00925925925926,0.333333333333,,0.333333333333,8,False,False,False,False,False,False,False,False,distance not exact,connected,connected,True,TC-10a841370f; TC-1fefed834a; TC-73ac3bb282; TC-8dd062c01f; TC-dd468332ec,5,campaign catalogue,css-large,parent presentation,CL-0266a837; CL-1686f947; CL-481d459f; CL-5a1f8e7d; CL-7779d7b9; CL-9074474c; CL-b8e96f72; CL-d079538f,,normalized direct evidence: certified lower 5 (L4); estimated endpoint 6 (B),results/weight5_publication_catalogue.jsonl,"$[[432,4,d\geq 5;\ \widehat d=6]]$"
current_css_w5,current,CSS,5,432,4,8,5,,8,False,interval,C,C,5,,8,False,0.00925925925926,0.592592592593,,0.592592592593,6,False,False,False,False,False,False,False,False,distance not exact,connected,connected,True,TC-06195bc620; TC-5ec79a2caa; TC-c5732157a1,3,campaign catalogue,css-large,parent presentation,CL-0ad5b376; CL-0f6d30a0; CL-3bee8f1a; CL-4762a007; CL-541b8e2e; CL-67ae2165,,normalized direct evidence: certified lower 5 (L4); estimated endpoint 8 (B),results/weight5_publication_catalogue.jsonl,"$[[432,4,d\geq 5;\ \widehat d=8]]$"
current_css_w5,current,CSS,5,432,4,9,5,,9,False,interval,C,C,5,,8,False,0.00925925925926,0.75,,0.75,1,False,False,False,False,False,False,False,False,distance not exact,connected,connected,True,TC-5ec79a2caa,1,campaign catalogue,css-large,parent presentation,CL-11f56764,,normalized direct evidence: certified lower 5 (L4); estimated endpoint 9 (B),results/weight5_publication_catalogue.jsonl,"$[[432,4,d\geq 5;\ \widehat d=9]]$"
current_css_w5,current,CSS,5,432,4,9,5,,9,False,interval,C,C,5,,9,False,0.00925925925926,0.75,,0.75,1,False,False,False,False,False,False,False,False,distance not exact,connected,connected,True,TC-93ddec2ffa,1,campaign catalogue,css-large,parent presentation,CL-ed2078cc,,normalized direct evidence: certified lower 5 (L4); estimated endpoint 9 (B),results/weight5_publication_catalogue.jsonl,"$[[432,4,d\geq 5;\ \widehat d=9]]$"
current_css_w5,current,CSS,5,432,4,10,10,10,,True,exact,E,E,10,10,,True,0.00925925925926,0.925925925926,0.925925925926,,1,False,False,False,False,False,False,False,False,superseded by complete component-canonical catalogue,connected,connected,True,TC-34328062f5,1,campaign catalogue,css-large,parent presentation,CL-afd67a34,,normalized direct evidence: exact methods M; certified lower 10 (M); supported upper 10 (M); estimated endpoint 24 (B),results/weight5_publication_catalogue.jsonl,"$[[432,4,10]]$"
current_css_w5,current,CSS,5,432,4,10,5,,10,False,interval,C,C,5,,6,False,0.00925925925926,0.925925925926,,0.925925925926,1,False,False,False,False,False,False,False,False,distance not exact,connected,connected,True,TC-8dd062c01f,1,campaign catalogue,css-large,parent presentation,CL-4dc3dd1c,,normalized direct evidence: certified lower 5 (L4); estimated endpoint 10 (B),results/weight5_publication_catalogue.jsonl,"$[[432,4,d\geq 5;\ \widehat d=10]]$"
current_css_w5,current,CSS,5,432,4,10,5,,10,False,interval,C,C,5,,8,False,0.00925925925926,0.925925925926,,0.925925925926,2,False,False,False,False,False,False,False,False,distance not exact,connected,connected,True,TC-5ec79a2caa,1,campaign catalogue,css-large,parent presentation,CL-cecdd4e0; CL-f080de38,,normalized direct evidence: certified lower 5 (L4); estimated endpoint 10 (B),results/weight5_publication_catalogue.jsonl,"$[[432,4,d\geq 5;\ \widehat d=10]]$"
current_css_w5,current,CSS,5,432,4,10,5,,10,False,interval,C,E,10,10,,True,0.00925925925926,0.925925925926,,0.925925925926,1,False,False,False,False,False,False,False,False,distance not exact,connected,connected,True,TC-34328062f5,1,campaign catalogue,css-large,parent presentation,CL-f334fecb,,normalized direct evidence: certified lower 5 (L4); estimated endpoint 10 (B),results/weight5_publication_catalogue.jsonl,"$[[432,4,d\geq 5;\ \widehat d=10]]$"
current_css_w5,current,CSS,5,432,4,11,5,,11,False,interval,C,C,5,,8,False,0.00925925925926,1.12037037037,,1.12037037037,1,False,False,False,False,False,False,False,False,distance not exact,connected,connected,True,TC-5ec79a2caa,1,campaign catalogue,css-large,parent presentation,CL-8c97e795,,normalized direct evidence: certified lower 5 (L4); estimated endpoint 11 (B),results/weight5_publication_catalogue.jsonl,"$[[432,4,d\geq 5;\ \widehat d=11]]$"
current_css_w5,current,CSS,5,432,4,12,5,,12,False,interval,C,C,5,,12,False,0.00925925925926,1.33333333333,,1.33333333333,18,False,False,False,False,False,False,False,False,distance not exact,connected,connected,True,TC-08a97d335c; TC-1b69effb4a; TC-3034587346; TC-418342438f; TC-68ad14ec0b; TC-703caac4a3; TC-a36b988d9d; TC-a9b55880df; TC-bee0ee8bf1; TC-ef48674be6,10,campaign catalogue,css-large,parent presentation,CL-05950d9c; CL-28f3c8be; CL-2c380f36; CL-2faf8b1a; CL-3013bfee; CL-373c7ffa; CL-4065bf35; CL-495ff19e; CL-516d74b4; CL-575c4633; CL-57ab2cf0; CL-59730d0d; CL-6c6932a1; CL-7d5cd2d4; CL-ba633f94; CL-bf010b59; CL-d128d426; CL-f861f46c,,normalized direct evidence: certified lower 5 (L4); estimated endpoint 12 (B),results/weight5_publication_catalogue.jsonl,"$[[432,4,d\geq 5;\ \widehat d=12]]$"
current_css_w5,current,CSS,5,432,4,12,5,12,,True,interval,C,C,5,12,,True,0.00925925925926,1.33333333333,1.33333333333,,2,False,False,False,False,False,False,False,False,distance not exact,connected,connected,True,TC-18b68234a3; TC-d393ffd76e,2,campaign catalogue,css-large,parent presentation,CL-40a1f698; CL-89827bd2,,normalized direct evidence: certified lower 5 (L4); supported upper 12 (I); estimated endpoint 25 (B); normalized direct evidence: certified lower 5 (L4); supported upper 12 (W); estimated endpoint 23 (B),results/weight5_publication_catalogue.jsonl,"$[[432,4,5\leq d\leq 12]]$"
current_css_w5,current,CSS,5,432,4,13,5,,13,False,interval,C,C,5,,8,False,0.00925925925926,1.56481481481,,1.56481481481,2,False,False,False,False,False,False,False,False,distance not exact,connected,connected,True,TC-5ec79a2caa,1,campaign catalogue,css-large,parent presentation,CL-41a4208f; CL-74cae728,,normalized direct evidence: certified lower 5 (L4); estimated endpoint 13 (B),results/weight5_publication_catalogue.jsonl,"$[[432,4,d\geq 5;\ \widehat d=13]]$"
current_css_w5,current,CSS,5,432,4,14,5,,14,False,interval,C,C,5,12,,True,0.00925925925926,1.81481481481,,1.81481481481,1,False,False,False,False,False,False,False,False,distance not exact,connected,connected,True,TC-d393ffd76e,1,campaign catalogue,css-large,parent presentation,CL-6e6caeb4,,normalized direct evidence: certified lower 5 (L4); estimated endpoint 14 (B),results/weight5_publication_catalogue.jsonl,"$[[432,4,d\geq 5;\ \widehat d=14]]$"
current_css_w5,current,CSS,5,432,4,15,5,,15,False,interval,C,C,5,,15,False,0.00925925925926,2.08333333333,,2.08333333333,2,False,False,False,False,False,False,False,False,distance not exact,connected,connected,True,TC-85eb531b74,1,campaign catalogue,css-large,parent presentation,CL-27d64c86; CL-a2c75214,,normalized direct evidence: certified lower 5 (L4); estimated endpoint 15 (B),results/weight5_publication_catalogue.jsonl,"$[[432,4,d\geq 5;\ \widehat d=15]]$"
current_css_w5,current,CSS,5,432,4,16,5,,16,False,interval,C,C,5,,16,False,0.00925925925926,2.37037037037,,2.37037037037,5,False,False,False,False,False,False,False,False,distance not exact,connected,connected,True,TC-4617ed22e2; TC-8e6d9bad18; TC-c007e92ce7,3,campaign catalogue,css-large,parent presentation,CL-4d582597; CL-530a0abf; CL-641bf737; CL-78b51cab; CL-d78337f6,,normalized direct evidence: certified lower 5 (L4); estimated endpoint 16 (B),results/weight5_publication_catalogue.jsonl,"$[[432,4,d\geq 5;\ \widehat d=16]]$"
current_css_w5,current,CSS,5,432,4,16,5,16,,True,interval,C,C,5,16,,True,0.00925925925926,2.37037037037,2.37037037037,,1,False,False,False,False,False,False,False,False,distance not exact,connected,connected,True,TC-93d390ebec,1,campaign catalogue,css-large,parent presentation,CL-5e1d4e3b,,normalized direct evidence: certified lower 5 (L4); supported upper 16 (I); estimated endpoint 35 (B),results/weight5_publication_catalogue.jsonl,"$[[432,4,5\leq d\leq 16]]$"
current_css_w5,current,CSS,5,432,4,16,5,,16,False,interval,C,C,5,,15,False,0.00925925925926,2.37037037037,,2.37037037037,1,False,False,False,False,False,False,False,False,distance not exact,connected,connected,True,TC-85eb531b74,1,campaign catalogue,css-large,parent presentation,CL-7a6583b3,,normalized direct evidence: certified lower 5 (L4); estimated endpoint 16 (B),results/weight5_publication_catalogue.jsonl,"$[[432,4,d\geq 5;\ \widehat d=16]]$"
current_css_w5,current,CSS,5,432,4,18,5,,18,False,interval,C,C,5,,18,False,0.00925925925926,3,,3,17,False,False,False,False,False,False,False,False,distance not exact,connected,connected,True,TC-166ed3ca10; TC-2742aaf126; TC-652a3ad92b; TC-788f9f1fe0; TC-8100e8d937; TC-9e37e51025; TC-a4211e860e; TC-b52e22c9d7; TC-bad5acdd42; TC-c252feb4f3; TC-c821f6e87e; TC-cccbbb485a; TC-d85a1b2934; TC-edab1cbf1c,14,campaign catalogue,css-large,parent presentation,CL-0f1284f8; CL-2e0cf084; CL-4961ba0d; CL-582ece9e; CL-64d76631; CL-70597c08; CL-717400ff; CL-7b37e7a6; CL-85dac287; CL-888cfcaa; CL-93045f02; CL-935f70e2; CL-9687b770; CL-c459a3a7; CL-ca8fe696; CL-e1a8fb45; CL-e206740e,,normalized direct evidence: certified lower 5 (L4); estimated endpoint 18 (B),results/weight5_publication_catalogue.jsonl,"$[[432,4,d\geq 5;\ \widehat d=18]]$"
current_css_w5,current,CSS,5,432,4,18,5,,18,False,interval,C,C,5,,15,False,0.00925925925926,3,,3,1,False,False,False,False,False,False,False,False,distance not exact,connected,connected,True,TC-85eb531b74,1,campaign catalogue,css-large,parent presentation,CL-31bd01b9,,normalized direct evidence: certified lower 5 (L4); estimated endpoint 18 (B),results/weight5_publication_catalogue.jsonl,"$[[432,4,d\geq 5;\ \widehat d=18]]$"
current_css_w5,current,CSS,5,432,4,18,5,,18,False,interval,C,C,5,12,,True,0.00925925925926,3,,3,1,False,False,False,False,False,False,False,False,distance not exact,connected,connected,True,TC-d393ffd76e,1,campaign catalogue,css-large,parent presentation,CL-50ab00d1,,normalized direct evidence: certified lower 5 (L4); estimated endpoint 18 (B),results/weight5_publication_catalogue.jsonl,"$[[432,4,d\geq 5;\ \widehat d=18]]$"
current_css_w5,current,CSS,5,432,4,18,5,,18,False,interval,C,C,5,,16,False,0.00925925925926,3,,3,2,False,False,False,False,False,False,False,False,distance not exact,connected,connected,True,TC-8e6d9bad18; TC-c007e92ce7,2,campaign catalogue,css-large,parent presentation,CL-754eef8b; CL-c562025d,,normalized direct evidence: certified lower 5 (L4); estimated endpoint 18 (B),results/weight5_publication_catalogue.jsonl,"$[[432,4,d\geq 5;\ \widehat d=18]]$"
current_css_w5,current,CSS,5,432,4,19,5,,19,False,interval,C,C,5,,15,False,0.00925925925926,3.34259259259,,3.34259259259,1,False,False,False,False,False,False,False,False,distance not exact,connected,connected,True,TC-85eb531b74,1,campaign catalogue,css-large,parent presentation,CL-63846187,,normalized direct evidence: certified lower 5 (L4); estimated endpoint 19 (B),results/weight5_publication_catalogue.jsonl,"$[[432,4,d\geq 5;\ \widehat d=19]]$"
current_css_w5,current,CSS,5,432,4,19,5,,19,False,interval,C,C,5,,18,False,0.00925925925926,3.34259259259,,3.34259259259,1,False,False,False,False,False,False,False,False,distance not exact,connected,connected,True,TC-bad5acdd42,1,campaign catalogue,css-large,parent presentation,CL-9b2cfe69,,normalized direct evidence: certified lower 5 (L4); estimated endpoint 19 (B),results/weight5_publication_catalogue.jsonl,"$[[432,4,d\geq 5;\ \widehat d=19]]$"
current_css_w5,current,CSS,5,432,4,20,5,,20,False,interval,C,C,5,,15,False,0.00925925925926,3.7037037037,,3.7037037037,1,False,False,False,False,False,False,False,False,distance not exact,connected,connected,True,TC-85eb531b74,1,campaign catalogue,css-large,parent presentation,CL-52f27103,,normalized direct evidence: certified lower 5 (L4); estimated endpoint 20 (B),results/weight5_publication_catalogue.jsonl,"$[[432,4,d\geq 5;\ \widehat d=20]]$"
current_css_w5,current,CSS,5,432,4,20,5,,20,False,interval,C,C,5,,18,False,0.00925925925926,3.7037037037,,3.7037037037,4,False,False,False,False,False,False,False,False,distance not exact,connected,connected,True,TC-bad5acdd42,1,campaign catalogue,css-large,parent presentation,CL-7d71a5f7; CL-a2742d87; CL-a9dbd153; CL-ca478963,,normalized direct evidence: certified lower 5 (L4); estimated endpoint 20 (B),results/weight5_publication_catalogue.jsonl,"$[[432,4,d\geq 5;\ \widehat d=20]]$"
current_css_w5,current,CSS,5,432,4,20,5,,20,False,interval,C,E,10,10,,True,0.00925925925926,3.7037037037,,3.7037037037,1,False,False,False,False,False,False,False,False,distance not exact,connected,connected,True,TC-34328062f5,1,campaign catalogue,css-large,parent presentation,CL-99b02885,,normalized direct evidence: certified lower 5 (L4); estimated endpoint 20 (B),results/weight5_publication_catalogue.jsonl,"$[[432,4,d\geq 5;\ \widehat d=20]]$"
current_css_w5,current,CSS,5,432,4,22,5,,22,False,interval,C,C,5,,22,False,0.00925925925926,4.48148148148,,4.48148148148,4,False,False,False,False,False,False,False,False,distance not exact,connected,connected,True,TC-0b2de665db; TC-4861fdd443; TC-740742faed; TC-bb651c6e00,4,campaign catalogue,css-large,parent presentation,CL-00d3b304; CL-2cf3ba31; CL-960fac4a; CL-b58f52c9,,normalized direct evidence: certified lower 5 (L4); estimated endpoint 22 (B),results/weight5_publication_catalogue.jsonl,"$[[432,4,d\geq 5;\ \widehat d=22]]$"
current_css_w5,current,CSS,5,432,4,22,5,,22,False,interval,C,C,5,,18,False,0.00925925925926,4.48148148148,,4.48148148148,2,False,False,False,False,False,False,False,False,distance not exact,connected,connected,True,TC-bad5acdd42; TC-d85a1b2934,2,campaign catalogue,css-large,parent presentation,CL-2c48572e; CL-372589cc,,normalized direct evidence: certified lower 5 (L4); estimated endpoint 22 (B),results/weight5_publication_catalogue.jsonl,"$[[432,4,d\geq 5;\ \widehat d=22]]$"
current_css_w5,current,CSS,5,432,4,22,5,,22,False,interval,C,C,5,,15,False,0.00925925925926,4.48148148148,,4.48148148148,1,False,False,False,False,False,False,False,False,distance not exact,connected,connected,True,TC-85eb531b74,1,campaign catalogue,css-large,parent presentation,CL-5fba4f58,,normalized direct evidence: certified lower 5 (L4); estimated endpoint 22 (B),results/weight5_publication_catalogue.jsonl,"$[[432,4,d\geq 5;\ \widehat d=22]]$"
current_css_w5,current,CSS,5,432,4,22,5,,22,False,interval,C,E,10,10,,True,0.00925925925926,4.48148148148,,4.48148148148,1,False,False,False,False,False,False,False,False,distance not exact,connected,connected,True,TC-34328062f5,1,campaign catalogue,css-large,parent presentation,CL-a78749f2,,normalized direct evidence: certified lower 5 (L4); estimated endpoint 22 (B),results/weight5_publication_catalogue.jsonl,"$[[432,4,d\geq 5;\ \widehat d=22]]$"
current_css_w5,current,CSS,5,432,4,23,5,,23,False,interval,C,E,10,10,,True,0.00925925925926,4.89814814815,,4.89814814815,1,False,False,False,False,False,False,False,False,distance not exact,connected,connected,True,TC-34328062f5,1,campaign catalogue,css-large,parent presentation,CL-5be73e9c,,normalized direct evidence: certified lower 5 (L4); estimated endpoint 23 (B),results/weight5_publication_catalogue.jsonl,"$[[432,4,d\geq 5;\ \widehat d=23]]$"
current_css_w5,current,CSS,5,432,4,23,5,,23,False,interval,C,C,5,,18,False,0.00925925925926,4.89814814815,,4.89814814815,1,False,False,False,False,False,False,False,False,distance not exact,connected,connected,True,TC-bad5acdd42,1,campaign catalogue,css-large,parent presentation,CL-a29790f4,,normalized direct evidence: certified lower 5 (L4); estimated endpoint 23 (B),results/weight5_publication_catalogue.jsonl,"$[[432,4,d\geq 5;\ \widehat d=23]]$"
current_css_w5,current,CSS,5,432,4,23,5,,23,False,interval,C,C,5,,22,False,0.00925925925926,4.89814814815,,4.89814814815,1,False,False,False,False,False,False,False,False,distance not exact,connected,connected,True,TC-0b2de665db,1,campaign catalogue,css-large,parent presentation,CL-ac793cd4,,normalized direct evidence: certified lower 5 (L4); estimated endpoint 23 (B),results/weight5_publication_catalogue.jsonl,"$[[432,4,d\geq 5;\ \widehat d=23]]$"
current_css_w5,current,CSS,5,432,4,23,5,23,,True,interval,C,C,5,23,,True,0.00925925925926,4.89814814815,4.89814814815,,1,False,False,False,False,False,False,False,False,distance not exact,connected,connected,True,TC-9efa3eab1a,1,campaign catalogue,css-large,parent presentation,CL-f5754da6,,"normalized direct evidence: certified lower 5 (L4); supported upper 23 (W), 24 (I); estimated endpoint 29 (B)",results/weight5_publication_catalogue.jsonl,"$[[432,4,5\leq d\leq 23]]$"
current_css_w5,current,CSS,5,432,8,4,4,4,,True,exact,E,E,4,4,,True,0.0185185185185,0.296296296296,0.296296296296,,1,False,False,False,False,False,False,False,False,superseded by complete component-canonical catalogue,disconnected,"2x[[216,4]]",True,TC-c681f6f932,1,campaign catalogue,css-large,parent presentation,CL-7ae78520,,normalized direct evidence: exact methods H; certified lower 4 (H); supported upper 4 (H); estimated endpoint 4 (B),results/weight5_publication_catalogue.jsonl,"$[[432,8,4]]$"
current_css_w5,current,CSS,5,432,8,6,5,,6,False,interval,C,C,5,,6,False,0.0185185185185,0.666666666667,,0.666666666667,5,False,False,False,False,False,False,False,False,distance not exact,disconnected,"2x[[216,4]]",True,TC-938a9b1806; TC-a25cfebf74; TC-dc48264983; TC-ef1360ca48,4,campaign catalogue,css-large,parent presentation,CL-2925a0eb; CL-303631c7; CL-3901c61d; CL-f189b28b; CL-fd352b42,,normalized direct evidence: certified lower 5 (L4); estimated endpoint 6 (B),results/weight5_publication_catalogue.jsonl,"$[[432,8,d\geq 5;\ \widehat d=6]]$"
current_css_w5,current,CSS,5,432,8,8,5,,8,False,interval,C,C,5,,8,False,0.0185185185185,1.18518518519,,1.18518518519,3,False,False,False,False,False,False,False,False,distance not exact,disconnected,"2x[[216,4]]",True,TC-537e6fb993; TC-db31a9ea2a; TC-e9954f97d1,3,campaign catalogue,css-large,parent presentation,CL-58125eba; CL-76bd99af; CL-f9fcbea8,,normalized direct evidence: certified lower 5 (L4); estimated endpoint 8 (B),results/weight5_publication_catalogue.jsonl,"$[[432,8,d\geq 5;\ \widehat d=8]]$"
current_css_w5,current,CSS,5,432,8,9,5,,9,False,interval,C,C,5,,9,False,0.0185185185185,1.5,,1.5,7,False,False,False,False,False,False,False,False,distance not exact,disconnected,"2x[[216,4]]",True,TC-b8f63dcccf; TC-cfe96712c7; TC-d232fa6954; TC-d51058a08c; TC-d7498f1f27,5,campaign catalogue,css-large,parent presentation,CL-0f7f26a5; CL-2af009b4; CL-2e6fe66f; CL-546ef7ab; CL-85d1702d; CL-93e856dd; CL-a2b1a10e,,normalized direct evidence: certified lower 5 (L4); estimated endpoint 9 (B),results/weight5_publication_catalogue.jsonl,"$[[432,8,d\geq 5;\ \widehat d=9]]$"
current_css_w5,current,CSS,5,432,8,9,5,,9,False,interval,C,C,5,,9,False,0.0185185185185,1.5,,1.5,1,False,False,False,False,False,False,False,False,distance not exact,connected,connected,True,TC-2a12b16943,1,campaign catalogue,css-large,parent presentation,CL-1aaa038c,,normalized direct evidence: certified lower 5 (L4); estimated endpoint 9 (B),results/weight5_publication_catalogue.jsonl,"$[[432,8,d\geq 5;\ \widehat d=9]]$"
current_css_w5,current,CSS,5,432,8,10,5,,10,False,interval,C,C,5,,10,False,0.0185185185185,1.85185185185,,1.85185185185,2,False,False,False,False,False,False,False,False,distance not exact,disconnected,"2x[[216,4]]",True,TC-46c7c821d5; TC-869927fb34,2,campaign catalogue,css-large,parent presentation,CL-07986a64; CL-d957ccb5,,normalized direct evidence: certified lower 5 (L4); estimated endpoint 10 (B),results/weight5_publication_catalogue.jsonl,"$[[432,8,d\geq 5;\ \widehat d=10]]$"
current_css_w5,current,CSS,5,432,8,11,5,,11,False,interval,C,C,5,,9,False,0.0185185185185,2.24074074074,,2.24074074074,1,False,False,False,False,False,False,False,False,distance not exact,disconnected,"2x[[216,4]]",True,TC-d51058a08c,1,campaign catalogue,css-large,parent presentation,CL-a110e8aa,,normalized direct evidence: certified lower 5 (L4); estimated endpoint 11 (B),results/weight5_publication_catalogue.jsonl,"$[[432,8,d\geq 5;\ \widehat d=11]]$"
current_css_w5,current,CSS,5,432,8,12,5,,12,False,interval,C,C,5,,12,False,0.0185185185185,2.66666666667,,2.66666666667,16,False,False,False,False,False,False,False,False,distance not exact,disconnected,"2x[[216,4]]",True,TC-0d79f5d478; TC-36c084c5a0; TC-43b7132b3b; TC-53cf78ed31; TC-55b95186f5; TC-5fee6a1632; TC-7339faa713; TC-8b7603b39a; TC-a0ab784565; TC-d38f310689; TC-d45da883db; TC-d7824ab402; TC-d81732c688,13,campaign catalogue,css-large,parent presentation,CL-05d7189f; CL-070a0e56; CL-35276fd5; CL-3d8614a6; CL-47f1818f; CL-48d6ca0e; CL-53bfe094; CL-6109dbbe; CL-802642c3; CL-91cf9d34; CL-cde49a87; CL-d0134166; CL-d3cd6d5d; CL-deb9e5a7; CL-eb4e5df6; CL-fe0d3492,,"normalized direct evidence: certified lower 5 (L4); estimated endpoint 12 (B); normalized direct evidence: certified lower 5 (L4); estimated endpoint 12 (B), 14 (B); normalized direct evidence: certified lower 5 (L4); estimated endpoint 12 (B), 17 (B)",results/weight5_publication_catalogue.jsonl,"$[[432,8,d\geq 5;\ \widehat d=12]]$"
current_css_w5,current,CSS,5,432,8,12,5,,12,False,interval,C,C,5,,10,False,0.0185185185185,2.66666666667,,2.66666666667,1,False,False,False,False,False,False,False,False,distance not exact,disconnected,"2x[[216,4]]",True,TC-869927fb34,1,campaign catalogue,css-large,parent presentation,CL-2329ffcc,,normalized direct evidence: certified lower 5 (L4); estimated endpoint 12 (B),results/weight5_publication_catalogue.jsonl,"$[[432,8,d\geq 5;\ \widehat d=12]]$"
current_css_w5,current,CSS,5,432,8,12,5,12,,True,interval,C,C,5,12,,True,0.0185185185185,2.66666666667,2.66666666667,,1,False,False,False,False,False,False,False,False,distance not exact,disconnected,"2x[[216,4]]",True,TC-2766bb039a,1,campaign catalogue,css-large,parent presentation,CL-401c648e,,"normalized direct evidence: certified lower 5 (L4); supported upper 12 (I); estimated endpoint 15 (B), 18 (B)",results/weight5_publication_catalogue.jsonl,"$[[432,8,5\leq d\leq 12]]$"
current_css_w5,current,CSS,5,432,8,12,5,,12,False,interval,C,C,5,,8,False,0.0185185185185,2.66666666667,,2.66666666667,1,False,False,False,False,False,False,False,False,distance not exact,disconnected,"2x[[216,4]]",True,TC-db31a9ea2a,1,campaign catalogue,css-large,parent presentation,CL-56e2dbbb,,normalized direct evidence: certified lower 5 (L4); estimated endpoint 12 (B),results/weight5_publication_catalogue.jsonl,"$[[432,8,d\geq 5;\ \widehat d=12]]$"
current_css_w5,current,CSS,5,432,8,13,5,,13,False,interval,C,C,5,,13,False,0.0185185185185,3.12962962963,,3.12962962963,4,False,False,False,False,False,False,False,False,distance not exact,disconnected,"2x[[216,4]]",True,TC-67b1920f8c; TC-68513a3195; TC-7aabe5798b; TC-d6d6fe3f57,4,campaign catalogue,css-large,parent presentation,CL-4ec75a5c; CL-57377222; CL-6b338767; CL-a1456a39,,"normalized direct evidence: certified lower 5 (L4); estimated endpoint 13 (B); normalized direct evidence: certified lower 5 (L4); estimated endpoint 13 (B), 15 (B)",results/weight5_publication_catalogue.jsonl,"$[[432,8,d\geq 5;\ \widehat d=13]]$"
current_css_w5,current,CSS,5,432,8,13,5,,13,False,interval,C,C,5,,12,False,0.0185185185185,3.12962962963,,3.12962962963,2,False,False,False,False,False,False,False,False,distance not exact,disconnected,"2x[[216,4]]",True,TC-36c084c5a0; TC-a0ab784565,2,campaign catalogue,css-large,parent presentation,CL-60b043d7; CL-e9ccd5a7,,normalized direct evidence: certified lower 5 (L4); estimated endpoint 13 (B),results/weight5_publication_catalogue.jsonl,"$[[432,8,d\geq 5;\ \widehat d=13]]$"
current_css_w5,current,CSS,5,432,8,13,5,,13,False,interval,C,C,5,,13,False,0.0185185185185,3.12962962963,,3.12962962963,1,False,False,False,False,False,False,False,False,distance not exact,connected,connected,True,TC-9427216fc9,1,campaign catalogue,css-large,parent presentation,CL-9adf9c82,,normalized direct evidence: certified lower 5 (L4); estimated endpoint 13 (B),results/weight5_publication_catalogue.jsonl,"$[[432,8,d\geq 5;\ \widehat d=13]]$"
current_css_w5,current,CSS,5,432,8,14,5,,14,False,interval,C,C,5,,14,False,0.0185185185185,3.62962962963,,3.62962962963,4,False,False,False,False,False,False,False,False,distance not exact,disconnected,"2x[[216,4]]",True,TC-140f05cd70; TC-1f7632e36e; TC-70d67d590b; TC-f780e3280f,4,campaign catalogue,css-large,parent presentation,CL-02ef8c5b; CL-09a77c34; CL-74327c2b; CL-a845ee15,,normalized direct evidence: certified lower 5 (L4); estimated endpoint 14 (B),results/weight5_publication_catalogue.jsonl,"$[[432,8,d\geq 5;\ \widehat d=14]]$"
current_css_w5,current,CSS,5,432,8,14,5,,14,False,interval,C,C,5,,12,False,0.0185185185185,3.62962962963,,3.62962962963,1,False,False,False,False,False,False,False,False,distance not exact,disconnected,"2x[[216,4]]",True,TC-7339faa713,1,campaign catalogue,css-large,parent presentation,CL-1056d548,,normalized direct evidence: certified lower 5 (L4); estimated endpoint 14 (B),results/weight5_publication_catalogue.jsonl,"$[[432,8,d\geq 5;\ \widehat d=14]]$"
current_css_w5,current,CSS,5,432,8,14,5,14,,True,interval,C,C,5,14,,True,0.0185185185185,3.62962962963,3.62962962963,,1,False,False,False,False,False,False,False,False,distance not exact,connected,connected,True,TC-206d266349,1,campaign catalogue,css-large,parent presentation,CL-a4b8c21d,,normalized direct evidence: certified lower 5 (L4); supported upper 14 (I); estimated endpoint 18 (B),results/weight5_publication_catalogue.jsonl,"$[[432,8,5\leq d\leq 14]]$"
current_css_w5,current,CSS,5,432,8,15,5,,15,False,interval,C,C,5,,12,False,0.0185185185185,4.16666666667,,4.16666666667,1,False,False,False,False,False,False,False,False,distance not exact,disconnected,"2x[[216,4]]",True,TC-a0ab784565,1,campaign catalogue,css-large,parent presentation,CL-232c2c7a,,normalized direct evidence: certified lower 5 (L4); estimated endpoint 15 (B),results/weight5_publication_catalogue.jsonl,"$[[432,8,d\geq 5;\ \widehat d=15]]$"
current_css_w5,current,CSS,5,432,8,15,5,,15,False,interval,C,C,5,,13,False,0.0185185185185,4.16666666667,,4.16666666667,1,False,False,False,False,False,False,False,False,distance not exact,disconnected,"2x[[216,4]]",True,TC-d6d6fe3f57,1,campaign catalogue,css-large,parent presentation,CL-793d3a34,,normalized direct evidence: certified lower 5 (L4); estimated endpoint 15 (B),results/weight5_publication_catalogue.jsonl,"$[[432,8,d\geq 5;\ \widehat d=15]]$"
current_css_w5,current,CSS,5,432,8,15,5,15,,True,interval,C,C,5,15,,True,0.0185185185185,4.16666666667,4.16666666667,,1,False,False,False,False,False,False,False,False,distance not exact,connected,connected,True,TC-b6a8f8ca19,1,campaign catalogue,css-large,parent presentation,CL-ab07a1d1,,normalized direct evidence: certified lower 5 (L4); supported upper 15 (I); estimated endpoint 18 (B),results/weight5_publication_catalogue.jsonl,"$[[432,8,5\leq d\leq 15]]$"
current_css_w5,current,CSS,5,432,8,16,5,,16,False,interval,C,C,5,,14,False,0.0185185185185,4.74074074074,,4.74074074074,1,False,False,False,False,False,False,False,False,distance not exact,disconnected,"2x[[216,4]]",True,TC-f780e3280f,1,campaign catalogue,css-large,parent presentation,CL-24835ac8,,normalized direct evidence: certified lower 5 (L4); estimated endpoint 16 (B),results/weight5_publication_catalogue.jsonl,"$[[432,8,d\geq 5;\ \widehat d=16]]$"
current_css_w5,current,CSS,5,432,8,16,5,,16,False,interval,C,C,5,,13,False,0.0185185185185,4.74074074074,,4.74074074074,1,False,False,False,False,False,False,False,False,distance not exact,disconnected,"2x[[216,4]]",True,TC-d6d6fe3f57,1,campaign catalogue,css-large,parent presentation,CL-ac61ac01,,normalized direct evidence: certified lower 5 (L4); estimated endpoint 16 (B),results/weight5_publication_catalogue.jsonl,"$[[432,8,d\geq 5;\ \widehat d=16]]$"
current_css_w5,current,CSS,5,432,12,4,4,4,,True,exact,E,E,4,4,,True,0.0277777777778,0.444444444444,0.444444444444,,1,False,False,False,False,False,False,False,False,superseded by complete component-canonical catalogue,disconnected,"3x[[144,4]]",True,TC-9626f01e27,1,campaign catalogue,css-large,parent presentation,CL-db6df8c9,,normalized direct evidence: exact methods H; certified lower 4 (H); supported upper 4 (H); estimated endpoint 4 (B),results/weight5_publication_catalogue.jsonl,"$[[432,12,4]]$"
current_css_w5,current,CSS,5,432,12,6,5,,6,False,interval,C,C,5,,6,False,0.0277777777778,1,,1,2,False,False,False,False,False,False,False,False,distance not exact,disconnected,"3x[[144,4]]",True,TC-8437b87fba; TC-950052edd9,2,campaign catalogue,css-large,parent presentation,CL-771b1149; CL-800f5ab6,,normalized direct evidence: certified lower 5 (L4); estimated endpoint 6 (B),results/weight5_publication_catalogue.jsonl,"$[[432,12,d\geq 5;\ \widehat d=6]]$"
current_css_w5,current,CSS,5,432,12,10,10,10,,True,exact,E,E,10,10,,True,0.0277777777778,2.77777777778,2.77777777778,,1,False,False,False,False,False,False,False,False,superseded by complete component-canonical catalogue,disconnected,"3x[[144,4]]",True,TC-1abbbd0179,1,campaign catalogue,css-large,parent presentation,CL-f85559a3,,"normalized direct evidence: exact methods M; certified lower 10 (M); supported upper 10 (M); estimated endpoint 13 (B), 17 (B)",results/weight5_publication_catalogue.jsonl,"$[[432,12,10]]$"
current_css_w5,current,CSS,5,432,12,12,5,,12,False,interval,C,C,5,,12,False,0.0277777777778,4,,4,1,False,False,False,False,False,False,False,False,distance not exact,disconnected,"3x[[144,4]]",True,TC-05bb1dcb33,1,campaign catalogue,css-large,parent presentation,CL-3f55460c,,normalized direct evidence: certified lower 5 (L4); estimated endpoint 12 (B),results/weight5_publication_catalogue.jsonl,"$[[432,12,d\geq 5;\ \widehat d=12]]$"
current_css_w5,current,CSS,5,432,16,3,3,3,,True,exact,E,E,3,3,,True,0.037037037037,0.333333333333,0.333333333333,,1,False,False,False,False,False,False,False,False,superseded by complete component-canonical catalogue,disconnected,"4x[[108,4]]",True,TC-2da1c9b648,1,campaign catalogue,css-large,parent presentation,CL-aa2abeb9,,"normalized direct evidence: exact methods H; certified lower 3 (H); supported upper 3 (H), 3 (W); estimated endpoint 12 (B)",results/weight5_publication_catalogue.jsonl,"$[[432,16,3]]$"
current_css_w5,current,CSS,5,432,16,4,4,4,,True,exact,E,E,4,4,,True,0.037037037037,0.592592592593,0.592592592593,,3,False,False,False,False,False,False,False,False,superseded by complete component-canonical catalogue,disconnected,"4x[[108,4]]",True,TC-5fc220b389; TC-83c251a01d,2,campaign catalogue,css-large,parent presentation,CL-207f9524; CL-5c6fb0dc; CL-8157fe5b,,"normalized direct evidence: exact methods H; certified lower 4 (H); supported upper 4 (H); estimated endpoint 10 (B); normalized direct evidence: exact methods H; certified lower 4 (H); supported upper 4 (H); estimated endpoint 5 (B), 8 (B); normalized direct evidence: exact methods H; certified lower 4 (H); supported upper 4 (H); estimated endpoint 7 (B)",results/weight5_publication_catalogue.jsonl,"$[[432,16,4]]$"
current_css_w5,current,CSS,5,432,16,6,6,6,,True,exact,E,E,6,6,,True,0.037037037037,1.33333333333,1.33333333333,,2,False,False,False,False,False,False,False,False,superseded by complete component-canonical catalogue,disconnected,"4x[[108,4]]",True,TC-0db292c5ff; TC-4c232e35f6,2,campaign catalogue,css-large,parent presentation,CL-c9d42fcb; CL-dca40892,,normalized direct evidence: exact methods M; certified lower 6 (M); supported upper 6 (M); estimated endpoint 12 (B),results/weight5_publication_catalogue.jsonl,"$[[432,16,6]]$"
current_css_w5,current,CSS,5,432,16,7,7,7,,True,exact,E,E,7,7,,True,0.037037037037,1.81481481481,1.81481481481,,2,False,False,False,False,False,False,False,False,superseded by complete component-canonical catalogue,disconnected,"4x[[108,4]]",True,TC-03e8261d52,1,campaign catalogue,css-large,parent presentation,CL-8e614a5f; CL-d72254a8,,"normalized direct evidence: exact methods M; certified lower 7 (M); supported upper 7 (M); estimated endpoint 13 (B), 15 (B), 16 (B); normalized direct evidence: exact methods M; certified lower 7 (M); supported upper 7 (M); estimated endpoint 16 (B)",results/weight5_publication_catalogue.jsonl,"$[[432,16,7]]$"
current_css_w5,current,CSS,5,432,16,8,8,8,,True,exact,E,E,8,8,,True,0.037037037037,2.37037037037,2.37037037037,,2,False,False,False,False,False,False,False,False,superseded by complete component-canonical catalogue,disconnected,"4x[[108,4]]",True,TC-1e13946ad0; TC-a9dc13e1b6,2,campaign catalogue,css-large,parent presentation,CL-a1a678e0; CL-c5ca6b9a,,normalized direct evidence: exact methods M; certified lower 8 (M); supported upper 8 (M); estimated endpoint 17 (B); normalized direct evidence: exact methods M; certified lower 8 (M); supported upper 8 (M); estimated endpoint 26 (B),results/weight5_publication_catalogue.jsonl,"$[[432,16,8]]$"
current_css_w5,current,CSS,5,432,16,9,9,9,,True,exact,E,E,9,9,,True,0.037037037037,3,3,,1,False,False,False,False,False,False,False,False,superseded by complete component-canonical catalogue,disconnected,"4x[[108,4]]",True,TC-66da9c93ca,1,campaign catalogue,css-large,parent presentation,CL-8fe7fff8,,normalized direct evidence: exact methods M; certified lower 9 (M); supported upper 9 (M); estimated endpoint 17 (B),results/weight5_publication_catalogue.jsonl,"$[[432,16,9]]$"
current_css_w5,current,CSS,5,432,24,3,3,3,,True,exact,E,E,3,3,,True,0.0555555555556,0.5,0.5,,1,False,False,False,False,False,False,False,False,superseded by complete component-canonical catalogue,disconnected,"3x[[144,8]]",True,TC-f1260ac4de,1,campaign catalogue,css-large,parent presentation,CL-fedc4d95,,"normalized direct evidence: exact methods H; certified lower 3 (H); supported upper 3 (H), 3 (I); estimated endpoint 37 (B)",results/weight5_publication_catalogue.jsonl,"$[[432,24,3]]$"
current_css_w5,current,CSS,5,432,24,4,4,4,,True,exact,E,E,4,4,,True,0.0555555555556,0.888888888889,0.888888888889,,3,False,False,False,False,False,False,False,False,superseded by complete component-canonical catalogue,disconnected,"6x[[72,4]]",True,TC-3a300c88f2; TC-8519d5029f; TC-f897974248,3,campaign catalogue,css-large,parent presentation,CL-18750838; CL-2c508b86; CL-86e25310,,"normalized direct evidence: exact methods H; certified lower 4 (H); supported upper 4 (H), 4 (I); estimated endpoint 18 (B), 31 (B); normalized direct evidence: exact methods H; certified lower 4 (H); supported upper 4 (H), 4 (W); estimated endpoint 18 (B), 20 (B), 22 (B), 25 (B); normalized direct evidence: exact methods H; certified lower 4 (H); supported upper 4 (H), 4 (W); estimated endpoint 23 (B)",results/weight5_publication_catalogue.jsonl,"$[[432,24,4]]$"
current_css_w5,current,CSS,5,432,24,5,5,5,,True,exact,E,E,5,5,,True,0.0555555555556,1.38888888889,1.38888888889,,1,False,False,False,False,False,False,False,False,superseded by complete component-canonical catalogue,disconnected,"6x[[72,4]]",True,TC-21f6bb6897,1,campaign catalogue,css-large,parent presentation,CL-7827219c,,normalized direct evidence: exact methods M; certified lower 5 (M); supported upper 5 (M); estimated endpoint 34 (B),results/weight5_publication_catalogue.jsonl,"$[[432,24,5]]$"
current_css_w5,current,CSS,5,432,24,6,6,6,,True,exact,E,E,6,6,,True,0.0555555555556,2,2,,1,False,False,False,False,False,False,False,False,superseded by complete component-canonical catalogue,disconnected,"6x[[72,4]]",True,TC-52e346d9e8,1,campaign catalogue,css-large,parent presentation,CL-63ba351e,,"normalized direct evidence: exact methods M; certified lower 6 (M); supported upper 6 (M); estimated endpoint 24 (B), 29 (B)",results/weight5_publication_catalogue.jsonl,"$[[432,24,6]]$"
current_css_w5,current,CSS,5,432,24,7,7,7,,True,exact,E,E,7,7,,True,0.0555555555556,2.72222222222,2.72222222222,,1,False,False,False,False,False,False,False,False,superseded by complete component-canonical catalogue,disconnected,"6x[[72,4]]",True,TC-2deab704a6,1,campaign catalogue,css-large,parent presentation,CL-f93732aa,,"normalized direct evidence: exact methods M; certified lower 7 (M); supported upper 7 (M); estimated endpoint 27 (B), 31 (B), 38 (B)",results/weight5_publication_catalogue.jsonl,"$[[432,24,7]]$"
current_css_w5,current,CSS,5,432,32,3,3,3,,True,exact,E,E,3,3,,True,0.0740740740741,0.666666666667,0.666666666667,,1,False,False,False,False,False,False,False,False,superseded by complete component-canonical catalogue,disconnected,"8x[[54,4]]",True,TC-ed0533eb8b,1,campaign catalogue,css-large,parent presentation,CL-5e6f356a,,"normalized direct evidence: exact methods H; certified lower 3 (H); supported upper 3 (H), 3 (W); estimated endpoint 30 (B)",results/weight5_publication_catalogue.jsonl,"$[[432,32,3]]$"
current_css_w5,current,CSS,5,432,32,6,6,6,,True,exact,E,E,6,6,,True,0.0740740740741,2.66666666667,2.66666666667,,1,False,False,False,False,False,False,False,False,superseded by complete component-canonical catalogue,disconnected,"8x[[54,4]]",True,TC-046608ef4f,1,campaign catalogue,css-large,parent presentation,CL-21ad24a2,,"normalized direct evidence: exact methods M; certified lower 6 (M); supported upper 6 (M); estimated endpoint 38 (B), 39 (B)",results/weight5_publication_catalogue.jsonl,"$[[432,32,6]]$"
current_css_w5,current,CSS,5,432,48,3,3,3,,True,exact,E,E,3,3,,True,0.111111111111,1,1,,1,False,False,False,False,False,False,False,False,superseded by complete component-canonical catalogue,disconnected,"12x[[36,4]]",True,TC-144188a2f2,1,campaign catalogue,css-large,parent presentation,CL-b9275593,82cd143f748757031ddb2adb4f159714390648d8a18c63a70e21924481cb152b,normalized direct evidence: exact methods Hc; certified lower 3 (Hc); supported upper 3 (Hc); estimated endpoint 51 (B),results/weight5_publication_catalogue.jsonl,"$[[432,48,3]]$"
current_pbb_w5,current,PBB,5,72,4,3,3,3,,True,exact,E,E,3,3,,True,0.0555555555556,0.5,0.5,,7,False,False,False,False,False,False,False,False,superseded by complete component-canonical catalogue,disconnected,"2x[[36,2]]",True,TP-c7c74fdcb7; TP-c94c861d9e; TP-f2e06a8801,3,search generated,pbb-small,parent presentation,PS-01443595; PS-25a74b10; PS-3db41c4a; PS-46a007cb; PS-9703d323; PS-ec4998ee; PS-f872aa5b,,normalized direct evidence: exact methods H; certified lower 3 (H); supported upper 3 (H),results/weight5_publication_catalogue.jsonl,"$[[72,4,3]]$"
current_pbb_w5,current,PBB,5,72,4,4,4,4,,True,exact,E,E,4,4,,True,0.0555555555556,0.888888888889,0.888888888889,,8,False,False,False,False,False,False,False,False,superseded by complete component-canonical catalogue,disconnected,"2x[[36,2]]",True,TP-161407f341; TP-970796ef85; TP-ddf37cc2ca,3,search generated,pbb-small,parent presentation,PS-08fe6a9e; PS-29b7edf5; PS-9b4e5941; PS-9bf6af1e; PS-ab75ae2d; PS-d181cf11; PS-d9bb8009; PS-f2f4d5a2,,normalized direct evidence: exact methods H; certified lower 4 (H); supported upper 4 (H),results/weight5_publication_catalogue.jsonl,"$[[72,4,4]]$"
current_pbb_w5,current,PBB,5,72,4,4,4,4,,True,exact,E,E,4,4,,True,0.0555555555556,0.888888888889,0.888888888889,,31,False,False,False,False,False,False,False,False,superseded by complete component-canonical catalogue,connected,connected,True,TP-36068040a7; TP-5fb39541af; TP-8982d8d57f; TP-b3e65b8426,4,search generated,pbb-small,parent presentation,PS-09833b6a; PS-0d465075; PS-1434d4e7; PS-1db1d8fa; PS-231b48e4; PS-264133e8; PS-327fdbe9; PS-337b23a8; PS-34a1c7a7; PS-34d654cf; PS-350fe455; PS-3a934cc1; PS-44aa1f41; PS-5132ad68; PS-6612b0d7; PS-6d4940be; PS-8095943f; PS-99d2a217; PS-9d8b733c; PS-a149b558; PS-a18803a6; PS-a1dab64c; PS-a39ab3d8; PS-a72ff06a; PS-c4a4cc2d; PS-ceb60d35; PS-db456c42; PS-e3c4d761; PS-e53b0829; PS-e70df808; PS-ecc218b0,,normalized direct evidence: exact methods H; certified lower 4 (H); supported upper 4 (H),results/weight5_publication_catalogue.jsonl,"$[[72,4,4]]$"
current_pbb_w5,current,PBB,5,72,4,4,4,4,,True,exact,E,E,4,4,,True,0.0555555555556,0.888888888889,0.888888888889,,2,False,False,False,False,False,False,False,False,superseded by complete component-canonical catalogue,connected,connected,True,TP-8982d8d57f,1,fixed safety net,pbb-small,parent presentation,PS-bb41fc22; PS-dd65d6ed,,normalized direct evidence: exact methods H; certified lower 4 (H); supported upper 4 (H),results/weight5_publication_catalogue.jsonl,"$[[72,4,4]]$"
current_pbb_w5,current,PBB,5,72,12,3,3,3,,True,exact,E,E,3,3,,True,0.166666666667,1.5,1.5,,8,False,False,False,False,False,False,False,False,superseded by complete component-canonical catalogue,disconnected,"6x[[12,2]]",True,TP-13692e69df; TP-271502bbc3; TP-36132d08b7; TP-61e7eb405e,4,search generated,pbb-small,parent presentation,PS-106b8669; PS-1a20f6c1; PS-5feb6ebb; PS-64d64fd9; PS-66471642; PS-686df635; PS-edb2da66; PS-f4956d3c,,normalized direct evidence: exact methods H; certified lower 3 (H); supported upper 3 (H),results/weight5_publication_catalogue.jsonl,"$[[72,12,3]]$"
current_pbb_w5,current,PBB,5,108,2,4,4,4,,True,exact,E,E,4,4,,True,0.0185185185185,0.296296296296,0.296296296296,,2,False,False,False,False,False,False,False,False,superseded by complete component-canonical catalogue,connected,connected,True,TP-c5f7245706,1,fixed safety net,pbb-small,parent presentation,PS-02124a53; PS-dcbd4997,,normalized direct evidence: exact methods H; certified lower 4 (H); supported upper 4 (H),results/weight5_publication_catalogue.jsonl,"$[[108,2,4]]$"
current_pbb_w5,current,PBB,5,120,4,4,4,4,,True,exact,E,E,4,4,,True,0.0333333333333,0.533333333333,0.533333333333,,29,False,False,False,False,False,False,False,False,superseded by complete component-canonical catalogue,connected,connected,True,TP-17c96d0b67; TP-6c52ab21e7; TP-7ea55c5088; TP-cdd4351fe7,4,search generated,pbb-small,parent presentation,PS-0149b587; PS-0279cf6d; PS-06e1c26a; PS-08b59088; PS-0c54bc34; PS-1d83fe20; PS-1eac6e27; PS-27a10a50; PS-2ab9e3da; PS-2ba743ef; PS-2f58d2c0; PS-3700f610; PS-4592e602; PS-49bdead8; PS-4d498276; PS-50d05cf8; PS-5898a489; PS-5bb63551; PS-5f4ec5c0; PS-6d57d019; PS-76c46f14; PS-935a9444; PS-965d4a57; PS-a5976097; PS-a695189e; PS-bfe0e15d; PS-c1a685eb; PS-c9a7824f; PS-d288ab92,,normalized direct evidence: exact methods H; certified lower 4 (H); supported upper 4 (H),results/weight5_publication_catalogue.jsonl,"$[[120,4,4]]$"
current_pbb_w5,current,PBB,5,120,4,4,4,4,,True,exact,E,E,4,4,,True,0.0333333333333,0.533333333333,0.533333333333,,5,False,False,False,False,False,False,False,False,superseded by complete component-canonical catalogue,disconnected,"2x[[60,2]]",True,TP-13edd5d923; TP-396ea54234; TP-5916eb510e,3,search generated,pbb-small,parent presentation,PS-030a6803; PS-240fa602; PS-a4a03513; PS-c64d05e8; PS-d3184db2,,normalized direct evidence: exact methods H; certified lower 4 (H); supported upper 4 (H),results/weight5_publication_catalogue.jsonl,"$[[120,4,4]]$"
current_pbb_w5,current,PBB,5,120,4,4,4,4,,True,exact,E,E,4,4,,True,0.0333333333333,0.533333333333,0.533333333333,,2,False,False,False,False,False,False,False,False,superseded by complete component-canonical catalogue,connected,connected,True,TP-cdd4351fe7,1,fixed safety net,pbb-small,parent presentation,PS-9828cd17; PS-af58ae1f,,normalized direct evidence: exact methods H; certified lower 4 (H); supported upper 4 (H),results/weight5_publication_catalogue.jsonl,"$[[120,4,4]]$"
current_pbb_w5,current,PBB,5,120,20,3,3,3,,True,exact,E,E,3,3,,True,0.166666666667,1.5,1.5,,8,False,False,False,False,False,False,False,False,superseded by complete component-canonical catalogue,disconnected,"10x[[12,2]]",True,TP-19f557eaee; TP-836066c5e3; TP-e8c7a8acd8; TP-ecfe4731f7,4,search generated,pbb-small,parent presentation,PS-194f5d29; PS-2e83cd7f; PS-3f8d6ded; PS-4ab34380; PS-5259dec3; PS-5ff69f0e; PS-78481db9; PS-94315715,,normalized direct evidence: exact methods H; certified lower 3 (H); supported upper 3 (H),results/weight5_publication_catalogue.jsonl,"$[[120,20,3]]$"
current_pbb_w5,current,PBB,5,144,4,6,6,6,,True,exact,E,E,6,6,,True,0.0277777777778,1,1,,26,False,False,False,False,False,False,False,False,superseded by complete component-canonical catalogue,connected,connected,True,TP-659519c408; TP-7941aa1bf3; TP-7ffa8b9a8f; TP-db2ce989b1,4,search generated,pbb-small,parent presentation,PS-05b1316c; PS-0d3127d2; PS-171308ed; PS-2db30326; PS-3031a34f; PS-325fa0b8; PS-3717b4f6; PS-383aa96d; PS-3e908b54; PS-7a0360a4; PS-7d33c1ec; PS-7e09500e; PS-83570021; PS-8679612c; PS-9b58aa22; PS-9d2c2f66; PS-9d4543d4; PS-a475dd05; PS-aa99a4dc; PS-b3421fc2; PS-beff910c; PS-c0d3be0c; PS-d7d8567d; PS-d8d3a477; PS-de6ef659; PS-f320ede8,,"normalized direct evidence: exact methods H/M; certified lower 6 (H), 6 (M); supported upper 6 (H), 6 (M); normalized direct evidence: exact methods H; certified lower 6 (H); supported upper 6 (H), 6 (I)",results/weight5_publication_catalogue.jsonl,"$[[144,4,6]]$"
current_pbb_w5,current,PBB,5,144,4,6,6,6,,True,exact,E,E,6,6,,True,0.0277777777778,1,1,,2,False,False,False,False,False,False,False,False,superseded by complete component-canonical catalogue,connected,connected,True,TP-28cb952e5a,1,fixed safety net,pbb-small,parent presentation,PS-22083bd2; PS-b9bd7fa4,,"normalized direct evidence: exact methods H/M; certified lower 6 (H), 6 (M); supported upper 6 (H), 6 (M)",results/weight5_publication_catalogue.jsonl,"$[[144,4,6]]$"
current_pbb_w5,current,PBB,5,144,8,3,3,3,,True,exact,E,E,3,3,,True,0.0555555555556,0.5,0.5,,8,False,False,False,False,False,False,False,False,superseded by complete component-canonical catalogue,disconnected,"4x[[36,2]]",True,TP-7b54353ccf; TP-92a9c77026; TP-e417d2233c,3,search generated,pbb-small,parent presentation,PS-24a01f0d; PS-7bbacb3f; PS-88f1815a; PS-986012bb; PS-9a14d4a6; PS-ad3f6b0a; PS-c2455d37; PS-c94e786d,,normalized direct evidence: exact methods H; certified lower 3 (H); supported upper 3 (H),results/weight5_publication_catalogue.jsonl,"$[[144,8,3]]$"
current_pbb_w5,current,PBB,5,144,8,4,4,4,,True,exact,E,E,4,4,,True,0.0555555555556,0.888888888889,0.888888888889,,11,False,False,False,False,False,False,False,False,superseded by complete component-canonical catalogue,disconnected,"2x[[72,4]]",True,TP-59ae80753f; TP-6a50399a51; TP-71907e3ccf; TP-fe6c2bfa9e,4,search generated,pbb-small,parent presentation,PS-01bb5ce1; PS-0b761a73; PS-24559419; PS-85429f03; PS-86a549d8; PS-ad4a6ab8; PS-b23256e8; PS-c079dc58; PS-db11ff5e; PS-ec306f78; PS-ffe93fd8,,normalized direct evidence: exact methods H; certified lower 4 (H); supported upper 4 (H),results/weight5_publication_catalogue.jsonl,"$[[144,8,4]]$"
current_pbb_w5,current,PBB,5,162,2,6,6,6,,True,exact,E,E,6,6,,True,0.0123456790123,0.444444444444,0.444444444444,,2,False,False,False,False,False,False,False,False,superseded by complete component-canonical catalogue,connected,connected,True,TP-21a2aa2b4b,1,fixed safety net,pbb-small,parent presentation,PS-514d488f; PS-aacbee20,,"normalized direct evidence: exact methods H/M; certified lower 6 (H), 6 (M); supported upper 6 (H), 6 (M)",results/weight5_publication_catalogue.jsonl,"$[[162,2,6]]$"
current_pbb_w5,current,PBB,5,216,2,8,8,8,,True,exact,E,E,8,8,,True,0.00925925925926,0.592592592593,0.592592592593,,2,False,False,False,False,False,False,False,False,superseded by complete component-canonical catalogue,connected,connected,True,TP-784a1a64e0,1,fixed safety net,pbb-large,parent presentation,PL-39082ddc; PL-ba29a9df,,"normalized direct evidence: exact methods M; certified lower 7 (L6), 8 (M); supported upper 8 (I), 8 (M), 9 (I), 14 (I), 27 (I); estimated endpoint 8 (B); normalized direct evidence: exact methods M; certified lower 7 (L6), 8 (M); supported upper 8 (I), 8 (M); estimated endpoint 8 (B)",results/weight5_publication_catalogue.jsonl,"$[[216,2,8]]$"
current_pbb_w5,current,PBB,5,288,4,8,8,8,,True,exact,E,E,8,8,,True,0.0138888888889,0.888888888889,0.888888888889,,2,False,False,False,False,False,False,False,False,superseded by complete component-canonical catalogue,connected,connected,True,TP-0bcfec03be; TP-2f52b97792,2,search generated,pbb-large,parent presentation,PL-3bed6781; PL-80889114,,"normalized direct evidence: exact methods M; certified lower 5 (L4), 8 (M); supported upper 8 (I), 8 (M); estimated endpoint 8 (B)",results/weight5_publication_catalogue.jsonl,"$[[288,4,8]]$"
current_pbb_w5,current,PBB,5,288,4,8,8,8,,True,exact,E,E,8,8,,True,0.0138888888889,0.888888888889,0.888888888889,,1,False,False,False,False,False,False,False,False,superseded by complete component-canonical catalogue,connected,connected,True,TP-cc3445021b,1,fixed safety net,pbb-large,parent presentation,PL-592409d9,,"normalized direct evidence: exact methods M; certified lower 5 (L4), 8 (M); supported upper 8 (I), 8 (M); estimated endpoint 8 (B)",results/weight5_publication_catalogue.jsonl,"$[[288,4,8]]$"
current_pbb_w5,current,PBB,5,288,4,8,5,8,,True,interval,C,E,8,8,,True,0.0138888888889,0.888888888889,0.888888888889,,1,False,False,False,False,False,False,False,False,distance not exact,connected,connected,True,TP-cc3445021b,1,fixed safety net,pbb-large,parent presentation,PL-1df1bcda,,normalized direct evidence: certified lower 5 (L4); supported upper 8 (I); estimated endpoint 8 (B),results/weight5_publication_catalogue.jsonl,"$[[288,4,5\leq d\leq 8]]$"
current_pbb_w5,current,PBB,5,288,4,8,5,8,,True,interval,C,E,8,8,,True,0.0138888888889,0.888888888889,0.888888888889,,2,False,False,False,False,False,False,False,False,distance not exact,connected,connected,True,TP-cc3445021b,1,search generated,pbb-large,parent presentation,PL-2b75ed37; PL-2da51468,,normalized direct evidence: certified lower 5 (L4); supported upper 8 (I); estimated endpoint 8 (B),results/weight5_publication_catalogue.jsonl,"$[[288,4,5\leq d\leq 8]]$"
current_pbb_w5,current,PBB,5,288,4,8,5,8,,True,interval,C,C,5,8,,True,0.0138888888889,0.888888888889,0.888888888889,,2,False,False,False,False,False,False,False,False,distance not exact,connected,connected,True,TP-b50429d06d,1,search generated,pbb-large,parent presentation,PL-3f25e19f; PL-498fd739,,"normalized direct evidence: certified lower 5 (L4); supported upper 8 (I), 11 (I); estimated endpoint 8 (B); normalized direct evidence: certified lower 5 (L4); supported upper 8 (I); estimated endpoint 8 (B)",results/weight5_publication_catalogue.jsonl,"$[[288,4,5\leq d\leq 8]]$"
current_pbb_w5,current,PBB,5,288,8,4,4,4,,True,exact,E,E,4,4,,True,0.0277777777778,0.444444444444,0.444444444444,,6,False,False,False,False,False,False,False,False,superseded by complete component-canonical catalogue,disconnected,"2x[[144,4]]",True,TP-b0c4ea6aab; TP-d71884abe2,2,search generated,pbb-large,parent presentation,PL-40e78b8c; PL-592276b3; PL-605688ff; PL-a608553f; PL-b977d26c; PL-bff58260,,normalized direct evidence: exact methods H; certified lower 4 (H); supported upper 4 (H),results/weight5_publication_catalogue.jsonl,"$[[288,8,4]]$"
current_pbb_w5,current,PBB,5,288,8,6,6,6,,True,exact,E,E,6,6,,True,0.0277777777778,1,1,,1,False,False,False,False,False,False,False,False,superseded by complete component-canonical catalogue,disconnected,"2x[[144,4]]",True,TP-47e3d65205,1,search generated,pbb-large,parent presentation,PL-adcbb3fc,,"normalized direct evidence: exact methods M; certified lower 5 (L4), 6 (M); supported upper 6 (I), 6 (M); estimated endpoint 6 (B)",results/weight5_publication_catalogue.jsonl,"$[[288,8,6]]$"
current_pbb_w5,current,PBB,5,288,16,4,4,4,,True,exact,E,E,4,4,,True,0.0555555555556,0.888888888889,0.888888888889,,6,False,False,False,False,False,False,False,False,superseded by complete component-canonical catalogue,disconnected,"4x[[72,4]]; 8x[[36,2]]",True,TP-0409a63b86; TP-158eea9444; TP-3ffa134406; TP-62d1b211a4,4,search generated,pbb-large,parent presentation,PL-0bbae5c3; PL-a1c1ac59; PL-ad1cc828; PL-aecf3364; PL-d3deda3d; PL-f2462ed9,,normalized direct evidence: exact methods H; certified lower 4 (H); supported upper 4 (H),results/weight5_publication_catalogue.jsonl,"$[[288,16,4]]$"
current_pbb_w5,current,PBB,5,288,24,4,4,4,,True,exact,E,E,4,4,,True,0.0833333333333,1.33333333333,1.33333333333,,1,False,False,False,False,False,False,False,False,superseded by complete component-canonical catalogue,disconnected,"6x[[48,4]]",True,TP-dbc36c7ae9,1,search generated,pbb-large,parent presentation,PL-78c3e7bf,,normalized direct evidence: exact methods H; certified lower 4 (H); supported upper 4 (H),results/weight5_publication_catalogue.jsonl,"$[[288,24,4]]$"
current_pbb_w5,current,PBB,5,288,48,3,3,3,,True,exact,E,E,3,3,,True,0.166666666667,1.5,1.5,,1,False,False,False,False,False,False,False,False,superseded by complete component-canonical catalogue,disconnected,"24x[[12,2]]",True,TP-868b77f272,1,search generated,pbb-large,parent presentation,PL-9b97a02b,,normalized direct evidence: exact methods H; certified lower 3 (H); supported upper 3 (H),results/weight5_publication_catalogue.jsonl,"$[[288,48,3]]$"
current_pbb_w5,current,PBB,5,360,4,5,5,5,,True,exact,E,E,5,5,,True,0.0111111111111,0.277777777778,0.277777777778,,3,False,False,False,False,False,False,False,False,superseded by complete component-canonical catalogue,disconnected,"2x[[180,2]]",True,TP-5a48da2028; TP-ad732b3ad8,2,search generated,pbb-large,parent presentation,PL-15407ac6; PL-2593a470; PL-6b21188d,,"normalized direct evidence: exact methods M; certified lower 5 (L4), 5 (M); supported upper 5 (I), 5 (M); estimated endpoint 5 (B); normalized direct evidence: exact methods M; certified lower 5 (L4), 5 (M); supported upper 5 (M)",results/weight5_publication_catalogue.jsonl,"$[[360,4,5]]$"
current_pbb_w5,current,PBB,5,360,4,7,7,7,,True,exact,E,E,7,7,,True,0.0111111111111,0.544444444444,0.544444444444,,1,False,False,False,False,False,False,False,False,superseded by complete component-canonical catalogue,disconnected,"2x[[180,2]]",True,TP-718def0cae,1,search generated,pbb-large,parent presentation,PL-48f3faa4,,"normalized direct evidence: exact methods M; certified lower 5 (L4), 7 (M); supported upper 7 (I), 7 (M); estimated endpoint 7 (B)",results/weight5_publication_catalogue.jsonl,"$[[360,4,7]]$"
current_pbb_w5,current,PBB,5,360,4,7,5,7,,True,interval,C,C,5,7,,True,0.0111111111111,0.544444444444,0.544444444444,,2,False,False,False,False,False,False,False,False,distance not exact,disconnected,"2x[[180,2]]",True,TP-b923b9aae3; TP-d5333ba062,2,search generated,pbb-large,parent presentation,PL-189e1cca; PL-9a84c818,,normalized direct evidence: certified lower 5 (L4); supported upper 7 (I); estimated endpoint 7 (B),results/weight5_publication_catalogue.jsonl,"$[[360,4,5\leq d\leq 7]]$"
current_pbb_w5,current,PBB,5,360,4,8,8,8,,True,exact,E,E,8,8,,True,0.0111111111111,0.711111111111,0.711111111111,,3,False,False,False,False,False,False,False,False,superseded by complete component-canonical catalogue,connected,connected,True,TP-7b89dc6ff6; TP-df3d640b24,2,search generated,pbb-large,parent presentation,PL-689c272b; PL-6eca49d3; PL-93708752,,"normalized direct evidence: exact methods M; certified lower 5 (L4), 8 (M); supported upper 8 (I), 8 (M); estimated endpoint 8 (B)",results/weight5_publication_catalogue.jsonl,"$[[360,4,8]]$"
current_pbb_w5,current,PBB,5,360,4,8,5,8,,True,interval,C,E,8,8,,True,0.0111111111111,0.711111111111,0.711111111111,,1,False,False,False,False,False,False,False,False,distance not exact,connected,connected,True,TP-df3d640b24,1,search generated,pbb-large,parent presentation,PL-0b5dc15c,,normalized direct evidence: certified lower 5 (L4); supported upper 8 (I); estimated endpoint 8 (B),results/weight5_publication_catalogue.jsonl,"$[[360,4,5\leq d\leq 8]]$"
current_pbb_w5,current,PBB,5,360,4,8,5,8,,True,interval,C,C,5,8,,True,0.0111111111111,0.711111111111,0.711111111111,,1,False,False,False,False,False,False,False,False,distance not exact,connected,connected,True,TP-547b1b7006,1,search generated,pbb-large,parent presentation,PL-18401d67,,normalized direct evidence: certified lower 5 (L4); supported upper 8 (I); estimated endpoint 8 (B),results/weight5_publication_catalogue.jsonl,"$[[360,4,5\leq d\leq 8]]$"
current_pbb_w5,current,PBB,5,360,4,9,5,9,,True,interval,C,C,5,9,,True,0.0111111111111,0.9,0.9,,1,False,False,False,False,False,False,False,False,distance not exact,disconnected,"2x[[180,2]]",True,TP-eb1547a98c,1,search generated,pbb-large,parent presentation,PL-b65c89f3,,normalized direct evidence: certified lower 5 (L4); supported upper 9 (I); estimated endpoint 15 (B),results/weight5_publication_catalogue.jsonl,"$[[360,4,5\leq d\leq 9]]$"
current_pbb_w5,current,PBB,5,360,4,10,10,10,,True,exact,E,E,10,10,,True,0.0111111111111,1.11111111111,1.11111111111,,1,False,False,False,False,False,False,False,False,superseded by complete component-canonical catalogue,connected,connected,True,TP-75ed77cac7,1,fixed safety net,pbb-large,parent presentation,PL-4602a8fa,,"normalized direct evidence: exact methods M; certified lower 5 (L4), 10 (M); supported upper 10 (I), 10 (M); estimated endpoint 10 (B)",results/weight5_publication_catalogue.jsonl,"$[[360,4,10]]$"
current_pbb_w5,current,PBB,5,360,4,10,5,10,,True,interval,C,E,10,10,,True,0.0111111111111,1.11111111111,1.11111111111,,1,False,False,False,False,False,False,False,False,distance not exact,connected,connected,True,TP-75ed77cac7,1,fixed safety net,pbb-large,parent presentation,PL-959e2913,,"normalized direct evidence: certified lower 5 (L4); supported upper 10 (I), 12 (I); estimated endpoint 10 (B)",results/weight5_publication_catalogue.jsonl,"$[[360,4,5\leq d\leq 10]]$"
current_pbb_w5,current,PBB,5,360,4,11,11,11,,True,exact,E,E,11,11,,True,0.0111111111111,1.34444444444,1.34444444444,,1,False,False,False,False,False,False,False,False,superseded by complete component-canonical catalogue,disconnected,"2x[[180,2]]",True,TP-af1ab2ce0a,1,search generated,pbb-large,parent presentation,PL-8ee754a5,,"normalized direct evidence: exact methods M; certified lower 5 (L4), 11 (M); supported upper 11 (I), 11 (M); estimated endpoint 11 (B)",results/weight5_publication_catalogue.jsonl,"$[[360,4,11]]$"
current_pbb_w5,current,PBB,5,360,4,12,5,12,,True,interval,C,C,5,12,,True,0.0111111111111,1.6,1.6,,6,False,False,False,False,False,False,False,False,distance not exact,connected,connected,True,TP-1551353bbb; TP-46293553f9; TP-e330d2dca3,3,search generated,pbb-large,parent presentation,PL-28c4edd8; PL-58200d48; PL-6d65b515; PL-9dbd4650; PL-cf1eb4aa; PL-d096de3f,,normalized direct evidence: certified lower 5 (L4); supported upper 12 (I); estimated endpoint 12 (B); normalized direct evidence: certified lower 5 (L4); supported upper 12 (I); estimated endpoint 13 (B),results/weight5_publication_catalogue.jsonl,"$[[360,4,5\leq d\leq 12]]$"
current_pbb_w5,current,PBB,5,360,12,4,4,4,,True,exact,E,E,4,4,,True,0.0333333333333,0.533333333333,0.533333333333,,2,False,False,False,False,False,False,False,False,superseded by complete component-canonical catalogue,disconnected,"3x[[120,4]]",True,TP-54ef87d6e4; TP-dcd057eaab,2,search generated,pbb-large,parent presentation,PL-93be42eb; PL-f49f60d8,,normalized direct evidence: exact methods H; certified lower 4 (H); supported upper 4 (H),results/weight5_publication_catalogue.jsonl,"$[[360,12,4]]$"
current_pbb_w5,current,PBB,5,420,4,10,10,10,,True,exact,E,E,10,10,,True,0.00952380952381,0.952380952381,0.952380952381,,2,False,False,False,False,False,False,False,False,superseded by complete component-canonical catalogue,connected,connected,True,TP-f8c870500d,1,fixed safety net,pbb-large,parent presentation,PL-7c740754; PL-ce4ae900,,"normalized direct evidence: exact methods M; certified lower 5 (L4), 10 (M); supported upper 10 (I), 10 (M), 12 (I); estimated endpoint 10 (B); normalized direct evidence: exact methods M; certified lower 5 (L4), 10 (M); supported upper 10 (I), 10 (M); estimated endpoint 10 (B)",results/weight5_publication_catalogue.jsonl,"$[[420,4,10]]$"
current_pbb_w5,current,PBB,5,432,4,12,5,12,,True,interval,C,C,5,12,,True,0.00925925925926,1.33333333333,1.33333333333,,5,False,False,False,False,False,False,False,False,distance not exact,connected,connected,True,TP-2879065232; TP-3c9464620a; TP-7f37e307a7; TP-85ea6fc119,4,search generated,pbb-large,parent presentation,PL-1713aed5; PL-1820300c; PL-3a6796de; PL-7bf37fbb; PL-8f03e9a5,,"normalized direct evidence: certified lower 5 (L4); supported upper 12 (I), 14 (I); estimated endpoint 12 (B); normalized direct evidence: certified lower 5 (L4); supported upper 12 (I), 15 (I), 16 (I); estimated endpoint 12 (B); normalized direct evidence: certified lower 5 (L4); supported upper 12 (I), 15 (I); estimated endpoint 12 (B); normalized direct evidence: certified lower 5 (L4); supported upper 12 (I); estimated endpoint 12 (B)",results/weight5_publication_catalogue.jsonl,"$[[432,4,5\leq d\leq 12]]$"
current_pbb_w5,current,PBB,5,432,4,12,5,12,,True,interval,C,C,5,12,,True,0.00925925925926,1.33333333333,1.33333333333,,2,False,False,False,False,False,False,False,False,distance not exact,connected,connected,True,TP-3353393b76,1,fixed safety net,pbb-large,parent presentation,PL-71c11b15; PL-7bcb9ee6,,normalized direct evidence: certified lower 5 (L4); supported upper 12 (I); estimated endpoint 12 (B),results/weight5_publication_catalogue.jsonl,"$[[432,4,5\leq d\leq 12]]$"
current_pbb_w5,current,PBB,5,432,8,3,3,3,,True,exact,E,E,3,3,,True,0.0185185185185,0.166666666667,0.166666666667,,1,False,False,False,False,False,False,False,False,superseded by complete component-canonical catalogue,disconnected,"4x[[108,2]]",True,TP-400a40f98b,1,search generated,pbb-large,parent presentation,PL-232490ff,,normalized direct evidence: exact methods H; certified lower 3 (H); supported upper 3 (H),results/weight5_publication_catalogue.jsonl,"$[[432,8,3]]$"
current_pbb_w5,current,PBB,5,432,8,7,7,7,,True,exact,E,E,7,7,,True,0.0185185185185,0.907407407407,0.907407407407,,4,False,False,False,False,False,False,False,False,superseded by complete component-canonical catalogue,disconnected,"4x[[108,2]]",True,TP-0e5393f0f6; TP-8b811d6452; TP-dda224aa16,3,search generated,pbb-large,parent presentation,PL-2b5f2b8d; PL-55176200; PL-9fc3055a; PL-c60edd0d,,"normalized direct evidence: exact methods M; certified lower 5 (L4), 7 (M); supported upper 7 (I), 7 (M); estimated endpoint 7 (B)",results/weight5_publication_catalogue.jsonl,"$[[432,8,7]]$"
current_pbb_w5,current,PBB,5,432,8,8,8,8,,True,exact,E,E,8,8,,True,0.0185185185185,1.18518518519,1.18518518519,,3,False,False,False,False,False,False,False,False,superseded by complete component-canonical catalogue,disconnected,"2x[[216,4]]",True,TP-9d720fc6c8; TP-ee504198f3,2,search generated,pbb-large,parent presentation,PL-8346d4c6; PL-9f24e6b3; PL-cdaa4f44,,"normalized direct evidence: exact methods M; certified lower 5 (L4), 8 (M); supported upper 8 (I), 8 (M); estimated endpoint 8 (B)",results/weight5_publication_catalogue.jsonl,"$[[432,8,8]]$"
current_pbb_w5,current,PBB,5,432,8,8,5,8,,True,interval,C,C,5,8,,True,0.0185185185185,1.18518518519,1.18518518519,,1,False,False,False,False,False,False,False,False,distance not exact,disconnected,"2x[[216,4]]",True,TP-2bf90f328f,1,search generated,pbb-large,parent presentation,PL-d8385899,,normalized direct evidence: certified lower 5 (L4); supported upper 8 (I); estimated endpoint 8 (B),results/weight5_publication_catalogue.jsonl,"$[[432,8,5\leq d\leq 8]]$"
current_pbb_w5,current,PBB,5,432,8,10,10,10,,True,exact,E,E,10,10,,True,0.0185185185185,1.85185185185,1.85185185185,,2,False,False,False,False,False,False,False,False,superseded by complete component-canonical catalogue,disconnected,"2x[[216,4]]",True,TP-03e7093324; TP-39c1efc786,2,search generated,pbb-large,parent presentation,PL-36c5ce3b; PL-ae4cc6ad,,"normalized direct evidence: exact methods M; certified lower 5 (L4), 10 (M); supported upper 10 (I), 10 (M); estimated endpoint 11 (B); normalized direct evidence: exact methods M; certified lower 5 (L4), 10 (M); supported upper 10 (I), 10 (M); estimated endpoint 12 (B)",results/weight5_publication_catalogue.jsonl,"$[[432,8,10]]$"
current_pbb_w5,current,PBB,5,432,12,4,4,4,,True,exact,E,E,4,4,,True,0.0277777777778,0.444444444444,0.444444444444,,2,False,False,False,False,False,False,False,False,superseded by complete component-canonical catalogue,disconnected,"3x[[144,4]]",True,TP-3a7a25fbfa; TP-c67de3d2ed,2,search generated,pbb-large,parent presentation,PL-597f6b12; PL-cdea2b4a,,normalized direct evidence: exact methods H; certified lower 4 (H); supported upper 4 (H),results/weight5_publication_catalogue.jsonl,"$[[432,12,4]]$"
current_pbb_w5,current,PBB,5,432,12,8,8,8,,True,exact,E,E,8,8,,True,0.0277777777778,1.77777777778,1.77777777778,,1,False,False,False,False,False,False,False,False,superseded by complete component-canonical catalogue,disconnected,"3x[[144,4]]",True,TP-f41de01580,1,search generated,pbb-large,parent presentation,PL-aefa6773,,"normalized direct evidence: exact methods M; certified lower 5 (L4), 8 (M); supported upper 8 (M), 10 (I), 12 (I); estimated endpoint 10 (B)",results/weight5_publication_catalogue.jsonl,"$[[432,12,8]]$"
current_pbb_w5,current,PBB,5,432,24,3,3,3,,True,exact,E,E,3,3,,True,0.0555555555556,0.5,0.5,,5,False,False,False,False,False,False,False,False,superseded by complete component-canonical catalogue,disconnected,"12x[[36,2]]",True,TP-174f0842b2; TP-9e607936b3; TP-a59e375e13; TP-aaf654bdbc; TP-e8f3084292,5,search generated,pbb-large,parent presentation,PL-2dbeba05; PL-38d2b569; PL-704d75b7; PL-88c05b17; PL-aff57094,,normalized direct evidence: exact methods H; certified lower 3 (H); supported upper 3 (H),results/weight5_publication_catalogue.jsonl,"$[[432,24,3]]$"
current_pbb_w5,current,PBB,5,432,24,4,4,4,,True,exact,E,E,4,4,,True,0.0555555555556,0.888888888889,0.888888888889,,3,False,False,False,False,False,False,False,False,superseded by complete component-canonical catalogue,disconnected,"12x[[36,2]]; 6x[[72,4]]",True,TP-349420dd53; TP-9013e59799; TP-bf81d3f64c,3,search generated,pbb-large,parent presentation,PL-3e07b603; PL-5f3d871a; PL-78dcc188,,normalized direct evidence: exact methods H; certified lower 4 (H); supported upper 4 (H),results/weight5_publication_catalogue.jsonl,"$[[432,24,4]]$"
current_component_w5,current,CSS BB,5,90,4,9,9,9,,True,exact,E,E,9,9,,True,0.0444444444444,3.6,3.6,,1,False,False,False,False,False,False,False,False,superseded by complete component-canonical catalogue,derived connected component,connected explicit BB realization,True,TC-f8b2d429d3,1,derived from campaign parent,derived component,explicit connected component,CS-d473da9b,f8b2d429d3e1e50970c3a16cef94db752a965a5adef1d46aa856ded3b6dbbe8b,exact parent distance transferred through a certified colored-BLISS component match,results/weight5_component_certifications.jsonl,"$[[90,4,9]]$"
current_component_w5,current,CSS BB,5,96,4,10,10,10,,True,exact,E,E,10,10,,True,0.0416666666667,4.16666666667,4.16666666667,,1,False,False,False,False,False,False,False,False,superseded by complete component-canonical catalogue,derived connected component,connected explicit BB realization,True,TC-0d85c90beb,1,derived from campaign parent,derived component,explicit connected component,CL-885dfa58,0d85c90beb9377e0d5405a67db60e0009426d091c7c0b262514bdc1ec1bf25e0,exact parent distance transferred through a certified colored-BLISS component match,results/weight5_component_certifications.jsonl,"$[[96,4,10]]$"
current_component_w5,current,CSS BB,5,140,6,10,10,10,,True,exact,E,E,10,10,,True,0.0428571428571,4.28571428571,4.28571428571,,1,False,False,False,False,False,False,False,False,superseded by complete component-canonical catalogue,derived connected component,connected explicit BB realization,True,TC-9ebfa9beb1,1,derived from campaign parent,derived component,explicit connected component,CL-f8ef7ae2,9ebfa9beb199e93e8c02ac45a01bfa4c0154973059a19ca5b1d8a4ec2131364c,exact parent distance transferred through a certified colored-BLISS component match,results/weight5_component_certifications.jsonl,"$[[140,6,10]]$"
current_pbb_component_w5,current,PBB,5,144,4,8,8,8,,True,exact,E,E,8,8,,True,0.0277777777778,1.77777777778,1.77777777778,,1,False,False,False,False,False,False,False,False,superseded by complete component-canonical catalogue,derived connected component,connected explicit PBB realization,True,TP-1eaf5d0c28,1,derived from campaign parent,derived component,explicit connected PBB component,PL-aefa6773,1eaf5d0c283ea867190afce4cb6ded0ff7c0fb6da3754531f513b7461f3f3fea,exact parent distance transferred through a certified colored-BLISS PBB component match,results/weight5_pbb_component_certifications.jsonl,"$[[144,4,8]]$"
current_pbb_component_w5,current,PBB,5,180,2,11,11,11,,True,exact,E,E,11,11,,True,0.0111111111111,1.34444444444,1.34444444444,,1,False,False,False,False,False,False,False,False,superseded by complete component-canonical catalogue,derived connected component,connected explicit PBB realization,True,TP-5df1eafce0,1,derived from campaign parent,derived component,explicit connected PBB component,PL-8ee754a5,5df1eafce0c7abfd1afc069b7c94c2529c252cbd9e4da54a140c74591bb6e184,exact parent distance transferred through a certified colored-BLISS PBB component match,results/weight5_pbb_component_certifications.jsonl,"$[[180,2,11]]$"
current_pbb_component_w5,current,PBB,5,216,4,10,10,10,,True,exact,E,E,10,10,,True,0.0185185185185,1.85185185185,1.85185185185,,2,False,False,False,False,False,False,False,False,superseded by complete component-canonical catalogue,derived connected component,connected explicit PBB realization,True,TP-1e07aac3ce; TP-1f620582db,2,derived from campaign parent,derived component,explicit connected PBB component,PL-36c5ce3b; PL-ae4cc6ad,1e07aac3cea90f69d98cda5a428d958e8240271b769d7cef38ade93b775727e2; 1f620582dbbfe978726d96ca3fc68e0610ccc76f436231d3461600105274b9d9,exact parent distance transferred through a certified colored-BLISS PBB component match,results/weight5_pbb_component_certifications.jsonl,"$[[216,4,10]]$"
current_component_class_w5,current,PBB,5,12,2,3,3,3,,True,exact,E,E,3,3,,True,0.166666666667,1.5,1.5,,4,False,False,False,True,False,False,True,True,,component canonicalized,connected component,True,PC-3b33d4740b; PC-df89895989; PC-e83eafff81; PC-ef3b081cd4,4,campaign component quotient,component quotient,component-canonical class,PL-9b97a02b; PS-106b8669; PS-5259dec3; PS-686df635; PS-94315715; PS-194f5d29; PS-2e83cd7f; PS-5feb6ebb; PS-edb2da66; PS-1a20f6c1; PS-3f8d6ded; PS-4ab34380; PS-64d64fd9; PS-5ff69f0e; PS-66471642; PS-78481db9; PS-f4956d3c,3b33d4740b9fd6372f5fe69cda3e2132655cc2f079156ed535c19aa5e635ac40; df89895989980211f7e6cfb95b159d3f4edc300a7129b13062aa0efc98bbbcab; e83eafff81812eabeebc160f3007f1a3ac7cfd671dfa4234a0bcc18089306f35; ef3b081cd4ee8b97060f81f2f0abf6afdbac09a72cb6096e37042ec96caa90ae,supported distance bound transferred from component-canonical parent classes,results/weight5_component_classes.jsonl,"$[[12,2,3]]$"
current_component_class_w5,current,CSS,5,24,4,3,3,3,,True,exact,E,E,3,3,,True,0.166666666667,1.5,1.5,,1,False,False,False,False,False,False,False,True,,component canonicalized,connected component,True,CC-55e91ccc5b,1,campaign component quotient,component quotient,component-canonical class,CL-929c2a70,55e91ccc5bf6d7cea6c4ee8b08d83b1ccb973ca6fcde4158b69f93bff40e71b4,supported distance bound transferred from component-canonical parent classes,results/weight5_component_classes.jsonl,"$[[24,4,3]]$"
current_component_class_w5,current,CSS,5,30,4,3,3,3,,True,exact,E,E,3,3,,True,0.133333333333,1.2,1.2,,1,False,False,False,False,False,False,False,True,,component canonicalized,connected component,True,CC-656ae08baf,1,campaign component quotient,component quotient,component-canonical class,CS-1a073225; CS-c600e4d1; CS-fb880f70,656ae08bafbce164597c47c5530173a1d155216748d7608118f4506f1a0e4223,supported distance bound transferred from component-canonical parent classes,results/weight5_component_classes.jsonl,"$[[30,4,3]]$"
current_component_class_w5,current,CSS,5,30,4,4,4,4,,True,exact,E,E,4,4,,True,0.133333333333,2.13333333333,2.13333333333,,1,False,False,False,False,False,False,False,True,,component canonicalized,connected component,True,CC-8f50ee545c,1,campaign component quotient,component quotient,component-canonical class,CS-8146fb41; CS-9dfccec1,8f50ee545c171f73a9e69a6206397a28a40498fc261cd637c5ee983ed2d49616,supported distance bound transferred from component-canonical parent classes,results/weight5_component_classes.jsonl,"$[[30,4,4]]$"
current_component_class_w5,current,CSS,5,30,4,5,5,5,,True,exact,E,E,5,5,,True,0.133333333333,3.33333333333,3.33333333333,,1,False,False,False,False,False,False,False,True,,component canonicalized,connected component,True,CC-06a0242a68,1,campaign component quotient,component quotient,component-canonical class,CS-435681c1; CS-6a1b1dfe,06a0242a684acb76250791504d8ffb04c064c84da868503cf26b41fe3c1abeaa,supported distance bound transferred from component-canonical parent classes,results/weight5_component_classes.jsonl,"$[[30,4,5]]$"
current_component_class_w5,current,PBB,5,36,2,3,3,3,,True,exact,E,E,3,3,,True,0.0555555555556,0.5,0.5,,7,False,False,False,False,False,False,False,True,,component canonicalized,connected component,True,PC-78eed7353d; PC-9b6270b5c1; PC-a2fb163dde; PC-a955bb3502; PC-ce58155bd9; PC-e9027fdc17; PC-fa45a08f26,7,campaign component quotient,component quotient,component-canonical class,PL-2dbeba05; PS-88f1815a; PS-986012bb; PS-9a14d4a6; PS-c94e786d; PL-38d2b569; PS-25a74b10; PS-9703d323; PS-f872aa5b; PL-704d75b7; PS-01443595; PS-ec4998ee; PL-88c05b17; PS-7bbacb3f; PS-ad3f6b0a; PL-aff57094; PS-24a01f0d; PS-c2455d37; PS-3db41c4a; PS-46a007cb,78eed7353d76dbb46c1861238fe20396be5d052a2ef0ca0f0e62575e7a3e96c1; 9b6270b5c13246ba7c22ac6461c3545f084159777a817d026fab9bff99895baa; a2fb163dde94fa2e401cbfd148dca66a3cfa39ecf91424524d324dd7fc15338c; a955bb35020f9f6447bdb016551fd73aec0798d43a4745b2958904f29458b62f; ce58155bd999b867c26e2b2db32b57f582038deb39cb83005bd41167626ceb4e; e9027fdc1763464a06f2b19933a95f01de5516a2e453168ba0d90588a9962448; fa45a08f260ae897b51891f3c91aba04c14d317e8eb5615bd0bd4a12b157d0eb,supported distance bound transferred from component-canonical parent classes,results/weight5_component_classes.jsonl,"$[[36,2,3]]$"
current_component_class_w5,current,PBB,5,36,2,4,4,4,,True,exact,E,E,4,4,,True,0.0555555555556,0.888888888889,0.888888888889,,3,False,False,False,False,False,False,False,True,,component canonicalized,connected component,True,PC-3857b67f61; PC-453a43aa63; PC-4f32e83e2e,3,campaign component quotient,component quotient,component-canonical class,PL-5f3d871a; PS-08fe6a9e; PS-29b7edf5; PS-9b4e5941; PS-d9bb8009; PS-f2f4d5a2; PL-f2462ed9; PS-d181cf11; PS-9bf6af1e; PS-ab75ae2d,3857b67f618892ec806c2dbd115a7d3ddfee8ad6e4ff359b622792e6d2845bfd; 453a43aa632c9ea95e468289b73c6eefac51245bf1e6601243ba5db8633ac293; 4f32e83e2eec0c08eadb7c54a85efcbe32044c3d79c1c1849d7b297deaa1df0a,supported distance bound transferred from component-canonical parent classes,results/weight5_component_classes.jsonl,"$[[36,2,4]]$"
current_component_class_w5,current,CSS,5,36,4,3,3,3,,True,exact,E,E,3,3,,True,0.111111111111,1,1,,1,False,False,False,False,False,False,False,True,,component canonicalized,connected component,True,CC-82cd143f74,1,campaign component quotient,component quotient,component-canonical class,CL-b9275593,82cd143f748757031ddb2adb4f159714390648d8a18c63a70e21924481cb152b,supported distance bound transferred from component-canonical parent classes,results/weight5_component_classes.jsonl,"$[[36,4,3]]$"
current_component_class_w5,current,CSS,5,36,4,5,5,5,,True,exact,E,E,5,5,,True,0.111111111111,2.77777777778,2.77777777778,,1,False,False,False,False,False,False,False,True,,component canonicalized,connected component,True,CC-a99c89e358,1,campaign component quotient,component quotient,component-canonical class,CS-31aff634,a99c89e358f7a21292d1824a57390627e0d11b0c9d229d0209a9de8d5a6685c9,supported distance bound transferred from component-canonical parent classes,results/weight5_component_classes.jsonl,"$[[36,4,5]]$"
current_component_class_w5,current,CSS,5,42,4,5,5,5,,True,exact,E,E,5,5,,True,0.0952380952381,2.38095238095,2.38095238095,,1,False,False,False,False,False,False,False,True,,component canonicalized,connected component,True,CC-f3d105daed,1,campaign component quotient,component quotient,component-canonical class,CL-437b6e5f,f3d105daeddb32ed28c5abf04dfc7d59f9443b7f1e14eff8db8afd048a83404b,supported distance bound transferred from component-canonical parent classes,results/weight5_component_classes.jsonl,"$[[42,4,5]]$"
current_component_class_w5,current,CSS,5,42,6,3,3,3,,True,exact,E,E,3,3,,True,0.142857142857,1.28571428571,1.28571428571,,1,False,False,False,False,False,False,False,True,,component canonicalized,connected component,True,CC-e302bf3151,1,campaign component quotient,component quotient,component-canonical class,CL-4b943aa2,e302bf3151055cc6fe708ccfc4065f552d18fcc0fb5f9dcc786d0e33684da113,supported distance bound transferred from component-canonical parent classes,results/weight5_component_classes.jsonl,"$[[42,6,3]]$"
current_component_class_w5,current,CSS,5,48,4,3,3,3,,True,exact,E,E,3,3,,True,0.0833333333333,0.75,0.75,,1,False,False,False,False,False,False,False,True,,component canonicalized,connected component,True,CC-e51616ca38,1,campaign component quotient,component quotient,component-canonical class,CL-d9f65a7e,e51616ca384c65741900a6d1f317a495690021074167506120d24e5ed8b3b6ff,supported distance bound transferred from component-canonical parent classes,results/weight5_component_classes.jsonl,"$[[48,4,3]]$"
current_component_class_w5,current,CSS,5,48,4,4,4,4,,True,exact,E,E,4,4,,True,0.0833333333333,1.33333333333,1.33333333333,,3,False,False,False,False,False,False,False,True,,component canonicalized,connected component,True,CC-9b83b7ac16; CC-f530fd9b21; PC-29c78b60f3,3,campaign component quotient,component quotient,component-canonical class,CL-02bb1787; CL-a94de289; PL-78c3e7bf,29c78b60f396ff60adfaeefa9af595d96ec405916a62dcf20884559c2f35cd6d; 9b83b7ac162cb9e0113e9ef9648afe1805d47a6411eaa452fd30e0071b4a3744; f530fd9b212192eabf8a9942ff5811c6e6984795dcfc1d5e2a33b6f2d5c30705,supported distance bound transferred from component-canonical parent classes,results/weight5_component_classes.jsonl,"$[[48,4,4]]$"
current_component_class_w5,current,CSS,5,48,4,5,5,5,,True,exact,E,E,5,5,,True,0.0833333333333,2.08333333333,2.08333333333,,1,False,False,False,False,False,False,False,True,,component canonicalized,connected component,True,CC-a078564cc4,1,campaign component quotient,component quotient,component-canonical class,CL-83dd7b5d,a078564cc4dfa621bba6bfe94945a9364b6dbaf5c9f5ccff9efdd0c1c140bad0,supported distance bound transferred from component-canonical parent classes,results/weight5_component_classes.jsonl,"$[[48,4,5]]$"
current_component_class_w5,current,CSS,5,48,4,6,6,6,,True,exact,E,E,6,6,,True,0.0833333333333,3,3,,1,False,False,False,False,False,False,False,True,,component canonicalized,connected component,True,CC-52fe538344,1,campaign component quotient,component quotient,component-canonical class,CL-a25b2baf,52fe538344076d0a51d2471f40e11221ce5c205c163371b539292a4e01234e6e,supported distance bound transferred from component-canonical parent classes,results/weight5_component_classes.jsonl,"$[[48,4,6]]$"
current_component_class_w5,current,CSS,5,54,4,3,3,3,,True,exact,E,E,3,3,,True,0.0740740740741,0.666666666667,0.666666666667,,4,False,False,False,False,False,False,False,True,,component canonicalized,connected component,True,CC-12e566c16a; CC-1d8aefac29; CC-4666bec98d; CC-edd7b0eccf,4,campaign component quotient,component quotient,component-canonical class,CL-5e6f356a; CS-a6051954; CS-c5681bf5; CS-47731b90; CS-4dd38060; CS-52200a16; CS-52e7ba0e; CS-a8c58a3b; CS-f5cfd10f; CS-615a8fd3; CS-fb456ca8,12e566c16a55402a2fd726125f531d5d55c3918670094ab55592f6790fee96f4; 1d8aefac2974530ef9e68baa15565da32e197ff3a100eb318fdf10e2b37cc9b3; 4666bec98d2c38dfce6a772b1b1123faea74e95cdd46092f46ee3688d3fb0b80; edd7b0eccfff92f610bed43790964df124c8d248a21c631d9d541d86439eb635,supported distance bound transferred from component-canonical parent classes,results/weight5_component_classes.jsonl,"$[[54,4,3]]$"
current_component_class_w5,current,CSS,5,54,4,4,4,4,,True,exact,E,E,4,4,,True,0.0740740740741,1.18518518519,1.18518518519,,1,False,False,False,False,False,False,False,True,,component canonicalized,connected component,True,CC-62e9bcb91d,1,campaign component quotient,component quotient,component-canonical class,CS-0b911359; CS-df3ce049,62e9bcb91d1afaa7f79b15eeae34c9a01d2eafcc08eb092a03d1cab20f77a498,supported distance bound transferred from component-canonical parent classes,results/weight5_component_classes.jsonl,"$[[54,4,4]]$"
current_component_class_w5,current,CSS,5,54,4,5,5,5,,True,exact,E,E,5,5,,True,0.0740740740741,1.85185185185,1.85185185185,,1,False,False,False,False,False,False,False,True,,component canonicalized,connected component,True,CC-10a3f4cff8,1,campaign component quotient,component quotient,component-canonical class,CS-6eaa2f94; CS-7701034d; CS-dc117df8,10a3f4cff80413b7c0b632fd9d5d71dbb393eeca9d16c8bb41f2d578740dd704,supported distance bound transferred from component-canonical parent classes,results/weight5_component_classes.jsonl,"$[[54,4,5]]$"
current_component_class_w5,current,CSS,5,54,4,6,6,6,,True,exact,E,E,6,6,,True,0.0740740740741,2.66666666667,2.66666666667,,3,False,False,False,False,False,False,False,True,,component canonicalized,connected component,True,CC-0b1ec68e23; CC-0d69fed4ee; CC-4792515e34,3,campaign component quotient,component quotient,component-canonical class,CL-21ad24a2; CS-0c92ab37; CS-18882b71; CS-3e385a2f; CS-4f82636c; CS-766a79b8; CS-8367793c; CS-85b036e7; CS-929021ff; CS-bc57e3bb; CS-ca862d04; CS-e6c3d6f7; CS-0e4d0ef4; CS-a99e1b35; CS-5aa2af5d; CS-78838dd5; CS-98c3dcc5; CS-9b5d54bf; CS-a86a3fa0; CS-b21878a6; CS-cd3a1f8b; CS-ed9ea89a,0b1ec68e237a13165ae60a398b15129dd16ba1a2ddb1d245c1bf085ff0c23a6d; 0d69fed4ee7a5dc3df1086bade47807637c5d0a92299149d468a56560ad968c7; 4792515e34c1f5e785eb6eb52346040b90976debae35bb207553dced8171a80d,supported distance bound transferred from component-canonical parent classes,results/weight5_component_classes.jsonl,"$[[54,4,6]]$"
current_component_class_w5,current,PBB,5,60,2,4,4,4,,True,exact,E,E,4,4,,True,0.0333333333333,0.533333333333,0.533333333333,,3,False,False,False,False,False,False,False,True,,component canonicalized,connected component,True,PC-46d5ef691b; PC-52a2ae3281; PC-a3b14436cb,3,campaign component quotient,component quotient,component-canonical class,PS-030a6803; PS-240fa602; PS-d3184db2; PS-a4a03513; PS-c64d05e8,46d5ef691bd5cd79afbdc7687ae8dfc403b2fc5c1db426eba9769f14b7b3950d; 52a2ae32818261ec64cc2a28547a19bb004893b701e5b1212affbe909b7075cd; a3b14436cb224eb2f89d55129348d88c2fbaac743056658015925e276adcfa7a,supported distance bound transferred from component-canonical parent classes,results/weight5_component_classes.jsonl,"$[[60,2,4]]$"
current_component_class_w5,current,CSS,5,60,4,3,3,3,,True,exact,E,E,3,3,,True,0.0666666666667,0.6,0.6,,1,False,False,False,False,False,False,False,True,,component canonicalized,connected component,True,CC-6b611a1729,1,campaign component quotient,component quotient,component-canonical class,CS-183fa7f4; CS-3aa743db,6b611a17299ee498e0b6e9f737de916a0f46fc617262c1da3c697f4092c90445,supported distance bound transferred from component-canonical parent classes,results/weight5_component_classes.jsonl,"$[[60,4,3]]$"
current_component_class_w5,current,CSS,5,60,4,4,4,4,,True,exact,E,E,4,4,,True,0.0666666666667,1.06666666667,1.06666666667,,4,False,False,False,False,False,False,False,True,,component canonicalized,connected component,True,CC-70065ae24f; CC-7ba8aaae24; CC-9962f8c04c; CC-b08a01a2b2,4,campaign component quotient,component quotient,component-canonical class,CS-139f4bc6; CS-359b0899; CS-35bf8221; CS-3a584232; CS-cc25cf74; CS-ab5fa0e9; CS-f0816ca6,70065ae24f24010d5328df9566621f92adafa885eca2b8a0a525d495cc5d7735; 7ba8aaae2416e21f88e70513f927339503b60d43a3ecfe601cd97095bfa1bc23; 9962f8c04c070ae59bfa185375cb9f1f4025c73fe16f2f4a81783c19d4c7e8f6; b08a01a2b2efd55ab76fadbdf89b6284e8df299b0cd21e12dc3590e431bb086b,supported distance bound transferred from component-canonical parent classes,results/weight5_component_classes.jsonl,"$[[60,4,4]]$"
current_component_class_w5,current,CSS,5,60,4,5,5,5,,True,exact,E,E,5,5,,True,0.0666666666667,1.66666666667,1.66666666667,,7,False,False,False,False,False,False,False,True,,component canonicalized,connected component,True,CC-07ccdaed01; CC-32e8b7f615; CC-527c445f6a; CC-82bdaae999; CC-c67af22262; CC-dacba8a1ec; CC-f18a6682ae,7,campaign component quotient,component quotient,component-canonical class,CS-1363c9b9; CS-49a65af6; CS-ff5ab961; CS-2aa84247; CS-373a98a4; CS-c4765355; CS-f0ceea98; CS-56984308; CS-654080d0; CS-6d6a31f9; CS-75b1d537; CS-ba902f48; CS-fc4dc8ca; CS-81c206b7,07ccdaed01f50c345df08a11aabb792008b315146eb63d1f97b2a89014c34a08; 32e8b7f615509dd241defbce86ad4ff3dc6770ad6f0cda2ca77e631e4ad80bbc; 527c445f6ac08faec7641a8fcd894b2c7d36541dbd7ac8c748ad10923345db82; 82bdaae999bd67fd97b90b3b45bffea18e27b526bdc9860ebdaff71d792384e3; c67af22262940a7be32c974ebb1dce95cef2f4bf7f2426644c993660eec1bb61; dacba8a1ec558e8b0f8396a65da8a5aaf219e595c9f249dc050bb20fe25ff19b; f18a6682ae33baa265c49f74b74bc33c59ad2c146b544e33512832eada391e8a,supported distance bound transferred from component-canonical parent classes,results/weight5_component_classes.jsonl,"$[[60,4,5]]$"
current_component_class_w5,current,CSS,5,60,4,6,5,,6,False,interval,C,C,5,,6,False,0.0666666666667,2.4,,2.4,3,False,False,False,False,False,False,False,False,distance not exact,component canonicalized,connected component,True,CC-579d583c84; CC-61f59db89f; CC-a99a9c2845,3,campaign component quotient,component quotient,component-canonical class,CS-4ae19507; CS-5a34992e; CS-631b0ba5; CS-eebac675; CS-960aef72; CS-f5976984,579d583c842a1f80a1dab84f239d864bb824357dde62602711f17dc78de13cee; 61f59db89fbefca505f109fa443ba7afd8603132eb6c992c7f25fe921d51d62e; a99a9c284508dcf320dd2d1b864b697649cb2f5e0b46b8abc60e97ab1483f702,estimated endpoint transferred from component-canonical parent classes,results/weight5_component_classes.jsonl,"$[[60,4,d\geq 5;\ \widehat d=6]]$"
current_component_class_w5,current,CSS,5,60,4,7,5,,7,False,interval,C,C,5,,7,False,0.0666666666667,3.26666666667,,3.26666666667,3,False,False,False,False,False,False,False,False,distance not exact,component canonicalized,connected component,True,CC-28c86a33e6; CC-44a86d18fd; CC-a89a530088,3,campaign component quotient,component quotient,component-canonical class,CS-5f82ded4; CS-e4e197cc; CS-6e16773b; CS-b1622590; CS-827fce14; CS-c6d700d2; CS-f124d238,28c86a33e6fbc34e73684db27c254fb35cc4c50fae376c5f39437b61ee409dc5; 44a86d18fd8695ebfede04e435eb9cd18dd07e39676a1ae81a8e54174bd03dea; a89a5300886c5aac18a5063ad19ca36dddc2ecf08e50dd602ecba4800f1c5c24,estimated endpoint transferred from component-canonical parent classes,results/weight5_component_classes.jsonl,"$[[60,4,d\geq 5;\ \widehat d=7]]$"
current_component_class_w5,current,CSS,5,60,4,8,5,,8,False,interval,C,C,5,,8,False,0.0666666666667,4.26666666667,,4.26666666667,2,False,False,False,False,False,False,False,False,distance not exact,component canonicalized,connected component,True,CC-25fd256e73; CC-c1f8037e3d,2,campaign component quotient,component quotient,component-canonical class,CS-1eaea74d; CS-61381a4d; CS-9fd3ef63; CS-b26c58fb; CS-265c73ea,25fd256e73d7d27bda33e7c370b13e3584058c22b4f6b681b895a0821a68aeae; c1f8037e3d2cafffc896068a393b226ffd84ea452b41200d619948755afd0bba,estimated endpoint transferred from component-canonical parent classes,results/weight5_component_classes.jsonl,"$[[60,4,d\geq 5;\ \widehat d=8]]$"
current_component_class_w5,current,CSS,5,72,4,4,4,4,,True,exact,E,E,4,4,,True,0.0555555555556,0.888888888889,0.888888888889,,13,False,False,False,False,False,False,False,True,,component canonicalized,connected component,True,CC-06119bef15; CC-45ee8ed2b1; CC-56363d30d0; PC-36068040a7; PC-3e38054efa; PC-40c7e7da20; PC-5458338ee4; PC-5fb39541af; PC-8982d8d57f; PC-b332918b4e; PC-b3e65b8426; PC-c2e302276f; PC-df9f6bf6e8,13,campaign component quotient,component quotient,component-canonical class,CL-18750838; CL-2c508b86; CL-86e25310; PL-0bbae5c3; PL-a1c1ac59; PL-d3deda3d; PL-3e07b603; PS-01bb5ce1; PL-78dcc188; PS-ad4a6ab8; PS-ffe93fd8; PL-ad1cc828; PL-aecf3364; PS-0d465075; PS-231b48e4; PS-9d8b733c; PS-a72ff06a; PS-bb41fc22; PS-c4a4cc2d; PS-dd65d6ed; PS-09833b6a; PS-1db1d8fa; PS-337b23a8; PS-350fe455; PS-99d2a217; PS-ecc218b0; PS-0b761a73; PS-86a549d8; PS-b23256e8; PS-c079dc58; PS-db11ff5e; PS-ec306f78; PS-1434d4e7; PS-34a1c7a7; PS-44aa1f41; PS-5132ad68; PS-6612b0d7; PS-6d4940be; PS-8095943f; PS-a149b558; PS-a18803a6; PS-a1dab64c; PS-a39ab3d8; PS-e53b0829; PS-24559419; PS-85429f03; PS-264133e8; PS-327fdbe9; PS-34d654cf; PS-3a934cc1; PS-ceb60d35; PS-db456c42; PS-e3c4d761; PS-e70df808,06119bef15154820415dc9c24b1633f66fb00d8c5898a3efc2f731198bce81e6; 36068040a7999fdb2c44d0620f4c5b41abc73f7ade514e08cf3aae084e21f9a7; 3e38054efa9260f238873375b41789c4eab2b8c78b0f46eee8a377cb6c923b9f; 40c7e7da200d2de04da9a5baf4cea7c1dde8d2f45dca899b862f06ec0277ccdd; 45ee8ed2b18799a6fd2352352681af8ec1896177332dcfb9044ed7adb6df4fec; 5458338ee4cae4cf57522ca00e6622a23b9973bf9b873c9663c107aa2d56251e; 56363d30d068c1a30edad03daa003ffc517255a10d2beb7ba613a96732d9bf8a; 5fb39541af7a11a46c15d6ebeea9b32468f9ed3829ee56753fc3b35699981002; 8982d8d57f5117638fa1161af4d1f649a6a084550c28da9e14b2788dec2c9335; b332918b4ea34ba1ac4db87b8de5a31f5ec6581c0401397c0582602c7d67bad0; b3e65b842651ff07fc84177161f330a35b0be606d6e2f6929786d271fc2b3369; c2e302276fa63a07ad26247ac532d301d2fb29843956d55726c020f205edba41; df9f6bf6e8e20ddbd2a401fc44d731b4377bc9086264f5947a99dac507001b53,supported distance bound transferred from component-canonical parent classes,results/weight5_component_classes.jsonl,"$[[72,4,4]]$"
current_component_class_w5,current,CSS,5,72,4,5,5,5,,True,exact,E,E,5,5,,True,0.0555555555556,1.38888888889,1.38888888889,,1,False,False,False,False,False,False,False,True,,component canonicalized,connected component,True,CC-913effb46a,1,campaign component quotient,component quotient,component-canonical class,CL-7827219c,913effb46a7db9f9356f683f0ab49cd5709190f99432758dc0a0e1c312aaa3ba,supported distance bound transferred from component-canonical parent classes,results/weight5_component_classes.jsonl,"$[[72,4,5]]$"
current_component_class_w5,current,CSS,5,72,4,6,6,6,,True,exact,E,E,6,6,,True,0.0555555555556,2,2,,1,False,False,False,False,False,False,False,True,,component canonicalized,connected component,True,CC-26b298af97,1,campaign component quotient,component quotient,component-canonical class,CL-63ba351e,26b298af974c2bd13a4c9aad8e927ec89815c0f4948314e8cef90c19fb14561a,supported distance bound transferred from component-canonical parent classes,results/weight5_component_classes.jsonl,"$[[72,4,6]]$"
current_component_class_w5,current,CSS,5,72,4,7,7,7,,True,exact,E,E,7,7,,True,0.0555555555556,2.72222222222,2.72222222222,,1,False,False,False,False,False,False,False,True,,component canonicalized,connected component,True,CC-90d4e0cdd3,1,campaign component quotient,component quotient,component-canonical class,CL-f93732aa,90d4e0cdd3bb1f5960f507c5a227eb75bba692e731a88f2ea6a59640acf9f100,supported distance bound transferred from component-canonical parent classes,results/weight5_component_classes.jsonl,"$[[72,4,7]]$"
current_component_class_w5,current,CSS,5,84,4,6,6,6,,True,exact,E,E,6,6,,True,0.047619047619,1.71428571429,1.71428571429,,2,False,False,False,False,False,False,False,True,,component canonicalized,connected component,True,CC-84b6838138; CC-fa4834d7f8,2,campaign component quotient,component quotient,component-canonical class,CL-e2ab51c4; CL-e891e16d,84b68381384a006f5e465f11cf76f0f3d427ea4da5af30e2987ae9d85b4be121; fa4834d7f838dced3adac3917dff2b65c353a60722d0aba674fb629d425052d0,supported distance bound transferred from component-canonical parent classes,results/weight5_component_classes.jsonl,"$[[84,4,6]]$"
current_component_class_w5,current,CSS,5,84,4,7,7,7,,True,exact,E,E,7,7,,True,0.047619047619,2.33333333333,2.33333333333,,1,False,False,False,False,False,False,False,True,,component canonicalized,connected component,True,CC-af81ec2f98,1,campaign component quotient,component quotient,component-canonical class,CL-0eaa9430,af81ec2f985e38274cea4e5a4d416da94be32b4f0e7bd6261a60fe8f56b18467,supported distance bound transferred from component-canonical parent classes,results/weight5_component_classes.jsonl,"$[[84,4,7]]$"
current_component_class_w5,current,CSS,5,84,4,8,8,8,,True,exact,E,E,8,8,,True,0.047619047619,3.04761904762,3.04761904762,,1,False,False,False,False,False,False,False,True,,component canonicalized,connected component,True,CC-07b902be79,1,campaign component quotient,component quotient,component-canonical class,CL-1830493f,07b902be79f17b12d2c24ab1901bee781a3cb0326e5ca337c3e4d74b614debba,supported distance bound transferred from component-canonical parent classes,results/weight5_component_classes.jsonl,"$[[84,4,8]]$"
current_component_class_w5,current,CSS,5,84,6,3,3,3,,True,exact,E,E,3,3,,True,0.0714285714286,0.642857142857,0.642857142857,,1,False,False,False,False,False,False,False,True,,component canonicalized,connected component,True,CC-475e24d54c,1,campaign component quotient,component quotient,component-canonical class,CL-abc3d2fe,475e24d54cbfc12d7f719654dca2efb9c7b37c1ecc48891735ac9a342ab927e8,supported distance bound transferred from component-canonical parent classes,results/weight5_component_classes.jsonl,"$[[84,6,3]]$"
current_component_class_w5,current,CSS,5,90,4,3,3,3,,True,exact,E,E,3,3,,True,0.0444444444444,0.4,0.4,,2,False,False,False,False,False,False,False,True,,component canonicalized,connected component,True,CC-220bdcf891; CC-b0f07c9ac1,2,campaign component quotient,component quotient,component-canonical class,CS-69c61aee; CS-ab23b32b,220bdcf8913cad0a3dd886a38385032fbe7c39f6c3d47e2bcd4f388917b3b170; b0f07c9ac162ef00d01f38857c79078b962d411bbffe8e46007060eaf921db8c,supported distance bound transferred from component-canonical parent classes,results/weight5_component_classes.jsonl,"$[[90,4,3]]$"
current_component_class_w5,current,CSS,5,90,4,4,4,4,,True,exact,E,E,4,4,,True,0.0444444444444,0.711111111111,0.711111111111,,1,False,False,False,False,False,False,False,True,,component canonicalized,connected component,True,CC-72d0c00f18,1,campaign component quotient,component quotient,component-canonical class,CS-54e115ab,72d0c00f18f04c9ab4fe53403191eb58bb2223918507cbe50dbad734fcaecf85,supported distance bound transferred from component-canonical parent classes,results/weight5_component_classes.jsonl,"$[[90,4,4]]$"
current_component_class_w5,current,CSS,5,90,4,5,5,5,,True,exact,E,E,5,5,,True,0.0444444444444,1.11111111111,1.11111111111,,7,False,False,False,False,False,False,False,True,,component canonicalized,connected component,True,CC-2440298071; CC-8f8ce0460c; CC-af2d3ee061; CC-c071519c88; CC-c0b743ae52; CC-ce455bdab0; CC-df6c0c2633,7,campaign component quotient,component quotient,component-canonical class,CS-0893ef17; CS-2c0066a4; CS-accf4ce7; CS-2d69d929; CS-a24f8c4e; CS-770cc2a8; CS-8ca0927a; CS-a6d60d3d; CS-c29564a1; CS-de1d2921,24402980719e35aecdff43662080993a62a3c5e05fa195abc439a17b65518cf5; 8f8ce0460c2e81ba540b38da520261e3d8915465c9e38d5806941412e106b95f; af2d3ee06132428b54b394e80263a1bee04c05c0b4d919c5b35ef9cabcd8fe62; c071519c8875bb66b082af2c69a71acae2e7c0dfb17404dcb867552ea8286ee7; c0b743ae5206223bc700a709f3068566e744fa45a31d272be4516bad13af5544; ce455bdab0577824b5a9c7cfff76eeacf70ef93d45e59a7a455a2200e76f68b4; df6c0c2633ace5b14e7e05572dda03c7f7bf3935339a933d1f419de40e9ef60e,supported distance bound transferred from component-canonical parent classes,results/weight5_component_classes.jsonl,"$[[90,4,5]]$"
current_component_class_w5,current,CSS,5,90,4,6,5,,6,False,interval,C,C,5,,6,False,0.0444444444444,1.6,,1.6,2,False,False,False,False,False,False,False,False,distance not exact,component canonicalized,connected component,True,CC-4704fa9bfc; CC-f520b41a31,2,campaign component quotient,component quotient,component-canonical class,CS-36a5bff0; CS-fe2ca145,4704fa9bfcbf017f1dc65c5fc58a9356135445646065729d65d4c221682e6364; f520b41a3150c99724d0a7b874052a339da4146ca8ce90de1f4a97c01871e5e8,estimated endpoint transferred from component-canonical parent classes,results/weight5_component_classes.jsonl,"$[[90,4,d\geq 5;\ \widehat d=6]]$"
current_component_class_w5,current,CSS,5,90,4,7,5,,7,False,interval,C,C,5,,7,False,0.0444444444444,2.17777777778,,2.17777777778,1,False,False,False,False,False,False,False,False,distance not exact,component canonicalized,connected component,True,CC-8e7f20f3ba,1,campaign component quotient,component quotient,component-canonical class,CS-b7fe6960,8e7f20f3bab37557a2a753769dc606f771b2850324d623fbffacd90e28851e07,estimated endpoint transferred from component-canonical parent classes,results/weight5_component_classes.jsonl,"$[[90,4,d\geq 5;\ \widehat d=7]]$"
current_component_class_w5,current,CSS,5,90,4,8,5,,8,False,interval,C,C,5,,8,False,0.0444444444444,2.84444444444,,2.84444444444,1,False,False,False,False,False,False,False,False,distance not exact,component canonicalized,connected component,True,CC-5204b8202d,1,campaign component quotient,component quotient,component-canonical class,CS-b6830444,5204b8202dd05141002c46c0b583c7aab1c0d657625cc8817029183504ae5964,estimated endpoint transferred from component-canonical parent classes,results/weight5_component_classes.jsonl,"$[[90,4,d\geq 5;\ \widehat d=8]]$"
current_component_class_w5,current,CSS,5,90,4,9,9,9,,True,exact,E,E,9,9,,True,0.0444444444444,3.6,3.6,,1,False,False,False,False,False,False,False,True,,component canonicalized,connected component,True,CC-f8b2d429d3,1,campaign component quotient,component quotient,component-canonical class,CS-d473da9b,f8b2d429d3e1e50970c3a16cef94db752a965a5adef1d46aa856ded3b6dbbe8b,supported distance bound transferred from component-canonical parent classes,results/weight5_component_classes.jsonl,"$[[90,4,9]]$"
current_component_class_w5,current,CSS,5,90,8,3,3,3,,True,exact,E,E,3,3,,True,0.0888888888889,0.8,0.8,,1,False,False,False,False,False,False,False,True,,component canonicalized,connected component,True,CC-776d53f108,1,campaign component quotient,component quotient,component-canonical class,CS-091bd1b5; CS-4496a7f0,776d53f1082d8c998400213563e7136b2c95ac205b90bbd17155a8dfcdd987b6,supported distance bound transferred from component-canonical parent classes,results/weight5_component_classes.jsonl,"$[[90,8,3]]$"
current_component_class_w5,current,CSS,5,96,4,3,3,3,,True,exact,E,E,3,3,,True,0.0416666666667,0.375,0.375,,1,False,False,False,False,False,False,False,True,,component canonicalized,connected component,True,CC-827816d6df,1,campaign component quotient,component quotient,component-canonical class,CL-64686929,827816d6df8caed38efad40a92381f48f2b2474056b18939b4b30cbce655f8e6,supported distance bound transferred from component-canonical parent classes,results/weight5_component_classes.jsonl,"$[[96,4,3]]$"
current_component_class_w5,current,CSS,5,96,4,4,4,4,,True,exact,E,E,4,4,,True,0.0416666666667,0.666666666667,0.666666666667,,7,False,False,False,False,False,False,False,True,,component canonicalized,connected component,True,CC-7a90253a75; CC-9da5e9da38; CC-9ea4ec65f3; CC-c7eb38a160; CC-ce2ec3bdd9; CC-e9994f81fa; CC-f12518778c,7,campaign component quotient,component quotient,component-canonical class,CL-0fcae59b; CL-326e2b7f; CL-7aa28e28; CL-47fcea25; CL-52dc7734; CL-9e72e18f; CL-da717524; CL-ff17aa92,7a90253a75a25136ed810f8ebce19022c90638afafe50b851955e8dc312b651f; 9da5e9da3882a8805cdbd4cde9a7c2acfb1edf9c20ed6a18d0f78c557544a32c; 9ea4ec65f3d4b89587ffcb00a89041b02700a7e972e9f3ca5b0c4e6f934422ce; c7eb38a160440c31d62f2c3d3b8b86ecf08721584c91bbdeb0dd11b56aa76c7e; ce2ec3bdd9daf66055bcc80975539b6774d67e6ae3beceb0c3cea41f5bae6cbd; e9994f81fab7a76cf11fcaedda93930c23abc313d0d39d5ea57b7daab5cc19fc; f12518778ca9c782c1466281e3522edcd90866a0c3ce03cd845217994a7cfa3a,supported distance bound transferred from component-canonical parent classes,results/weight5_component_classes.jsonl,"$[[96,4,4]]$"
current_component_class_w5,current,CSS,5,96,4,6,6,6,,True,exact,E,E,6,6,,True,0.0416666666667,1.5,1.5,,2,False,False,False,False,False,False,False,True,,component canonicalized,connected component,True,CC-884086cb88; CC-c1a5212d21,2,campaign component quotient,component quotient,component-canonical class,CL-52dcc64d; CL-a26ff6ea; CL-9daeb04b,884086cb88be99532927a29d5e178070a8f28e565301cbe4ee8f47ef67149832; c1a5212d2128f84f875f6d2a583306a6d16b46aacf5f28d45530b840d6ffdf62,supported distance bound transferred from component-canonical parent classes,results/weight5_component_classes.jsonl,"$[[96,4,6]]$"
current_component_class_w5,current,CSS,5,96,4,6,5,,6,False,interval,C,C,5,,6,False,0.0416666666667,1.5,,1.5,2,False,False,False,False,False,False,False,False,distance not exact,component canonicalized,connected component,True,CC-28178b722c; CC-4219a10bf0,2,campaign component quotient,component quotient,component-canonical class,CL-5bf06ff4; CL-bda4c4b2; CL-c8294de5,28178b722cffcb13431ce8afd9165f8b116db6a2120a90b911d13b486f2940f4; 4219a10bf0099b6893ca8cb1e8d58961b8993a140eb8ef6d1243bf8504ef74d6,estimated endpoint transferred from component-canonical parent classes,results/weight5_component_classes.jsonl,"$[[96,4,d\geq 5;\ \widehat d=6]]$"
current_component_class_w5,current,CSS,5,96,4,7,7,7,,True,exact,E,E,7,7,,True,0.0416666666667,2.04166666667,2.04166666667,,2,False,False,False,False,False,False,False,True,,component canonicalized,connected component,True,CC-19642a9c22; CC-fe75c49184,2,campaign component quotient,component quotient,component-canonical class,CL-0ffd9a2d; CL-9fc416af,19642a9c22c2d072d18e5f5ca299765f8a04ea0b5d2fd2b43d53b8d23f14ddfe; fe75c49184decce6bba6a98fa04ec07f58ba935618ac48f6081a5f5ce983c179,supported distance bound transferred from component-canonical parent classes,results/weight5_component_classes.jsonl,"$[[96,4,7]]$"
current_component_class_w5,current,CSS,5,96,4,7,5,,7,False,interval,C,C,5,,7,False,0.0416666666667,2.04166666667,,2.04166666667,1,False,False,False,False,False,False,False,False,distance not exact,component canonicalized,connected component,True,CC-ff06e5e4dc,1,campaign component quotient,component quotient,component-canonical class,CL-a24fe148,ff06e5e4dc201939833b04159ac47ce889a193c5f3964d4913c186008a01a8e5,estimated endpoint transferred from component-canonical parent classes,results/weight5_component_classes.jsonl,"$[[96,4,d\geq 5;\ \widehat d=7]]$"
current_component_class_w5,current,CSS,5,96,4,8,8,8,,True,exact,E,E,8,8,,True,0.0416666666667,2.66666666667,2.66666666667,,4,False,False,False,False,False,False,False,True,,component canonicalized,connected component,True,CC-097d58cfe1; CC-6103b15568; CC-b49e522cf7; CC-eebad01290,4,campaign component quotient,component quotient,component-canonical class,CL-05841223; CL-49103759; CL-454c87bc; CL-8c40001b; CL-ebc1d7c4; CL-b71ff5d9,097d58cfe1319fef352fd3a6fb3cd6e4c652973a25024ef21949e4ef579d5483; 6103b155685d9ed10a30de4883a53d4bfa94c9def333c90c54d3ff2c8dee1e2f; b49e522cf7beac1475a34c6d5bdf7bd129dc7196538f910d1572d641c2237fb4; eebad012906fb1b6cf097da1db8fc0ecc5aace16c54af2a11994438fc0163d1f,supported distance bound transferred from component-canonical parent classes,results/weight5_component_classes.jsonl,"$[[96,4,8]]$"
current_component_class_w5,current,CSS,5,96,4,10,10,10,,True,exact,E,E,10,10,,True,0.0416666666667,4.16666666667,4.16666666667,,1,False,False,False,False,False,False,False,True,,component canonicalized,connected component,True,CC-0d85c90beb,1,campaign component quotient,component quotient,component-canonical class,CL-885dfa58,0d85c90beb9377e0d5405a67db60e0009426d091c7c0b262514bdc1ec1bf25e0,supported distance bound transferred from component-canonical parent classes,results/weight5_component_classes.jsonl,"$[[96,4,10]]$"
current_component_class_w5,current,PBB,5,108,2,3,3,3,,True,exact,E,E,3,3,,True,0.0185185185185,0.166666666667,0.166666666667,,1,False,False,False,False,False,False,False,True,,component canonicalized,connected component,True,PC-8361a166c1,1,campaign component quotient,component quotient,component-canonical class,PL-232490ff,8361a166c10a3ccdee87ee3125764a2ba20481a0b2615e8de1e345c509bcfa46,supported distance bound transferred from component-canonical parent classes,results/weight5_component_classes.jsonl,"$[[108,2,3]]$"
current_component_class_w5,current,PBB,5,108,2,4,4,4,,True,exact,E,E,4,4,,True,0.0185185185185,0.296296296296,0.296296296296,,1,False,False,False,False,False,False,False,True,,component canonicalized,connected component,True,PC-c5f7245706,1,campaign component quotient,component quotient,component-canonical class,PS-02124a53; PS-dcbd4997,c5f7245706f1e0d50f462e8dd8ebb4804db4a302cec4a1154fe64cf6499a8f29,supported distance bound transferred from component-canonical parent classes,results/weight5_component_classes.jsonl,"$[[108,2,4]]$"
current_component_class_w5,current,PBB,5,108,2,7,7,7,,True,exact,E,E,7,7,,True,0.0185185185185,0.907407407407,0.907407407407,,3,False,False,False,False,False,False,False,True,,component canonicalized,connected component,True,PC-1867b9ac07; PC-8bc9eb1e52; PC-9b4c526654,3,campaign component quotient,component quotient,component-canonical class,PL-2b5f2b8d; PL-55176200; PL-9fc3055a; PL-c60edd0d,1867b9ac07571159b6cc6f1a8d6e48ed413242c4ecdd4a9c495aa6b844e70d96; 8bc9eb1e52900d45fa2798b5a5646acc432e5cbf1d4f1c752666bca2a76a59c6; 9b4c52665485e939acd09f14416e8239712e12210f0bf88129e960576c8a8e4f,supported distance bound transferred from component-canonical parent classes,results/weight5_component_classes.jsonl,"$[[108,2,7]]$"
current_component_class_w5,current,CSS,5,108,4,3,3,3,,True,exact,E,E,3,3,,True,0.037037037037,0.333333333333,0.333333333333,,1,False,False,False,False,False,False,False,True,,component canonicalized,connected component,True,CC-4b9dfee06a,1,campaign component quotient,component quotient,component-canonical class,CL-aa2abeb9,4b9dfee06a79820adb33e83a7efb5612386ab73260ab2a32ba9da527b925ee39,supported distance bound transferred from component-canonical parent classes,results/weight5_component_classes.jsonl,"$[[108,4,3]]$"
current_component_class_w5,current,CSS,5,108,4,4,4,4,,True,exact,E,E,4,4,,True,0.037037037037,0.592592592593,0.592592592593,,2,False,False,False,False,False,False,False,True,,component canonicalized,connected component,True,CC-3cdca3e37d; CC-c8ff0c5862,2,campaign component quotient,component quotient,component-canonical class,CL-207f9524; CL-5c6fb0dc; CL-8157fe5b,3cdca3e37d0117d5b2fdf48c6ec0170f544e230c13800a88b72e8fe79649c39c; c8ff0c586264c0f491eb1c8cda4d131628478b1e0735d4a032ac5ebf548c1e6e,supported distance bound transferred from component-canonical parent classes,results/weight5_component_classes.jsonl,"$[[108,4,4]]$"
current_component_class_w5,current,CSS,5,108,4,6,6,6,,True,exact,E,E,6,6,,True,0.037037037037,1.33333333333,1.33333333333,,2,False,False,False,False,False,False,False,True,,component canonicalized,connected component,True,CC-0e7a47be11; CC-c30bb8db4b,2,campaign component quotient,component quotient,component-canonical class,CL-c9d42fcb; CL-dca40892,0e7a47be112e1ef855b7317479931ca120dd409afc7da50d3e3e825da4eb7889; c30bb8db4b9badf81043be1353f9674bc68eba34e2a996b6bfd41f3bfc89b1f9,supported distance bound transferred from component-canonical parent classes,results/weight5_component_classes.jsonl,"$[[108,4,6]]$"
current_component_class_w5,current,CSS,5,108,4,7,7,7,,True,exact,E,E,7,7,,True,0.037037037037,1.81481481481,1.81481481481,,1,False,False,False,False,False,False,False,True,,component canonicalized,connected component,True,CC-4a0a3a658a,1,campaign component quotient,component quotient,component-canonical class,CL-8e614a5f; CL-d72254a8,4a0a3a658a1c435958a5a5272af960cfb58fcd432232dce603e2e70b3a6aed9d,supported distance bound transferred from component-canonical parent classes,results/weight5_component_classes.jsonl,"$[[108,4,7]]$"
current_component_class_w5,current,CSS,5,108,4,8,8,8,,True,exact,E,E,8,8,,True,0.037037037037,2.37037037037,2.37037037037,,2,False,False,False,False,False,False,False,True,,component canonicalized,connected component,True,CC-a820ba807d; CC-f05fffca70,2,campaign component quotient,component quotient,component-canonical class,CL-a1a678e0; CL-c5ca6b9a,a820ba807dfd700c136834484fd0f819bc2ead7a8b993b0005bb2b7f708adb82; f05fffca70ca72a4ef56748aacd62a133afd78eb03e62aaa8b7c81623ae87a86,supported distance bound transferred from component-canonical parent classes,results/weight5_component_classes.jsonl,"$[[108,4,8]]$"
current_component_class_w5,current,CSS,5,108,4,9,9,9,,True,exact,E,E,9,9,,True,0.037037037037,3,3,,1,False,False,False,False,False,False,False,True,,component canonicalized,connected component,True,CC-935158588f,1,campaign component quotient,component quotient,component-canonical class,CL-8fe7fff8,935158588f76c0d95b2534fa4b0a81798575a9fda2183fda7ea15f2e1abe5828,supported distance bound transferred from component-canonical parent classes,results/weight5_component_classes.jsonl,"$[[108,4,9]]$"
current_component_class_w5,current,CSS,5,120,4,4,4,4,,True,exact,E,E,4,4,,True,0.0333333333333,0.533333333333,0.533333333333,,7,False,False,False,False,False,False,False,True,,component canonicalized,connected component,True,CC-01bb7e035c; PC-17c96d0b67; PC-4a95c7c6d1; PC-6c52ab21e7; PC-7da808ffd4; PC-7ea55c5088; PC-cdd4351fe7,7,campaign component quotient,component quotient,component-canonical class,CS-d74f23a3; PL-93be42eb; PL-f49f60d8; PS-0149b587; PS-2ba743ef; PS-6d57d019; PS-c9a7824f; PS-0279cf6d; PS-4592e602; PS-49bdead8; PS-5898a489; PS-76c46f14; PS-a695189e; PS-bfe0e15d; PS-06e1c26a; PS-08b59088; PS-1d83fe20; PS-1eac6e27; PS-2ab9e3da; PS-4d498276; PS-5bb63551; PS-5f4ec5c0; PS-9828cd17; PS-af58ae1f; PS-c1a685eb; PS-0c54bc34; PS-27a10a50; PS-2f58d2c0; PS-3700f610; PS-50d05cf8; PS-935a9444; PS-965d4a57; PS-a5976097; PS-d288ab92,01bb7e035cc5bfb54c4b6f31a997e9de78e39b7695d6fd68bdd2f4973bde8c76; 17c96d0b67b5b8b9e32ec1570f4cd811967daefeaca7c2e8418a789571c669c7; 4a95c7c6d159381d86d59ea63ae3a6e8b0d6bcde31f05e2981c68c291cf9c223; 6c52ab21e7992984978e635134bb9f9383dabc72c2a04927b6ca5ee14abb3fb4; 7da808ffd438c773a1ad237aee641b55a0a621c25f66dd45f88075b57ec7a94b; 7ea55c50885978b43904065f4c365b882ba5a970e0303566593c6e494911f7d1; cdd4351fe77678645dcabb384d483682945e1068a00ec1067dc8ea6e404f4baf,supported distance bound transferred from component-canonical parent classes,results/weight5_component_classes.jsonl,"$[[120,4,4]]$"
current_component_class_w5,current,CSS,5,120,4,6,5,,6,False,interval,C,C,5,,6,False,0.0333333333333,1.2,,1.2,3,False,False,False,False,False,False,False,False,distance not exact,component canonicalized,connected component,True,CC-8b084fa60e; CC-c70faf7464; CC-cfb002938c,3,campaign component quotient,component quotient,component-canonical class,CS-06c31f98; CS-18b82d12; CS-22d1d674; CS-e210278d; CS-06d9c8e4; CS-6f7e13d1; CS-20bcc637; CS-ace98ee4,8b084fa60e0d9b09a72d85670938cf775b18edb37df07fdaa5fd224283e2fb86; c70faf74645854e1328afd90d3e0b0344dc2be2039e5a083474c8ba8d8d42202; cfb002938c594a8a9cf468e21b8f290f7a22ed499ee09da4d3f5ac6d4029fb63,estimated endpoint transferred from component-canonical parent classes,results/weight5_component_classes.jsonl,"$[[120,4,d\geq 5;\ \widehat d=6]]$"
current_component_class_w5,current,CSS,5,120,4,8,5,,8,False,interval,C,C,5,,8,False,0.0333333333333,2.13333333333,,2.13333333333,5,False,False,False,False,False,False,False,False,distance not exact,component canonicalized,connected component,True,CC-28daff75ce; CC-422233ebf5; CC-551e9e375f; CC-88e743a3c3; CC-ccac11e08d,5,campaign component quotient,component quotient,component-canonical class,CS-094bf34b; CS-c726c551; CS-f42d99fb; CS-f9c94426; CS-1b5f2c76; CS-1d7d3b8f; CS-da318c28; CS-1eb1785f; CS-1fd76ffa; CS-92a1326c; CS-f6b1bcb3; CS-2501ade1; CS-619c4d5b; CS-bec00fcb; CS-cd30a97d; CS-289980e5; CS-68a06b78; CS-80695d2b; CS-a1e75235,28daff75ce3cb2f9c1836d333bfcf9cf7e367c5cfd6b58c13015909f67a8407d; 422233ebf59a727a7e80da484b68712842deb80d12265515619f1f503adadfc7; 551e9e375fa5e92f7a0ddc01660844df529f12401c7f2386fb4efea0f31f3349; 88e743a3c3885b84056c51ac466e333b6f81931a4ca88d3c370d8af6027ac088; ccac11e08de93bb7a6c30e9be5c1c4b189bb834a8639f5dc1618f1f9ce258524,estimated endpoint transferred from component-canonical parent classes,results/weight5_component_classes.jsonl,"$[[120,4,d\geq 5;\ \widehat d=8]]$"
current_component_class_w5,current,CSS,5,120,4,10,10,10,,True,exact,E,E,10,10,,True,0.0333333333333,3.33333333333,3.33333333333,,1,False,False,False,False,False,False,False,True,,component canonicalized,connected component,True,CC-bc2db601d8,1,campaign component quotient,component quotient,component-canonical class,CS-07d0fcb6; CS-0a7f4a24; CS-12c8b44e; CS-85b452ec; CS-e21fcaf6; CS-fa6ee2a0,bc2db601d89e75ae3c856fb21b496773d0efddc70f1576eabe90ca2c47c04c86,supported distance bound transferred from component-canonical parent classes,results/weight5_component_classes.jsonl,"$[[120,4,10]]$"
current_component_class_w5,current,CSS,5,120,4,10,5,,10,False,interval,C,C,5,,10,False,0.0333333333333,3.33333333333,,3.33333333333,7,False,False,False,False,False,False,False,False,distance not exact,component canonicalized,connected component,True,CC-3b28cd3c3c; CC-69f954bbe6; CC-7e25effbeb; CC-8c53e6b40c; CC-c3bb32378f; CC-d3aafff4c1; CC-fed30dbeef,7,campaign component quotient,component quotient,component-canonical class,CS-0687c929; CS-15fc6460; CS-2a6f0d66; CS-3de4e929; CS-46ee4861; CS-681e1b89; CS-ad1fea22; CS-f7846762; CS-06a00cb2; CS-2ad29e78; CS-21cfa1e9; CS-2601e56c; CS-4493da41; CS-23cbbfbd; CS-88147f02; CS-9d75159e; CS-2a6c3475; CS-3c31e99b; CS-7a4f2700; CS-442a59e3; CS-a15ecf6d; CS-d803b602; CS-a583e335; CS-d9eb2b15,3b28cd3c3ca0b3db04f1e3c943e0cd698b11c3686be5486ed09d921ff2cc67e3; 69f954bbe66ee8f267b4a26cb68c3dcd6432c6351803148c5e2576f9da79cd6c; 7e25effbeb50a6f8e461d5cc7807378bc1d006fb7a3cf01e25d4ab2e9a8179bb; 8c53e6b40c353e4ed00f1a40eadfc1fd908d5350f5da4a51aa2a3f1aec5ee5fb; c3bb32378f39aa2a912a974d987de6a5971d1596f809b41ec65ecab431a0ccec; d3aafff4c1cf9ff84c2cf7dd4747306ab6a5caed261d7a5d80e29c8853d41b27; fed30dbeefad1b4e51acde0afb643e927d16c01fe3080d64cd7ccffac84ac195,estimated endpoint transferred from component-canonical parent classes,results/weight5_component_classes.jsonl,"$[[120,4,d\geq 5;\ \widehat d=10]]$"
current_component_class_w5,current,CSS,5,120,8,5,5,5,,True,exact,E,E,5,5,,True,0.0666666666667,1.66666666667,1.66666666667,,3,False,False,False,False,False,False,False,True,,component canonicalized,connected component,True,CC-49eefbbf64; CC-bc3cd9f34b; CC-dbc223fbb1,3,campaign component quotient,component quotient,component-canonical class,CS-461d5f82; CS-83ce21aa; CS-95b2af5c; CS-48842317; CS-999229aa,49eefbbf649510eced69796d481dad9fa4af00406dce3375e897b0b2b38671ec; bc3cd9f34bc1f079b08d5339754b842b7067b7780cda10e15e48ea70479b9f87; dbc223fbb1b738ea758a348ab61a0768db77959929c061090564fbf887be1d2f,supported distance bound transferred from component-canonical parent classes,results/weight5_component_classes.jsonl,"$[[120,8,5]]$"
current_component_class_w5,current,CSS,5,140,6,9,9,9,,True,exact,E,E,9,9,,True,0.0428571428571,3.47142857143,3.47142857143,,1,False,False,False,False,False,False,False,True,,component canonicalized,connected component,True,CC-b751bf81c2,1,campaign component quotient,component quotient,component-canonical class,CL-0286b883,b751bf81c2d9432c9688c8600390df3f73acda9f37fdd4b19fb4812662ca6175,supported distance bound transferred from component-canonical parent classes,results/weight5_component_classes.jsonl,"$[[140,6,9]]$"
current_component_class_w5,current,CSS,5,140,6,10,10,10,,True,exact,E,E,10,10,,True,0.0428571428571,4.28571428571,4.28571428571,,1,False,False,False,False,False,True,False,True,,component canonicalized,connected component,True,CC-9ebfa9beb1,1,campaign component quotient,component quotient,component-canonical class,CL-f8ef7ae2,9ebfa9beb199e93e8c02ac45a01bfa4c0154973059a19ca5b1d8a4ec2131364c,supported distance bound transferred from component-canonical parent classes,results/weight5_component_classes.jsonl,"$[[140,6,10]]$"
current_component_class_w5,current,CSS,5,144,4,4,4,4,,True,exact,E,E,4,4,,True,0.0277777777778,0.444444444444,0.444444444444,,4,False,False,False,False,False,False,False,True,,component canonicalized,connected component,True,CC-408fbbf937; PC-4b0f6ccd9e; PC-aac32912aa; PC-addf0cdeb8,4,campaign component quotient,component quotient,component-canonical class,CL-db6df8c9; PL-40e78b8c; PL-605688ff; PL-a608553f; PL-b977d26c; PL-592276b3; PL-597f6b12; PL-bff58260; PL-cdea2b4a,408fbbf93759b264af17052e6578bc429a6b37823c0afa1bdd96b206033178f8; 4b0f6ccd9ee53bdf23b211fc67e9bdebb63257b5581e3a4491549d39225717d2; aac32912aa1874474faebce73a41d31de16ffe4f9a18df2c96526b3693672f36; addf0cdeb80d9c681ced91b9354af9028ea977d9cc9345cf6919804cca3644d8,supported distance bound transferred from component-canonical parent classes,results/weight5_component_classes.jsonl,"$[[144,4,4]]$"
current_component_class_w5,current,PBB,5,144,4,6,6,6,,True,exact,E,E,6,6,,True,0.0277777777778,1,1,,6,False,False,False,False,False,False,False,True,,component canonicalized,connected component,True,PC-13d96ad351; PC-28cb952e5a; PC-659519c408; PC-7941aa1bf3; PC-7ffa8b9a8f; PC-db2ce989b1,6,campaign component quotient,component quotient,component-canonical class,PL-adcbb3fc; PS-05b1316c; PS-0d3127d2; PS-2db30326; PS-3717b4f6; PS-7a0360a4; PS-9b58aa22; PS-aa99a4dc; PS-b3421fc2; PS-beff910c; PS-c0d3be0c; PS-f320ede8; PS-171308ed; PS-83570021; PS-8679612c; PS-9d2c2f66; PS-d7d8567d; PS-d8d3a477; PS-22083bd2; PS-b9bd7fa4; PS-3031a34f; PS-325fa0b8; PS-383aa96d; PS-7e09500e; PS-9d4543d4; PS-a475dd05; PS-de6ef659; PS-3e908b54; PS-7d33c1ec,13d96ad3519dc57c29cec0620e2225974ea6c9b9bc0ed7bf3d923a2040fdfe0c; 28cb952e5a1b4cf63af35dc064cde637860136d1f8bc9dcdc92f1bf403091018; 659519c4082fa652ca32590d456cdc9aff44868a70e36c28a55f1df6a5375eb5; 7941aa1bf3219c41f39735a7e84ebdde31c69819d91b1991da18eb18f377c54b; 7ffa8b9a8f3bc5fa8ace78d4054997c27c0dbc214704e1b6a7b0fa880e43d1c3; db2ce989b196636d6cd88f24154d15c7075980eed1cb5b255c628217994044e0,supported distance bound transferred from component-canonical parent classes,results/weight5_component_classes.jsonl,"$[[144,4,6]]$"
current_component_class_w5,current,CSS,5,144,4,6,5,,6,False,interval,C,C,5,,6,False,0.0277777777778,1,,1,2,False,False,False,False,False,False,False,False,distance not exact,component canonicalized,connected component,True,CC-8dea6ad2c0; CC-98c37b2768,2,campaign component quotient,component quotient,component-canonical class,CL-771b1149; CL-800f5ab6,8dea6ad2c025be4964055e50ba7aac9e549d7afee829d83cdf17848720d79d23; 98c37b2768ed515db5e0405ac0c860a78a4558769946adcab73b80f717c035cd,estimated endpoint transferred from component-canonical parent classes,results/weight5_component_classes.jsonl,"$[[144,4,d\geq 5;\ \widehat d=6]]$"
current_component_class_w5,current,PBB,5,144,4,8,8,8,,True,exact,E,E,8,8,,True,0.0277777777778,1.77777777778,1.77777777778,,1,False,False,False,False,False,False,False,True,,component canonicalized,connected component,True,PC-1eaf5d0c28,1,campaign component quotient,component quotient,component-canonical class,PL-aefa6773,1eaf5d0c283ea867190afce4cb6ded0ff7c0fb6da3754531f513b7461f3f3fea,supported distance bound transferred from component-canonical parent classes,results/weight5_component_classes.jsonl,"$[[144,4,8]]$"
current_component_class_w5,current,CSS,5,144,4,10,10,10,,True,exact,E,E,10,10,,True,0.0277777777778,2.77777777778,2.77777777778,,1,False,False,False,False,False,False,False,True,,component canonicalized,connected component,True,CC-3f2c9e831e,1,campaign component quotient,component quotient,component-canonical class,CL-f85559a3,3f2c9e831e345d673c5c0fe6bad05e7b48ee1be92a9ca83807d236483866fa80,supported distance bound transferred from component-canonical parent classes,results/weight5_component_classes.jsonl,"$[[144,4,10]]$"
current_component_class_w5,current,CSS,5,144,4,12,5,,12,False,interval,C,C,5,,12,False,0.0277777777778,4,,4,1,False,False,False,False,False,False,False,False,distance not exact,component canonicalized,connected component,True,CC-350186d258,1,campaign component quotient,component quotient,component-canonical class,CL-3f55460c,350186d258d8c074db5d241cec78683eec7f5c84c976ec5e4d0da2a2631c38ba,estimated endpoint transferred from component-canonical parent classes,results/weight5_component_classes.jsonl,"$[[144,4,d\geq 5;\ \widehat d=12]]$"
current_component_class_w5,current,CSS,5,144,8,3,3,3,,True,exact,E,E,3,3,,True,0.0555555555556,0.5,0.5,,1,False,False,False,False,False,False,False,True,,component canonicalized,connected component,True,CC-63b10d9f80,1,campaign component quotient,component quotient,component-canonical class,CL-fedc4d95,63b10d9f80514dd6b16b5cfb1a60c26e25fa33bc17ba11cfd6a239ae6970d0cb,supported distance bound transferred from component-canonical parent classes,results/weight5_component_classes.jsonl,"$[[144,8,3]]$"
current_component_class_w5,current,PBB,5,162,2,6,6,6,,True,exact,E,E,6,6,,True,0.0123456790123,0.444444444444,0.444444444444,,1,False,False,False,False,False,False,False,True,,component canonicalized,connected component,True,PC-21a2aa2b4b,1,campaign component quotient,component quotient,component-canonical class,PS-514d488f; PS-aacbee20,21a2aa2b4b8ca74936f93c20803ec97c752f0067cf99e27f1324d05e2b16749f,supported distance bound transferred from component-canonical parent classes,results/weight5_component_classes.jsonl,"$[[162,2,6]]$"
current_component_class_w5,current,CSS,5,162,4,3,3,3,,True,exact,E,E,3,3,,True,0.0246913580247,0.222222222222,0.222222222222,,2,False,False,False,False,False,False,False,True,,component canonicalized,connected component,True,CC-27c48d711f; CC-ccb0e5aaef,2,campaign component quotient,component quotient,component-canonical class,CS-4f70cb6a; CS-57124862; CS-83c45948; CS-892b4e2d; CS-a4ab3427; CS-acb810ff; CS-b50a397b; CS-dee1f3c3; CS-8672e923,27c48d711fe8f1028ee53518c00142e6d6f590d33b89140121747f929430ab96; ccb0e5aaeff952fcc52dd9f171780b6b76056d5c78cd13b0de4650c5bf309b96,supported distance bound transferred from component-canonical parent classes,results/weight5_component_classes.jsonl,"$[[162,4,3]]$"
current_component_class_w5,current,CSS,5,162,4,6,5,,6,False,interval,C,C,5,,6,False,0.0246913580247,0.888888888889,,0.888888888889,1,False,False,False,False,False,False,False,False,distance not exact,component canonicalized,connected component,True,CC-3b050cdf7c,1,campaign component quotient,component quotient,component-canonical class,CS-000c990b; CS-166b4744; CS-3d7b9dda; CS-48697989; CS-ab92a51e; CS-d272cf8a; CS-dd97f848; CS-ecf74512; CS-f57add04,3b050cdf7cc43926b8ec0e8ddd6623827634beb61730e596ecef896e3474e55a,estimated endpoint transferred from component-canonical parent classes,results/weight5_component_classes.jsonl,"$[[162,4,d\geq 5;\ \widehat d=6]]$"
current_component_class_w5,current,CSS,5,162,4,9,5,9,,True,interval,C,C,5,9,,True,0.0246913580247,2,2,,1,False,False,False,False,False,False,False,False,distance not exact,component canonicalized,connected component,True,CC-1026f88e35,1,campaign component quotient,component quotient,component-canonical class,CS-0a81f585; CS-11e3ca37; CS-1e458803; CS-22b9dba0; CS-2a80db64; CS-309cdc56; CS-40311390; CS-4801cd6c; CS-5905f6bc; CS-591f3cac; CS-61693099; CS-6550518f; CS-69115335; CS-6a8640f3; CS-9132be59; CS-96c9d6be; CS-b5817c0a; CS-b9115258; CS-bac619d7; CS-bf90a085; CS-e95402fe; CS-f288c001; CS-f58fb478,1026f88e3507cb993a22a6863e672b6a2dbb3d504c575e66124518e7c66ab1a7,supported distance bound transferred from component-canonical parent classes,results/weight5_component_classes.jsonl,"$[[162,4,5\leq d\leq 9]]$"
current_component_class_w5,current,CSS,5,162,4,9,5,,9,False,interval,C,C,5,,9,False,0.0246913580247,2,,2,3,False,False,False,False,False,False,False,False,distance not exact,component canonicalized,connected component,True,CC-306c5045da; CC-9fad5e5bea; CC-eb545e8cc1,3,campaign component quotient,component quotient,component-canonical class,CS-1a7ed710; CS-1b5a6202; CS-2ad99601; CS-2b72853d; CS-2f8067ab; CS-3a00fe9f; CS-4917ae69; CS-4a4b5601; CS-7a2ffd11; CS-90ac1902; CS-96e9a923; CS-9f7f8775; CS-a662f9d9; CS-c5f5ab7d; CS-d8da9663; CS-daee6552; CS-edb743e3; CS-29a56c86; CS-2a12959c; CS-2ab432a4; CS-468625d1; CS-4bde096c; CS-5de343a5; CS-6d95b800; CS-8a165abf; CS-a3558af1; CS-abbcbd1f; CS-bb58b1ff; CS-bbc56c79; CS-ebcf95a3; CS-ee44c84e; CS-f7761ab1; CS-29d5921c; CS-3abc4ba2; CS-549aec54; CS-5cdbb079; CS-6f207202; CS-836c6998; CS-9d36e73c; CS-aa176039; CS-ad484a0e; CS-bacdf83d; CS-c1a4a129; CS-c2523966; CS-d4c63eaa,306c5045dab8e08f8d8916fc9bcae1eb1a13b631feeac635708afb14d253666e; 9fad5e5bea0b6a13febab3162a3dc613b2961260069afcdf2f9f465d92de71dc; eb545e8cc14f22ba12c38fa36ebaed1c48f4310210535364deff9c9847f592d7,estimated endpoint transferred from component-canonical parent classes,results/weight5_component_classes.jsonl,"$[[162,4,d\geq 5;\ \widehat d=9]]$"
current_component_class_w5,current,PBB,5,180,2,5,5,5,,True,exact,E,E,5,5,,True,0.0111111111111,0.277777777778,0.277777777778,,2,False,False,False,False,False,False,False,True,,component canonicalized,connected component,True,PC-008f9175f6; PC-fb3aa4bebd,2,campaign component quotient,component quotient,component-canonical class,PL-15407ac6; PL-2593a470; PL-6b21188d,008f9175f68db16468ccfe3b247499dcf4d4dab5b62db30e87680b539e6054e5; fb3aa4bebd1196e99b64f5741c178a8dc9583ec3620a17c6d3fd8c9fa0dcc5a5,supported distance bound transferred from component-canonical parent classes,results/weight5_component_classes.jsonl,"$[[180,2,5]]$"
current_component_class_w5,current,PBB,5,180,2,7,7,7,,True,exact,E,E,7,7,,True,0.0111111111111,0.544444444444,0.544444444444,,1,False,False,False,False,False,False,False,True,,component canonicalized,connected component,True,PC-126928674e,1,campaign component quotient,component quotient,component-canonical class,PL-48f3faa4,126928674eb459b064f09f94cb442b1ed437e4accabed440a74966c3d357f684,supported distance bound transferred from component-canonical parent classes,results/weight5_component_classes.jsonl,"$[[180,2,7]]$"
current_component_class_w5,current,PBB,5,180,2,7,5,7,,True,interval,C,C,5,7,,True,0.0111111111111,0.544444444444,0.544444444444,,2,False,False,False,False,False,False,False,False,distance not exact,component canonicalized,connected component,True,PC-0aa99ce2ac; PC-aa3d253197,2,campaign component quotient,component quotient,component-canonical class,PL-189e1cca; PL-9a84c818,0aa99ce2ac96df8f425291d4687875c76dcc9d776ac73fc5cc982bd6525bae8f; aa3d253197f144b985311edcbf056eba8a309fd4483dbbc6d74972d43d296cbf,supported distance bound transferred from component-canonical parent classes,results/weight5_component_classes.jsonl,"$[[180,2,5\leq d\leq 7]]$"
current_component_class_w5,current,PBB,5,180,2,9,5,9,,True,interval,C,C,5,9,,True,0.0111111111111,0.9,0.9,,1,False,False,False,False,False,False,False,False,distance not exact,component canonicalized,connected component,True,PC-a131a919bc,1,campaign component quotient,component quotient,component-canonical class,PL-b65c89f3,a131a919bc444b635ad6f22a26405541fc51b690966ed1274eca9ad16ca7d68a,supported distance bound transferred from component-canonical parent classes,results/weight5_component_classes.jsonl,"$[[180,2,5\leq d\leq 9]]$"
current_component_class_w5,current,PBB,5,180,2,11,11,11,,True,exact,E,E,11,11,,True,0.0111111111111,1.34444444444,1.34444444444,,1,False,False,False,False,False,False,False,True,,component canonicalized,connected component,True,PC-5df1eafce0,1,campaign component quotient,component quotient,component-canonical class,PL-8ee754a5,5df1eafce0c7abfd1afc069b7c94c2529c252cbd9e4da54a140c74591bb6e184,supported distance bound transferred from component-canonical parent classes,results/weight5_component_classes.jsonl,"$[[180,2,11]]$"
current_component_class_w5,current,CSS,5,180,4,3,3,3,,True,exact,E,E,3,3,,True,0.0222222222222,0.2,0.2,,5,False,False,False,False,False,False,False,True,,component canonicalized,connected component,True,CC-073e329a8d; CC-2a50a25ae9; CC-473b44b64b; CC-a2d62471a8; CC-bd87ec6536,5,campaign component quotient,component quotient,component-canonical class,CS-101586ac; CS-7934812b; CS-4f746110; CS-70b8f4ec; CS-cc0df40f; CS-d501d19e,073e329a8d0149cfe676d7c904456824d9edb9c8bd5a9c08da139a9af2c8b5fe; 2a50a25ae9dcc2208beaff74eca3f40266ae18d6866c505519bf115bf858216b; 473b44b64bfa788e9cc5668df50b4f7bf90944dc50617ba8ad6233dd16fbc719; a2d62471a8c78ad3bd0572ba5008b847eea88524fcad690ba8a2216ea9ff08da; bd87ec653665c46f4d5c5476d326e61767631d96cf5b1cc9613bb8f22808afd9,supported distance bound transferred from component-canonical parent classes,results/weight5_component_classes.jsonl,"$[[180,4,3]]$"
current_component_class_w5,current,CSS,5,180,4,5,5,5,,True,exact,E,E,5,5,,True,0.0222222222222,0.555555555556,0.555555555556,,8,False,False,False,False,False,False,False,True,,component canonicalized,connected component,True,CC-2e7ad24f88; CC-5f4c7fab4d; CC-7db27f08c2; CC-a565a6ea72; CC-aa67f3ac19; CC-ae668ad8bb; CC-dfaf1ac078; CC-f86fffb2d2,8,campaign component quotient,component quotient,component-canonical class,CS-02441504; CS-6cecbcd3; CS-0f220f7a; CS-21e1c012; CS-4a07bbcc; CS-64d66132; CS-67685e6f; CS-712a2f67; CS-c73a5314; CS-98bca4ef; CS-fcc9d58d,2e7ad24f88393fd9287855a0364a0e0e94cd4e1a53e2e10186e5857fe83052fc; 5f4c7fab4df86dd50b730cc7e27b07bd3470a14aafc09f071e3c984fd2ee567b; 7db27f08c27313b366c17f92755e2b3deeba6be0306a49e1a8253feb689eece1; a565a6ea721dd23278ed27846c2f9e497283beeaa66d0e8a2e30a1b19955738b; aa67f3ac198b17fe77e600b413751d2c2a96b04b7135f86b222796c03d121ae0; ae668ad8bb902b05c24fcad9c21557bc4c338064bc4c0e021fb9ab23f4e6c9aa; dfaf1ac07860cb75b97b5cf85689d9c4e491bf4b2804cc4f5a0f1bf04be0a60f; f86fffb2d241fc5b93de2ee2d156427311747d2fcec87d1d0e685c9c9621baf1,supported distance bound transferred from component-canonical parent classes,results/weight5_component_classes.jsonl,"$[[180,4,5]]$"
current_component_class_w5,current,CSS,5,180,4,6,5,,6,False,interval,C,C,5,,6,False,0.0222222222222,0.8,,0.8,8,False,False,False,False,False,False,False,False,distance not exact,component canonicalized,connected component,True,CC-009d278f71; CC-1910490fc6; CC-54c5c4a76f; CC-68df986021; CC-799438c595; CC-a64515227b; CC-da49e84a74; CC-dfa9219d7b,8,campaign component quotient,component quotient,component-canonical class,CS-237fb0ad; CS-2c036c5a; CS-35caf315; CS-2c2a34da; CS-564cec98; CS-93b84d28; CS-4480c730; CS-652bb7cb; CS-8c90924a; CS-6be91ab3; CS-7f373af2; CS-e9306662; CS-ea6eb3b1; CS-6c8c0afc; CS-9e4d1df4,009d278f71b4a60165feab2cbfe563c4fa7ed909da4b145d550666547533e7d9; 1910490fc64428921b1ecf03f4f69de34e19470158e17b61135822429063bbc9; 54c5c4a76f64995c3e5cff7e25bacc3e36ff9ccda2861708958296d7b001698b; 68df9860215278e6e6aed1bb39ecbeb98a4b2041e745b7dbc8e2bc727b26afb0; 799438c59591c4692544bf7398c62f107bc32f90519d2928e390e99bd03936e9; a64515227b71e5cb910a239779f5e5644b75d58c48ef18d1005a5a521f0bc3cc; da49e84a7409781c3ecb7522f82c1dee13569854057e2159a5ec7c96a88f955c; dfa9219d7bdb0964e0e98493b4c9209c15a71e770a438fab16e3e2fd29c9864e,estimated endpoint transferred from component-canonical parent classes,results/weight5_component_classes.jsonl,"$[[180,4,d\geq 5;\ \widehat d=6]]$"
current_component_class_w5,current,CSS,5,180,4,7,5,,7,False,interval,C,C,5,,7,False,0.0222222222222,1.08888888889,,1.08888888889,1,False,False,False,False,False,False,False,False,distance not exact,component canonicalized,connected component,True,CC-8af1d9acb5,1,campaign component quotient,component quotient,component-canonical class,CS-7c4decca; CS-91e816dd,8af1d9acb59cf8bc219109fbdf061c64322d28d82cc84ce07913fce06020e652,estimated endpoint transferred from component-canonical parent classes,results/weight5_component_classes.jsonl,"$[[180,4,d\geq 5;\ \widehat d=7]]$"
current_component_class_w5,current,CSS,5,180,4,8,5,,8,False,interval,C,C,5,,8,False,0.0222222222222,1.42222222222,,1.42222222222,1,False,False,False,False,False,False,False,False,distance not exact,component canonicalized,connected component,True,CC-1d33858ecb,1,campaign component quotient,component quotient,component-canonical class,CS-192b33e7,1d33858ecbd4181ab9f1e604d70d30aaf9ae1e0a2a44df1395c6de43555b8f42,estimated endpoint transferred from component-canonical parent classes,results/weight5_component_classes.jsonl,"$[[180,4,d\geq 5;\ \widehat d=8]]$"
current_component_class_w5,current,CSS,5,180,4,9,5,,9,False,interval,C,C,5,,9,False,0.0222222222222,1.8,,1.8,4,False,False,False,False,False,False,False,False,distance not exact,component canonicalized,connected component,True,CC-af4e1f4ee3; CC-d4caf4b23f; CC-e60d067e9e; CC-fb1f3d8307,4,campaign component quotient,component quotient,component-canonical class,CS-436f137b; CS-53609662; CS-8590bd89; CS-93af0190; CS-efaba0b2,af4e1f4ee3e426d74b1ddcd3eb1ae1bf5d00fd48af37b280b9f3653f9c0a85f1; d4caf4b23fb1ae72d1c9bb43cb140bb9f1cfcd40e78f8c8308498acf0e61fbc7; e60d067e9e94186a163b1f5e0a2a9a2aae253409e0a1521edd5c754c9f86a4b0; fb1f3d83071b69588cdeb4a5c2e22cf6092e75394a7b850ba231962012d6481f,estimated endpoint transferred from component-canonical parent classes,results/weight5_component_classes.jsonl,"$[[180,4,d\geq 5;\ \widehat d=9]]$"
current_component_class_w5,current,CSS,5,180,4,10,5,,10,False,interval,C,C,5,,10,False,0.0222222222222,2.22222222222,,2.22222222222,17,False,False,False,False,False,False,False,False,distance not exact,component canonicalized,connected component,True,CC-1c61f42746; CC-242ce111c9; CC-392465c597; CC-3f92ca55ed; CC-7263c42f51; CC-911584781b; CC-920194b6b2; CC-996364b308; CC-a08e85e341; CC-a0ebcc046a; CC-b4f57126fa; CC-bcf58b650a; CC-d53067a113; CC-e217b92324; CC-fbe954767c; CC-fce4243c11; CC-fe56aaf7ae,17,campaign component quotient,component quotient,component-canonical class,CS-07daf45c; CS-0bc90821; CS-10b07986; CS-17bc0f33; CS-1ce7d07e; CS-1d84a2a3; CS-202f136b; CS-af1af9aa; CS-3aa25daa; CS-7f731439; CS-f946f80c; CS-3c1ae4ab; CS-b09acff6; CS-3ff88cc4; CS-5ee45526; CS-74fea5e9; CS-879fb436; CS-ba416885; CS-bf795f70; CS-c1829d74; CS-e6c23694; CS-fdc311e1,1c61f4274698e2a908df5233f95011237f4a2b3e9a12dcd5d5cf24241602ab35; 242ce111c9b16350db1036f4969fc5431bcda06380576731c98ae152e06bb1a8; 392465c597a06a5557177852166c59119fc90fe65157be80801eaf04c4e5d893; 3f92ca55edcfc5023fc64e12b2a84c1bbd03076b9d4eed17fbb46e05a46967d8; 7263c42f5119c156fcd5e8826ccd7319ef542f67ca1df64343ff3d79c83b3326; 911584781b477951b5d14f82d21ae510036e49c9b120b47e8ea55c8c669bc4ab; 920194b6b2772fefe0926639f3136649c5495106215595b437acbac86ea364c4; 996364b30801b3189e99a8c54797f8ec314be8976055088b9a5ceed12e3c4305; a08e85e341313b623dccb2551924fa589f8b4fad51a6c7fdf687668f71ba51c7; a0ebcc046a96b497be5b285c3f129d7c15e0aa89bf8c97de98f2641906c50361; b4f57126fa9ce7c70d52a33d30b3712544d297e83501891c9ad7ae510d6bcdda; bcf58b650a0191bae49b6e6ef932c55a26f391863db7a376c6c202ba639f8e56; d53067a113236c2ef7db6da5baf451e13f299d2b60cb93ddf1edc9773b746596; e217b92324ecbe69251405e6301a3d1c8b15a778759b6bb9c53ebf7e9232193d; fbe954767c33bb053e2d04f5d5ab8ab237c65b764f055cc1d6da2f759df435f1; fce4243c11ff96bfbc150ae7f475dd2975ae2acbb278914bdf648feb306edf92; fe56aaf7ae1d648fd27c288bd4254f9dc3dddc6ccaf8cdd2c59226f200e9c252,estimated endpoint transferred from component-canonical parent classes,results/weight5_component_classes.jsonl,"$[[180,4,d\geq 5;\ \widehat d=10]]$"
current_component_class_w5,current,CSS,5,180,4,11,5,,11,False,interval,C,C,5,,11,False,0.0222222222222,2.68888888889,,2.68888888889,5,False,False,False,False,False,False,False,False,distance not exact,component canonicalized,connected component,True,CC-5092016f8c; CC-b212de1294; CC-b9f44b05cc; CC-cdc3fafdae; CC-f7e0114ce7,5,campaign component quotient,component quotient,component-canonical class,CS-00515ca4; CS-0bdaa7ef; CS-15eda68a; CS-90366903; CS-33b930a7; CS-adae6c1e; CS-b13425d8; CS-fa20271f,5092016f8c2708d614bd74da49b176d8167ffddb9909926ad008607b57af702c; b212de129456cd4ceae866f102ce3ebc665114411fc2ca5b2eb8ad19637ef48d; b9f44b05cc12a50697309dbc1861b0712361e5e9ae766b08e0770ac69d9dc1bf; cdc3fafdaea83dcda3cc1765e0d49cc080337efe25cf4f09ad970bdcf62adbed; f7e0114ce7fc21da46c51c6d15c26daaa3c9a50f4128a35af7f7aca451c5d8cf,estimated endpoint transferred from component-canonical parent classes,results/weight5_component_classes.jsonl,"$[[180,4,d\geq 5;\ \widehat d=11]]$"
current_component_class_w5,current,CSS,5,180,4,12,5,,12,False,interval,C,C,5,,12,False,0.0222222222222,3.2,,3.2,13,False,False,False,False,False,False,False,False,distance not exact,component canonicalized,connected component,True,CC-05735279fe; CC-10b1a517dc; CC-2597b67905; CC-3942ad76fd; CC-53d81dc9a1; CC-59c7bf2867; CC-5e78dfc37f; CC-9a24eb9b1b; CC-a924c7896b; CC-ac2e04bbf9; CC-d21508978b; CC-ed67f5ee64; CC-efd1f17ba4,13,campaign component quotient,component quotient,component-canonical class,CS-1646a2ea; CS-1a8512d1; CS-3ac0d487; CS-581178c7; CS-598df9f0; CS-5fbf36f7; CS-8c50fa75; CS-75e2b64e; CS-851ee57c; CS-abf6bdb6; CS-b1faded5; CS-c4be49cb; CS-ddbf7682; CS-fc37a8ea,05735279fec9798d034ba187ab807ee97903e1bbf4ec8f7a2fd614348be31716; 10b1a517dce13dcab69809be40183d95c6e114489b08bed60d354c569179e918; 2597b67905f12db5ecf45da779cc450d64f15331cbd97beed53e3719e15eb13b; 3942ad76fd82226eda1c237c60c6e786654cc2fe6e5a2db812e7668af4baa6da; 53d81dc9a134a7a17a054dda367f6dd48ea9ae91ea2c9023e89702e0c5923ef6; 59c7bf28679a60bb47b7d52a074e264fd642ba2bacbf2b2563037154d727c48c; 5e78dfc37f1901ef0844b5668edb480cb136f68510a5bae89300cf2b6f5b8ba3; 9a24eb9b1b7870fc287bd7e41b682a663ebae4f174311ba60681e338a83f93c1; a924c7896b02cbcb7b4a44ff261e99f930e6fc4f0068230ccf69f83f64e8f064; ac2e04bbf940ac230aa53d4518fbef371f0c3a26269ddb4e8d1bd185b8c7980a; d21508978b58bac11498a0d6e27c03698ea558bee3b64026dd3412988308a951; ed67f5ee64244f0ab0f1f2310a70010f2cc17f2998c3489b6cec5a4406b35303; efd1f17ba4ddf5738cf66442d0dbc8c671945f1e333cd1ebc4cc64f01ad73009,estimated endpoint transferred from component-canonical parent classes,results/weight5_component_classes.jsonl,"$[[180,4,d\geq 5;\ \widehat d=12]]$"
current_component_class_w5,current,CSS,5,180,4,13,13,13,,True,exact,E,E,13,13,,True,0.0222222222222,3.75555555556,3.75555555556,,1,False,False,False,False,False,False,False,True,,component canonicalized,connected component,True,CC-46a296d0c2,1,campaign component quotient,component quotient,component-canonical class,CS-6a4be7ad,46a296d0c256ac0b45d11a7e72e4d8b929f2386e76b6c0d186711662f872f0e4,supported distance bound transferred from component-canonical parent classes,results/weight5_component_classes.jsonl,"$[[180,4,13]]$"
current_component_class_w5,current,CSS,5,180,4,13,5,,13,False,interval,C,C,5,,13,False,0.0222222222222,3.75555555556,,3.75555555556,8,False,False,False,False,False,False,False,False,distance not exact,component canonicalized,connected component,True,CC-04d5307b59; CC-6e03e6b0c7; CC-8e6646d38b; CC-9ba7977bb1; CC-a8dedd13f1; CC-c18a1b34d7; CC-c49573e1bd; CC-fe8f46080d,8,campaign component quotient,component quotient,component-canonical class,CS-4c09b2cb; CS-56761fec; CS-6d15be47; CS-7e3ffbde; CS-89a9b5af; CS-ada32c2c; CS-c71b9786; CS-d1864182,04d5307b59c7c6b49ba71a89a055f6362700af9b72dbaf1bd4be920fd369a30d; 6e03e6b0c7091e41f6ee5551993f271b6098fd09502f0da25c04c5dc451c9f59; 8e6646d38b7289bed92bbf4e7053a0d52d5c0535f9b22f6bd74f7b9e6a1d0df3; 9ba7977bb109737239d8580bde155a1425741edadf3dccf21ad4d5138a442a2f; a8dedd13f135b600eef4fbd4a360f0c835d970580dc653de8b58f7f005444b32; c18a1b34d73cc791650d9f4eaafc49d6fd5b7006eca2e71786f32a28fa83b74d; c49573e1bd266b0279267d36d03f8dc883bc5329ed2fbb8f61ff2c746853b5ab; fe8f46080df817d525357fe8513d6dead7893b7b743bbd53f7fe812e6b4efbe9,estimated endpoint transferred from component-canonical parent classes,results/weight5_component_classes.jsonl,"$[[180,4,d\geq 5;\ \widehat d=13]]$"
current_component_class_w5,current,CSS,5,180,4,14,14,14,,True,exact,E,E,14,14,,True,0.0222222222222,4.35555555556,4.35555555556,,1,False,False,False,False,False,True,False,True,,component canonicalized,connected component,True,CC-d9d0f8e575,1,campaign component quotient,component quotient,component-canonical class,CS-1530f6fa,d9d0f8e5758346fb404989f869f310c52a002503b8c4ae4212d90601dfb26e7c,supported distance bound transferred from component-canonical parent classes,results/weight5_component_classes.jsonl,"$[[180,4,14]]$"
current_component_class_w5,current,CSS,5,180,4,14,5,,14,False,interval,C,C,5,,14,False,0.0222222222222,4.35555555556,,4.35555555556,6,False,False,False,False,False,False,False,False,distance not exact,component canonicalized,connected component,True,CC-5e2e18d96e; CC-a6e9781207; CC-a9df1bc33a; CC-bbeac8aa97; CC-bebda0a901; CC-dfb9cfae85,6,campaign component quotient,component quotient,component-canonical class,CS-0d018ae6; CS-3c0c301f; CS-7a2dfee7; CS-80fb270b; CS-9e96e9b1; CS-e6cde6bd,5e2e18d96e2318a795344fe64dfc509312a29c7564f6911d1e9615e95f18814e; a6e9781207229f25c302228018158a384fde566eafc3cee168ac8e44685222e6; a9df1bc33a1831e65f323853c681c0ed66de816560b3e41681989b7e7ce7a62d; bbeac8aa9763940deaa40989061c84eefa63cd9cfb9e0e86cd0f2e857d22a1f6; bebda0a901903a41bd58ec32bda3f2894f79f540032458f6407330a87de3bfff; dfb9cfae857c4837843a58d38dd9749973edf4d4a3b98ca8b71fb84a2ec53a1b,estimated endpoint transferred from component-canonical parent classes,results/weight5_component_classes.jsonl,"$[[180,4,d\geq 5;\ \widehat d=14]]$"
current_component_class_w5,current,CSS,5,180,8,3,3,3,,True,exact,E,E,3,3,,True,0.0444444444444,0.4,0.4,,1,False,False,False,False,False,False,False,True,,component canonicalized,connected component,True,CC-7ac70b398b,1,campaign component quotient,component quotient,component-canonical class,CS-7223b27c,7ac70b398b5839dfb28b4073c7ba3a66cc25d96706da5fa5e9b8dd0f68353b4e,supported distance bound transferred from component-canonical parent classes,results/weight5_component_classes.jsonl,"$[[180,8,3]]$"
current_component_class_w5,current,CSS,5,180,8,6,5,,6,False,interval,C,C,5,,6,False,0.0444444444444,1.6,,1.6,4,False,False,False,False,False,False,False,False,distance not exact,component canonicalized,connected component,True,CC-12b21791b8; CC-2458f38d96; CC-4e952a5d95; CC-d8bfcd04fb,4,campaign component quotient,component quotient,component-canonical class,CS-0bd3fc2a; CS-6bc68974; CS-bac37e38; CS-1062c49e; CS-71391b20; CS-845f1514; CS-8f0d3c0a; CS-77a004c8; CS-f496bbbe; CS-ceda6f39,12b21791b8ee46242928d68faa16a453e2d59e0ab21019408245a7d7e4c7ced6; 2458f38d96abde7f24945dd23f7a75cd5f6b7adfbd515eb5e26d143358dec8a2; 4e952a5d95bbf500ea3e7083514d60d1d96e38c3f4299e9aba2c65b44537e274; d8bfcd04fbbb4f06d549e23f384481db51c12c263e996e4dc9109f6490476d8f,estimated endpoint transferred from component-canonical parent classes,results/weight5_component_classes.jsonl,"$[[180,8,d\geq 5;\ \widehat d=6]]$"
current_component_class_w5,current,CSS,5,192,4,4,4,4,,True,exact,E,E,4,4,,True,0.0208333333333,0.333333333333,0.333333333333,,3,False,False,False,False,False,False,False,True,,component canonicalized,connected component,True,CC-4183917ab5; CC-54235448b4; CC-73bf5141c3,3,campaign component quotient,component quotient,component-canonical class,CL-526b1ee0; CL-bea18d22; CL-537533d8; CL-7929daca; CL-e473f2e1,4183917ab5d994b0e9348beafcc2347de3396b586f3889b8cbe00d496f003f26; 54235448b48f7ecbdaaec57dad94e291fa5cacba3f453e718afb81536dacb505; 73bf5141c3987495a868e1ad180586ad7df8e4a017a28b7ae8962a41250f0b4f,supported distance bound transferred from component-canonical parent classes,results/weight5_component_classes.jsonl,"$[[192,4,4]]$"
current_component_class_w5,current,CSS,5,192,4,6,5,,6,False,interval,C,C,5,,6,False,0.0208333333333,0.75,,0.75,1,False,False,False,False,False,False,False,False,distance not exact,component canonicalized,connected component,True,CC-8251c93ed0,1,campaign component quotient,component quotient,component-canonical class,CL-3edcdab9; CL-b1228f7d,8251c93ed08742758f25c5ded0270d67b712185a8d78cfa4c5926d3318cb500a,estimated endpoint transferred from component-canonical parent classes,results/weight5_component_classes.jsonl,"$[[192,4,d\geq 5;\ \widehat d=6]]$"
current_component_class_w5,current,CSS,5,192,4,8,5,,8,False,interval,C,C,5,,8,False,0.0208333333333,1.33333333333,,1.33333333333,8,False,False,False,False,False,False,False,False,distance not exact,component canonicalized,connected component,True,CC-863ff626a9; CC-8caae1ee04; CC-97424b31fa; CC-9bf725db64; CC-9c42626e67; CC-9cb1ac670a; CC-df3f1e9da1; CC-e2b75bc75f,8,campaign component quotient,component quotient,component-canonical class,CL-157539a4; CL-35e1c1a0; CL-3964f550; CL-4cf2834f; CL-77fcf6a4; CL-c6cdca76; CL-ef759d68; CL-1ed36a91; CL-841161da; CL-a5ea4cbf; CL-262ec76e; CL-40b8ed75; CL-a58b1ce7; CL-d473ee4e; CL-61cad729; CL-d87da595; CL-b1d747a7; CL-ca345f7b; CL-e3bbf85c; CL-d410d5a1; CL-f1196537,863ff626a91df7b03f1731bb8fb7861a2a7afaa4e3d0114464cab3902a5ac0fa; 8caae1ee0443e2cfe6bb07e7f98da599bd1f257da12bbe9d262d4123e9894ace; 97424b31faf69d9e293203d9a433cf2be39103ac0c8972d2725237d913d233c1; 9bf725db64ebc6e24eef3eb8cc871e145bdb03f8f56c3743ea0b0b103fd9d7c9; 9c42626e670855bba9697bdc9c79ebc376ab6401145ee08ce6be1695fc7ad25f; 9cb1ac670a1ad8534d40aeb1dcc038362ec12e9fb71b61e96a040883f055b1e7; df3f1e9da162cb5f8a733974da5ea06841fb3a6dde7a729a1c4f157ce80e1444; e2b75bc75fc163b1d03aeafa1bbebef0b8f3d327f0002e09a261bb7bd5b65424,estimated endpoint transferred from component-canonical parent classes,results/weight5_component_classes.jsonl,"$[[192,4,d\geq 5;\ \widehat d=8]]$"
current_component_class_w5,current,CSS,5,192,4,10,10,10,,True,exact,E,E,10,10,,True,0.0208333333333,2.08333333333,2.08333333333,,1,False,False,False,False,False,False,False,True,,component canonicalized,connected component,True,CC-451a53d18c,1,campaign component quotient,component quotient,component-canonical class,CL-b06bdc8c; CL-cbea6bcb; CL-ef3d7a2a,451a53d18c49546bbf62fee1791683a844c7ec27186ce73b820da87cb0182aee,supported distance bound transferred from component-canonical parent classes,results/weight5_component_classes.jsonl,"$[[192,4,10]]$"
current_component_class_w5,current,CSS,5,192,4,11,5,,11,False,interval,C,C,5,,11,False,0.0208333333333,2.52083333333,,2.52083333333,1,False,False,False,False,False,False,False,False,distance not exact,component canonicalized,connected component,True,CC-b093da4693,1,campaign component quotient,component quotient,component-canonical class,CL-03df4877; CL-84cbb957,b093da4693468b83081395d071406b4474aa26bcbf06e6b252bb8f6a85ca0ae7,estimated endpoint transferred from component-canonical parent classes,results/weight5_component_classes.jsonl,"$[[192,4,d\geq 5;\ \widehat d=11]]$"
current_component_class_w5,current,CSS,5,192,4,12,5,,12,False,interval,C,C,5,,12,False,0.0208333333333,3,,3,3,False,False,False,False,False,False,False,False,distance not exact,component canonicalized,connected component,True,CC-6d0908afa0; CC-a3c3cf329a; CC-dd10373ef7,3,campaign component quotient,component quotient,component-canonical class,CL-c034f0c7; CL-c35bf5e5; CL-ff471113,6d0908afa028138f6befb7009bec208d37d7479026463e74d4baa7460c59e408; a3c3cf329a4e4f6142e80b748f6c1c79a2e0ab48c8815c5632758cc1558551c6; dd10373ef7744f7a231c078bf541f0bcbfc67429a538f4ea569fa3d95e8b2d46,estimated endpoint transferred from component-canonical parent classes,results/weight5_component_classes.jsonl,"$[[192,4,d\geq 5;\ \widehat d=12]]$"
current_component_class_w5,current,CSS,5,192,4,12,5,12,,True,interval,C,C,5,12,,True,0.0208333333333,3,3,,1,False,False,False,False,False,False,False,False,distance not exact,component canonicalized,connected component,True,CC-9d14b87550,1,campaign component quotient,component quotient,component-canonical class,CL-0462d4da; CL-5c4641a1; CL-d34224c6,9d14b8755043da9c4eaa9de82eeb94ac9fc7403e27768824372613e373e68e6c,supported distance bound transferred from component-canonical parent classes,results/weight5_component_classes.jsonl,"$[[192,4,5\leq d\leq 12]]$"
current_component_class_w5,current,CSS,5,192,4,13,5,,13,False,interval,C,C,5,,13,False,0.0208333333333,3.52083333333,,3.52083333333,1,False,False,False,False,False,False,False,False,distance not exact,component canonicalized,connected component,True,CC-e021790546,1,campaign component quotient,component quotient,component-canonical class,CL-08b8e5a4; CL-13a07207,e0217905464bb358f0082c988f9ad36cd054f6ee853dc8dfb34444a0cd58521a,estimated endpoint transferred from component-canonical parent classes,results/weight5_component_classes.jsonl,"$[[192,4,d\geq 5;\ \widehat d=13]]$"
current_component_class_w5,current,CSS,5,192,4,14,5,,14,False,interval,C,C,5,,14,False,0.0208333333333,4.08333333333,,4.08333333333,2,False,False,False,False,False,False,False,False,distance not exact,component canonicalized,connected component,True,CC-3647c0bf9d; CC-7725106520,2,campaign component quotient,component quotient,component-canonical class,CL-4e8f3f5e; CL-59b650fb,3647c0bf9d2ef6ee993b790cb23602c2b6165ddbe8ae81dbcc079f95d7d43b20; 7725106520ff503e5658bc60f9790168d5d85518f3b531fdbc9bf55013b4098b,estimated endpoint transferred from component-canonical parent classes,results/weight5_component_classes.jsonl,"$[[192,4,d\geq 5;\ \widehat d=14]]$"
current_component_class_w5,current,CSS,5,192,4,15,5,,15,False,interval,C,C,5,,15,False,0.0208333333333,4.6875,,4.6875,1,False,False,False,False,False,False,False,False,distance not exact,component canonicalized,connected component,True,CC-25a7665aaf,1,campaign component quotient,component quotient,component-canonical class,CL-cca60bc4,25a7665aaf4a11e3118926afd35ef0200b86480376c30b4b845443f81c66aecf,estimated endpoint transferred from component-canonical parent classes,results/weight5_component_classes.jsonl,"$[[192,4,d\geq 5;\ \widehat d=15]]$"
current_component_class_w5,current,CSS,5,210,4,4,4,4,,True,exact,E,E,4,4,,True,0.0190476190476,0.304761904762,0.304761904762,,1,False,False,False,False,False,False,False,True,,component canonicalized,connected component,True,CC-3f9a2c4af1,1,campaign component quotient,component quotient,component-canonical class,CL-ae04e166,3f9a2c4af19310a1f3a56ec38fdb2edc554d725d1e8fc7e13d7fc39ac4f6370a,supported distance bound transferred from component-canonical parent classes,results/weight5_component_classes.jsonl,"$[[210,4,4]]$"
current_component_class_w5,current,CSS,5,210,4,5,5,5,,True,exact,E,E,5,5,,True,0.0190476190476,0.47619047619,0.47619047619,,1,False,False,False,False,False,False,False,True,,component canonicalized,connected component,True,CC-e8be56678f,1,campaign component quotient,component quotient,component-canonical class,CL-32806d84; CL-37987300,e8be56678f684193d96ddcb89e4adbd56d5c4f76ef30ba30b0ceff8fca80cc62,supported distance bound transferred from component-canonical parent classes,results/weight5_component_classes.jsonl,"$[[210,4,5]]$"
current_component_class_w5,current,CSS,5,210,4,7,5,,7,False,interval,C,C,5,,7,False,0.0190476190476,0.933333333333,,0.933333333333,8,False,False,False,False,False,False,False,False,distance not exact,component canonicalized,connected component,True,CC-138da3a62b; CC-344b56eae8; CC-595d081bc5; CC-6ca1930610; CC-7d2af71df3; CC-ab6f79f9ad; CC-ab9ae6795a; CC-dea853cd4a,8,campaign component quotient,component quotient,component-canonical class,CL-19f71a7e; CL-7536895e; CL-98097a72; CL-b4fb60c4; CL-373036fd; CL-722d606c; CL-8311524f; CL-9bb8225d; CL-e437a721; CL-ec5f2a26; CL-f30dec8e,138da3a62b7faecd2c96c6ad4b15034201c8dc76e6a7df368b2055f9f6f63f95; 344b56eae8af7a7a10c1bdb2361d51c052d56f827361c367b3243509327994de; 595d081bc5816209106a08e478a1ebe5150edcd32254fe20e8eac772922bf06f; 6ca1930610c55a08775b656f7dfe1ca39809e73dcb216c5d90cfc7fd99a45329; 7d2af71df3211f8312628a24fb05fc5be277bf702dece41e9b494b4414bc8369; ab6f79f9ad6a66f3a769903f50d445d8a5db8c20360802dc7394ca53270c6cb9; ab9ae6795a7e39cd3433274a198ddf5179dfa10049a810d360adb0ac7bd9e85f; dea853cd4ae8749168ce48df8a8cde3eade592b1f98a652abf082f820b7536a7,estimated endpoint transferred from component-canonical parent classes,results/weight5_component_classes.jsonl,"$[[210,4,d\geq 5;\ \widehat d=7]]$"
current_component_class_w5,current,CSS,5,210,4,9,5,,9,False,interval,C,C,5,,9,False,0.0190476190476,1.54285714286,,1.54285714286,3,False,False,False,False,False,False,False,False,distance not exact,component canonicalized,connected component,True,CC-bc3f0f41ce; CC-f71bceda86; CC-fbdbf104c6,3,campaign component quotient,component quotient,component-canonical class,CL-568676b0; CL-845845df; CL-9de7ed68,bc3f0f41ce74c023278ee8fc4e2d91f6738df5174d463587208b4c86bad9b814; f71bceda860e9f42ad41fe61d356e2d2feeea403f65ba7cd5dcfd234dd7e5a41; fbdbf104c6ca683d5c89f4b895b4f326d7f407a1dd72999a7b06976bea22bbe9,estimated endpoint transferred from component-canonical parent classes,results/weight5_component_classes.jsonl,"$[[210,4,d\geq 5;\ \widehat d=9]]$"
current_component_class_w5,current,CSS,5,210,4,10,5,,10,False,interval,C,C,5,,10,False,0.0190476190476,1.90476190476,,1.90476190476,2,False,False,False,False,False,False,False,False,distance not exact,component canonicalized,connected component,True,CC-20fcc9fcd6; CC-cdc65133cf,2,campaign component quotient,component quotient,component-canonical class,CL-84deda58; CL-f7222fc1,20fcc9fcd64ce0b6c7cf748ad7fd8833b498b70453e567a6f0bd1ce4bead7271; cdc65133cf1827ca50142d2c606e0066e2020fd72489f9b92c60656c796305d2,estimated endpoint transferred from component-canonical parent classes,results/weight5_component_classes.jsonl,"$[[210,4,d\geq 5;\ \widehat d=10]]$"
current_component_class_w5,current,CSS,5,210,4,11,5,,11,False,interval,C,C,5,,11,False,0.0190476190476,2.30476190476,,2.30476190476,1,False,False,False,False,False,False,False,False,distance not exact,component canonicalized,connected component,True,CC-6c867d80ba,1,campaign component quotient,component quotient,component-canonical class,CL-f742ab37,6c867d80ba951c164494a2cd63af74c5061ede1a2199a3c375f01db0cb92aaa7,estimated endpoint transferred from component-canonical parent classes,results/weight5_component_classes.jsonl,"$[[210,4,d\geq 5;\ \widehat d=11]]$"
current_component_class_w5,current,CSS,5,210,4,12,5,,12,False,interval,C,C,5,,12,False,0.0190476190476,2.74285714286,,2.74285714286,2,False,False,False,False,False,False,False,False,distance not exact,component canonicalized,connected component,True,CC-45bd8999a4; CC-9ab727c31a,2,campaign component quotient,component quotient,component-canonical class,CL-0533da8a; CL-d377ce58,45bd8999a4e0a1110355fed7fc227a666a785a5c38c778058e7fae7e629941bf; 9ab727c31a83bd90c9a2dbe247c47ea38a13e849f607e4aff89257e3d6df9fb3,estimated endpoint transferred from component-canonical parent classes,results/weight5_component_classes.jsonl,"$[[210,4,d\geq 5;\ \widehat d=12]]$"
current_component_class_w5,current,CSS,5,210,4,13,5,,13,False,interval,C,C,5,,13,False,0.0190476190476,3.21904761905,,3.21904761905,2,False,False,False,False,False,False,False,False,distance not exact,component canonicalized,connected component,True,CC-4061ba32b1; CC-dfff93e3f8,2,campaign component quotient,component quotient,component-canonical class,CL-0e057d70; CL-c822290f,4061ba32b1ab8178953553be93ca6fdc66b48ba35955c11f8d26a113eeef2fcf; dfff93e3f8bf55eb66d280cc4c7ea0d01e65d0ff43b6165813797f9136c3808c,estimated endpoint transferred from component-canonical parent classes,results/weight5_component_classes.jsonl,"$[[210,4,d\geq 5;\ \widehat d=13]]$"
current_component_class_w5,current,CSS,5,210,4,15,5,15,,True,interval,C,C,5,15,,True,0.0190476190476,4.28571428571,4.28571428571,,1,False,False,False,False,False,False,False,False,distance not exact,component canonicalized,connected component,True,CC-389e165183,1,campaign component quotient,component quotient,component-canonical class,CL-53812e7c,389e1651836909fac7720c81d77ee6ff63d1417b2d8dfa722fc4ff9ebd421477,supported distance bound transferred from component-canonical parent classes,results/weight5_component_classes.jsonl,"$[[210,4,5\leq d\leq 15]]$"
current_component_class_w5,current,CSS,5,210,4,15,5,,15,False,interval,C,C,5,,15,False,0.0190476190476,4.28571428571,,4.28571428571,1,False,False,False,False,False,False,False,False,distance not exact,component canonicalized,connected component,True,CC-96abf7ff8b,1,campaign component quotient,component quotient,component-canonical class,CL-86fa16fa,96abf7ff8ba942bc45215d164a8f34b6f502b2b9f471706c1b5ebce18183e75d,estimated endpoint transferred from component-canonical parent classes,results/weight5_component_classes.jsonl,"$[[210,4,d\geq 5;\ \widehat d=15]]$"
current_component_class_w5,current,CSS,5,210,4,16,5,,16,False,interval,C,C,5,,16,False,0.0190476190476,4.87619047619,,4.87619047619,1,False,False,False,False,False,False,False,False,distance not exact,component canonicalized,connected component,True,CC-10d8b9bb35,1,campaign component quotient,component quotient,component-canonical class,CL-f1fe99b8,10d8b9bb354d3319debcabf95bb1e6ee628d7b2ede08c3c05dcc94c158b4fc88,estimated endpoint transferred from component-canonical parent classes,results/weight5_component_classes.jsonl,"$[[210,4,d\geq 5;\ \widehat d=16]]$"
current_component_class_w5,current,CSS,5,210,6,3,3,3,,True,exact,E,E,3,3,,True,0.0285714285714,0.257142857143,0.257142857143,,1,False,False,False,False,False,False,False,True,,component canonicalized,connected component,True,CC-d2fb4cdca9,1,campaign component quotient,component quotient,component-canonical class,CL-7a5b9b2b,d2fb4cdca92d2e2df2a3846554d008efaebc09e0ec6261c87988a5d3372de0dc,supported distance bound transferred from component-canonical parent classes,results/weight5_component_classes.jsonl,"$[[210,6,3]]$"
current_component_class_w5,current,CSS,5,210,6,9,9,9,,True,exact,E,E,9,9,,True,0.0285714285714,2.31428571429,2.31428571429,,1,False,False,False,False,False,False,False,True,,component canonicalized,connected component,True,CC-a86b3b4f36,1,campaign component quotient,component quotient,component-canonical class,CL-84c084df,a86b3b4f36d72d17ea6663395e8aecfe6b3a57f3802f806316d80beac592b6da,supported distance bound transferred from component-canonical parent classes,results/weight5_component_classes.jsonl,"$[[210,6,9]]$"
current_component_class_w5,current,CSS,5,210,6,9,5,,9,False,interval,C,C,5,,9,False,0.0285714285714,2.31428571429,,2.31428571429,1,False,False,False,False,False,False,False,False,distance not exact,component canonicalized,connected component,True,CC-e385667657,1,campaign component quotient,component quotient,component-canonical class,CL-4efbd3b7,e385667657c4e7821a5807a97fc98ab3d32828666dbd6ee819ec1a96ea7109fc,estimated endpoint transferred from component-canonical parent classes,results/weight5_component_classes.jsonl,"$[[210,6,d\geq 5;\ \widehat d=9]]$"
current_component_class_w5,current,CSS,5,210,6,10,10,10,,True,exact,E,E,10,10,,True,0.0285714285714,2.85714285714,2.85714285714,,1,False,False,False,False,False,False,False,True,,component canonicalized,connected component,True,CC-f4e76b7ff4,1,campaign component quotient,component quotient,component-canonical class,CL-97118c06,f4e76b7ff478cf94b4c8ec2173611e8b46e28400380bf7bef57e4d5161e2284d,supported distance bound transferred from component-canonical parent classes,results/weight5_component_classes.jsonl,"$[[210,6,10]]$"
current_component_class_w5,current,CSS,5,210,6,10,5,,10,False,interval,C,C,5,,10,False,0.0285714285714,2.85714285714,,2.85714285714,1,False,False,False,False,False,False,False,False,distance not exact,component canonicalized,connected component,True,CC-a4ffa98ab8,1,campaign component quotient,component quotient,component-canonical class,CL-2075fcbc,a4ffa98ab8512fad9390da2612110f5b35509580df9f8cbb4392f52cc5285005,estimated endpoint transferred from component-canonical parent classes,results/weight5_component_classes.jsonl,"$[[210,6,d\geq 5;\ \widehat d=10]]$"
current_component_class_w5,current,CSS,5,210,6,12,5,,12,False,interval,C,C,5,,12,False,0.0285714285714,4.11428571429,,4.11428571429,1,False,False,False,False,False,False,False,False,distance not exact,component canonicalized,connected component,True,CC-c0e87e788a,1,campaign component quotient,component quotient,component-canonical class,CL-28abb736,c0e87e788a5f0b50aa4f8d8923edc70092f4495075222dc1ab033d6ef94b6456,estimated endpoint transferred from component-canonical parent classes,results/weight5_component_classes.jsonl,"$[[210,6,d\geq 5;\ \widehat d=12]]$"
current_component_class_w5,current,CSS,5,210,8,7,7,7,,True,exact,E,E,7,7,,True,0.0380952380952,1.86666666667,1.86666666667,,3,False,False,False,False,False,False,False,True,,component canonicalized,connected component,True,CC-6f3f01c8ea; CC-e607d4e806; CC-ebeec54433,3,campaign component quotient,component quotient,component-canonical class,CL-10274ff6; CL-1553fac6; CL-e6216eab,6f3f01c8eabbab4fbe3ab306883e0e7a0d8abacd38487a2a6cb40c8a59f8d941; e607d4e80605060d15ede4a1e036a4ace1fa64e9e716bc8179318bee43ab17d1; ebeec54433247345a4684699e719b452e85687bee4dd150be742806a9bf35c37,supported distance bound transferred from component-canonical parent classes,results/weight5_component_classes.jsonl,"$[[210,8,7]]$"
current_component_class_w5,current,CSS,5,210,8,8,5,,8,False,interval,C,C,5,,8,False,0.0380952380952,2.4380952381,,2.4380952381,1,False,False,False,False,False,False,False,False,distance not exact,component canonicalized,connected component,True,CC-4cee467c04,1,campaign component quotient,component quotient,component-canonical class,CL-7e34d25c; CL-d8e257ac,4cee467c04ff7959096528863cbe3846c9ba58273c7c3924024e6885b901353f,estimated endpoint transferred from component-canonical parent classes,results/weight5_component_classes.jsonl,"$[[210,8,d\geq 5;\ \widehat d=8]]$"
current_component_class_w5,current,CSS,5,210,10,5,5,5,,True,exact,E,E,5,5,,True,0.047619047619,1.19047619048,1.19047619048,,1,False,False,False,False,False,False,False,True,,component canonicalized,connected component,True,CC-9686c46239,1,campaign component quotient,component quotient,component-canonical class,CL-253c2c53,9686c462393a33acd0d17879702146b6729a1d7b5c556b26ea74268d2a5f4977,supported distance bound transferred from component-canonical parent classes,results/weight5_component_classes.jsonl,"$[[210,10,5]]$"
current_component_class_w5,current,PBB,5,216,2,8,8,8,,True,exact,E,E,8,8,,True,0.00925925925926,0.592592592593,0.592592592593,,1,False,False,False,False,False,False,False,True,,component canonicalized,connected component,True,PC-784a1a64e0,1,campaign component quotient,component quotient,component-canonical class,PL-39082ddc; PL-ba29a9df,784a1a64e0191d85e30297408acb2c074179c2928d2cb741c6b3953e7e7bdf7a,supported distance bound transferred from component-canonical parent classes,results/weight5_component_classes.jsonl,"$[[216,2,8]]$"
current_component_class_w5,current,CSS,5,216,4,4,4,4,,True,exact,E,E,4,4,,True,0.0185185185185,0.296296296296,0.296296296296,,1,False,False,False,False,False,False,False,True,,component canonicalized,connected component,True,CC-251e738384,1,campaign component quotient,component quotient,component-canonical class,CL-7ae78520,251e738384e3501ba63c388df2a389105b99ae39802e29a754aaa6a67389f602,supported distance bound transferred from component-canonical parent classes,results/weight5_component_classes.jsonl,"$[[216,4,4]]$"
current_component_class_w5,current,CSS,5,216,4,6,5,,6,False,interval,C,C,5,,6,False,0.0185185185185,0.666666666667,,0.666666666667,4,False,False,False,False,False,False,False,False,distance not exact,component canonicalized,connected component,True,CC-5beceda741; CC-7aca87964e; CC-b01cc64d02; CC-e590c3a1f0,4,campaign component quotient,component quotient,component-canonical class,CL-2925a0eb; CL-f189b28b; CL-303631c7; CL-3901c61d; CL-fd352b42,5beceda741f55a4e0844f73e5a0477a98483e9a21f427b84b3edf762a28224a9; 7aca87964e9c241052864698a25c19591a758e940625c2b20bf2cdd6196c415c; b01cc64d02d4348d80addc73fc8e7c4ff276d5d23655a106c29fa0b48abcf9ec; e590c3a1f054a447bc1f853810896470aa2a6a73c4d18e66ea4015055ffd240b,estimated endpoint transferred from component-canonical parent classes,results/weight5_component_classes.jsonl,"$[[216,4,d\geq 5;\ \widehat d=6]]$"
current_component_class_w5,current,PBB,5,216,4,8,8,8,,True,exact,E,E,8,8,,True,0.0185185185185,1.18518518519,1.18518518519,,2,False,False,False,False,False,False,False,True,,component canonicalized,connected component,True,PC-0889b0445f; PC-1a7310a74f,2,campaign component quotient,component quotient,component-canonical class,PL-8346d4c6; PL-cdaa4f44; PL-9f24e6b3,0889b0445f8d79e436c0915f49cf7ae80a37c688cf9da321b3a2f6b2a65f4ef6; 1a7310a74f78d6f5024accb9335392e6705571883c81cdd40dccb9b8e4256e6e,supported distance bound transferred from component-canonical parent classes,results/weight5_component_classes.jsonl,"$[[216,4,8]]$"
current_component_class_w5,current,CSS,5,216,4,8,5,,8,False,interval,C,C,5,,8,False,0.0185185185185,1.18518518519,,1.18518518519,3,False,False,False,False,False,False,False,False,distance not exact,component canonicalized,connected component,True,CC-77762ee26c; CC-b253f5edb1; CC-b39ff23168,3,campaign component quotient,component quotient,component-canonical class,CL-56e2dbbb; CL-76bd99af; CL-58125eba; CL-f9fcbea8,77762ee26cf2db8b422b8a354b4c50899c4ce79b5a1e9b7e9b5a3c3252364731; b253f5edb1acda7171647361330bcbfb53ca54fe04f3b5a9a44eb6b635be0d10; b39ff231687663c39d8aaa3c0df85096ffc21463bc8d81371dfc161619d0e679,estimated endpoint transferred from component-canonical parent classes,results/weight5_component_classes.jsonl,"$[[216,4,d\geq 5;\ \widehat d=8]]$"
current_component_class_w5,current,PBB,5,216,4,8,5,8,,True,interval,C,C,5,8,,True,0.0185185185185,1.18518518519,1.18518518519,,1,False,False,False,False,False,False,False,False,distance not exact,component canonicalized,connected component,True,PC-82a8529ee9,1,campaign component quotient,component quotient,component-canonical class,PL-d8385899,82a8529ee9092eb8ec6092ff6d34239c77c542f821457c715058b1b2593e2fe4,supported distance bound transferred from component-canonical parent classes,results/weight5_component_classes.jsonl,"$[[216,4,5\leq d\leq 8]]$"
current_component_class_w5,current,CSS,5,216,4,9,5,,9,False,interval,C,C,5,,9,False,0.0185185185185,1.5,,1.5,5,False,False,False,False,False,False,False,False,distance not exact,component canonicalized,connected component,True,CC-13b2e20fff; CC-1ae299682a; CC-601301490d; CC-acd0821bb2; CC-f959cd6bec,5,campaign component quotient,component quotient,component-canonical class,CL-0f7f26a5; CL-85d1702d; CL-2af009b4; CL-2e6fe66f; CL-546ef7ab; CL-93e856dd; CL-a110e8aa; CL-a2b1a10e,13b2e20fffdb508cd8074580fad53230812c866f1796356cdc278909273c42a7; 1ae299682a413d4b2c34dc14c144801dd67c0700b128230ce4a81c02c7b33870; 601301490db9ac02f22d0f629e449bb732b005fe4b5f6dda94be2496d7f0918d; acd0821bb2e3950d0d5fad6079df13a2d05386a4bb2035b963162b921e394977; f959cd6beccd3c7be68d3343d19833cbe8cbc0cee0b6cd3ba31d9d009fd78720,estimated endpoint transferred from component-canonical parent classes,results/weight5_component_classes.jsonl,"$[[216,4,d\geq 5;\ \widehat d=9]]$"
current_component_class_w5,current,PBB,5,216,4,10,10,10,,True,exact,E,E,10,10,,True,0.0185185185185,1.85185185185,1.85185185185,,2,False,False,False,False,False,False,False,True,,component canonicalized,connected component,True,PC-1e07aac3ce; PC-1f620582db,2,campaign component quotient,component quotient,component-canonical class,PL-36c5ce3b; PL-ae4cc6ad,1e07aac3cea90f69d98cda5a428d958e8240271b769d7cef38ade93b775727e2; 1f620582dbbfe978726d96ca3fc68e0610ccc76f436231d3461600105274b9d9,supported distance bound transferred from component-canonical parent classes,results/weight5_component_classes.jsonl,"$[[216,4,10]]$"
current_component_class_w5,current,CSS,5,216,4,10,5,,10,False,interval,C,C,5,,10,False,0.0185185185185,1.85185185185,,1.85185185185,2,False,False,False,False,False,False,False,False,distance not exact,component canonicalized,connected component,True,CC-770a61247a; CC-c9777cd7d8,2,campaign component quotient,component quotient,component-canonical class,CL-07986a64; CL-2329ffcc; CL-d957ccb5,770a61247ad950643f82c93165f0ef0d892b0d286d74f6d3f65d6abfad643fe2; c9777cd7d8df8e6429f9f466e34b4ea84a598441b9ad76099ae3f090ba04d4c4,estimated endpoint transferred from component-canonical parent classes,results/weight5_component_classes.jsonl,"$[[216,4,d\geq 5;\ \widehat d=10]]$"
current_component_class_w5,current,CSS,5,216,4,12,5,,12,False,interval,C,C,5,,12,False,0.0185185185185,2.66666666667,,2.66666666667,13,False,False,False,False,False,False,False,False,distance not exact,component canonicalized,connected component,True,CC-183e8c429c; CC-2b529d78eb; CC-38ba75802d; CC-3edd1a9148; CC-681d03b8ec; CC-7e9c24847c; CC-866d905466; CC-aae6b9851e; CC-becb6fc670; CC-c4b034e30e; CC-c7677c9cd2; CC-e0ec85722f; CC-ffff7a63ec,13,campaign component quotient,component quotient,component-canonical class,CL-05d7189f; CL-070a0e56; CL-1056d548; CL-3d8614a6; CL-232c2c7a; CL-48d6ca0e; CL-d0134166; CL-e9ccd5a7; CL-fe0d3492; CL-35276fd5; CL-60b043d7; CL-47f1818f; CL-91cf9d34; CL-53bfe094; CL-6109dbbe; CL-802642c3; CL-cde49a87; CL-d3cd6d5d; CL-deb9e5a7; CL-eb4e5df6,183e8c429c6ceb14b5ad8fff9f23d027ccc150f1d434d9f7b541314db59ad487; 2b529d78eb221a4cc1f228bf51943eaccb31de97dae0733fbe6eaade4c518af0; 38ba75802d13df7fe1a91572d2b429331eb974cda5c74534502d4728d08f2034; 3edd1a91484e5330a19abb527483781d428bca00c1f416f06a6cfc9794bc99bb; 681d03b8ecbae8a2b806ae7c2939f70bfb91def856cd38a1590765097406c9ab; 7e9c24847cf20021fd94426388c2ac7b26270e52aef6424449e605b38a4de4ab; 866d9054669fa88ed90c6434e24c809c36d72cb8d788b38e67748aeb9376ba33; aae6b9851e497fe1fbbf94556f0590b99ae1274bdc7e33cf4eb59b8d0531ceb2; becb6fc67046536e0b05c2fcac011341120bb771d9a1e6ae5f4230c1158d5a26; c4b034e30e1bc04c0c6d345bf22ffbfaa84dcd674e5f7cade588d900cf3e2742; c7677c9cd2efafa50d19f91dbf843c297bbf1e88a4b6bd05b451612631fec3bb; e0ec85722f58d79d6c8f2b7da3bb02c64c0c5b2591aae55a6b7cc6bf30a5fe44; ffff7a63ec7bb0072f6920cb0df73dc6c35708a2f23cf5076773aa46053a53f6,estimated endpoint transferred from component-canonical parent classes,results/weight5_component_classes.jsonl,"$[[216,4,d\geq 5;\ \widehat d=12]]$"
current_component_class_w5,current,CSS,5,216,4,12,5,12,,True,interval,C,C,5,12,,True,0.0185185185185,2.66666666667,2.66666666667,,1,False,False,False,False,False,False,False,False,distance not exact,component canonicalized,connected component,True,CC-29a7693eb5,1,campaign component quotient,component quotient,component-canonical class,CL-401c648e,29a7693eb575ab5af2aca7d1ec8bf4519649dd484f2e09a42766c047324de864,supported distance bound transferred from component-canonical parent classes,results/weight5_component_classes.jsonl,"$[[216,4,5\leq d\leq 12]]$"
current_component_class_w5,current,CSS,5,216,4,13,5,,13,False,interval,C,C,5,,13,False,0.0185185185185,3.12962962963,,3.12962962963,4,False,False,False,False,False,False,False,False,distance not exact,component canonicalized,connected component,True,CC-452b459bb3; CC-dff392b228; CC-e24cee1a4f; CC-eed71862fc,4,campaign component quotient,component quotient,component-canonical class,CL-4ec75a5c; CL-57377222; CL-793d3a34; CL-ac61ac01; CL-6b338767; CL-a1456a39,452b459bb3c2a08c5930ad34dca49fd571ba59a0847036554dcb77509271393f; dff392b2280fa42df829d9d4bf2d5832faa3a6b83b48b123dcd235915d08e9a6; e24cee1a4fd0f289aa5130f0adcaf6dd1eca5f78ea8f0e99f448d468e4d1d8ed; eed71862fcbfbcaeba9b6911a9ae0874a49f1c32a19b22b2bcfdd64714622a1e,estimated endpoint transferred from component-canonical parent classes,results/weight5_component_classes.jsonl,"$[[216,4,d\geq 5;\ \widehat d=13]]$"
current_component_class_w5,current,CSS,5,216,4,14,5,,14,False,interval,C,C,5,,14,False,0.0185185185185,3.62962962963,,3.62962962963,4,False,False,False,False,False,False,False,False,distance not exact,component canonicalized,connected component,True,CC-8b22d2d49d; CC-918b4b8a6f; CC-db3f9bc6f7; CC-e1c993c78d,4,campaign component quotient,component quotient,component-canonical class,CL-02ef8c5b; CL-24835ac8; CL-09a77c34; CL-74327c2b; CL-a845ee15,8b22d2d49d0b370aae90b64f0af19f03322834c6404e2cc1e2018bbccacec9a6; 918b4b8a6f75409f88f17d6b632a4dd7fcc8c3bc12b91a6be5b927cdaff54a83; db3f9bc6f734ad0d6a764a66e177ea8b2bc2a2b72bf7b7035a40b513649834f4; e1c993c78d8ed92528ff0a6b63ca71cdf425d5d7bb2943eeb44ca2456ce31dda,estimated endpoint transferred from component-canonical parent classes,results/weight5_component_classes.jsonl,"$[[216,4,d\geq 5;\ \widehat d=14]]$"
current_component_class_w5,current,PBB,5,288,4,8,8,8,,True,exact,E,E,8,8,,True,0.0138888888889,0.888888888889,0.888888888889,,3,False,False,False,False,False,False,False,True,,component canonicalized,connected component,True,PC-0bcfec03be; PC-2f52b97792; PC-cc3445021b,3,campaign component quotient,component quotient,component-canonical class,PL-1df1bcda; PL-2b75ed37; PL-2da51468; PL-592409d9; PL-3bed6781; PL-80889114,0bcfec03be6d78fa399d977d6697a8df4a92a91917ce227033f8f4dd4e096787; 2f52b97792e971f0702caa0bca06c157e4ee3bf4fd33925b32c679fa21baf35e; cc3445021bc22e775735283eb52445b090f4029cc8b79b6e2bfbd3a791ecf994,supported distance bound transferred from component-canonical parent classes,results/weight5_component_classes.jsonl,"$[[288,4,8]]$"
current_component_class_w5,current,PBB,5,288,4,8,5,8,,True,interval,C,C,5,8,,True,0.0138888888889,0.888888888889,0.888888888889,,1,False,False,False,False,False,False,False,False,distance not exact,component canonicalized,connected component,True,PC-b50429d06d,1,campaign component quotient,component quotient,component-canonical class,PL-3f25e19f; PL-498fd739,b50429d06d19263ee7329938ffec9070b5ced5e5845f9f9a2939be2811c15bd6,supported distance bound transferred from component-canonical parent classes,results/weight5_component_classes.jsonl,"$[[288,4,5\leq d\leq 8]]$"
current_component_class_w5,current,PBB,5,360,4,8,8,8,,True,exact,E,E,8,8,,True,0.0111111111111,0.711111111111,0.711111111111,,2,False,False,False,False,False,False,False,True,,component canonicalized,connected component,True,PC-7b89dc6ff6; PC-df3d640b24,2,campaign component quotient,component quotient,component-canonical class,PL-0b5dc15c; PL-6eca49d3; PL-689c272b; PL-93708752,7b89dc6ff6177d31e8ee3098c6afcd22ea9f38280bef9be563401330940106fd; df3d640b2444d27dbdc271ed040bdc0a66fe8aeda15df393f8a27021bac4042f,supported distance bound transferred from component-canonical parent classes,results/weight5_component_classes.jsonl,"$[[360,4,8]]$"
current_component_class_w5,current,PBB,5,360,4,8,5,8,,True,interval,C,C,5,8,,True,0.0111111111111,0.711111111111,0.711111111111,,1,False,False,False,False,False,False,False,False,distance not exact,component canonicalized,connected component,True,PC-547b1b7006,1,campaign component quotient,component quotient,component-canonical class,PL-18401d67,547b1b700685b88897206811d5acbad911a45a46ac877b73cbc1885bef423466,supported distance bound transferred from component-canonical parent classes,results/weight5_component_classes.jsonl,"$[[360,4,5\leq d\leq 8]]$"
current_component_class_w5,current,PBB,5,360,4,10,10,10,,True,exact,E,E,10,10,,True,0.0111111111111,1.11111111111,1.11111111111,,1,False,False,False,False,False,False,False,True,,component canonicalized,connected component,True,PC-75ed77cac7,1,campaign component quotient,component quotient,component-canonical class,PL-4602a8fa; PL-959e2913,75ed77cac7dc3e74c66609bdc1d38e3cc5a14ea53de3fe79bacc0ec4d1352737,supported distance bound transferred from component-canonical parent classes,results/weight5_component_classes.jsonl,"$[[360,4,10]]$"
current_component_class_w5,current,PBB,5,360,4,12,5,12,,True,interval,C,C,5,12,,True,0.0111111111111,1.6,1.6,,3,False,False,False,False,False,False,False,False,distance not exact,component canonicalized,connected component,True,PC-1551353bbb; PC-46293553f9; PC-e330d2dca3,3,campaign component quotient,component quotient,component-canonical class,PL-28c4edd8; PL-cf1eb4aa; PL-58200d48; PL-6d65b515; PL-9dbd4650; PL-d096de3f,1551353bbbeff7ef524b5cfd384aa3fb747d6938e85522fbda9ca613d105d5fb; 46293553f99b3b36c425f2d569ecf23be29def021dbfd083caf8c3c1fb991836; e330d2dca32eeafa4b72c08661f752a00436376cdc8bc205ace6c5950f36acd1,supported distance bound transferred from component-canonical parent classes,results/weight5_component_classes.jsonl,"$[[360,4,5\leq d\leq 12]]$"
current_component_class_w5,current,CSS,5,384,4,4,4,4,,True,exact,E,E,4,4,,True,0.0104166666667,0.166666666667,0.166666666667,,6,False,False,False,False,False,False,False,True,,component canonicalized,connected component,True,CC-3cc3f19eec; CC-62ae1491a9; CC-b5f0ddcb77; CC-d34ddb5aa8; CC-f8119d4c65; CC-ff6c7cd9ae,6,campaign component quotient,component quotient,component-canonical class,CL-387ff10e; CL-604a1049; CL-6e950816; CL-8d3eab41; CL-c63d3c22; CL-eca6b561; CL-3a2ea8c7; CL-3bdd5f4a; CL-3db67857; CL-96f673ac; CL-dbf2f6a0,3cc3f19eec748d44581b8c190738e2c703ac93995eec1d1cf22bbd80674b5c09; 62ae1491a9578ad60261a0b29211c115c09fc12d063bfb03e86346f044e7e8b7; b5f0ddcb77959bedd6690914619ab7792a09dfee751e0bac3be81c0a09a5a072; d34ddb5aa881d4470bc3b21f1be65338562e8ec5d2b7570632a0568f78322053; f8119d4c654f3c0a0327816cd45a1bd7526ce6b9dccece45e16ae7cfc705e6a5; ff6c7cd9ae7bff3b5c07d5aaa9b0c44a4400817c4b08617ea4b7fc274902c111,supported distance bound transferred from component-canonical parent classes,results/weight5_component_classes.jsonl,"$[[384,4,4]]$"
current_component_class_w5,current,CSS,5,384,4,8,5,,8,False,interval,C,C,5,,8,False,0.0104166666667,0.666666666667,,0.666666666667,7,False,False,False,False,False,False,False,False,distance not exact,component canonicalized,connected component,True,CC-22c77a8e19; CC-3452de4bac; CC-3743c409cd; CC-4d1249ac2e; CC-6360b9797b; CC-65b67f52bb; CC-96d49324e3,7,campaign component quotient,component quotient,component-canonical class,CL-02dbb137; CL-4afd82a1; CL-cd20adf9; CL-1b76c9a2; CL-4b72a999; CL-a8cf2f26; CL-c4850a06; CL-2102bdcd; CL-43a5c001; CL-73e22fb3; CL-3230671f; CL-66156be7; CL-45c62c8a; CL-4b75f13a; CL-d5c9c868; CL-9b17db49,22c77a8e1923ed3331ab08a3c1b325cca940269846bb73f6c1bb4a0187d1601a; 3452de4baca202af13e6cada78ff05e31f457f2ed510cc6515ad253f4bd4701a; 3743c409cdacda590567a151329812bddcdb81e06a1ef6f51c9ced222d3ae666; 4d1249ac2e4f8b9fe6a942469f03b2597e64e724019e6c15f9fb724e9e40ac44; 6360b9797be2569046a8c2b136cebc22c496b5fe12e5c0f0a35238963fd693a0; 65b67f52bb66c6e2a3951678726eafd6ce45957aad7c443295fdbf5ff9ba2f38; 96d49324e3287561bd132f11d59567862218d169a9125d253e5611fe52583305,estimated endpoint transferred from component-canonical parent classes,results/weight5_component_classes.jsonl,"$[[384,4,d\geq 5;\ \widehat d=8]]$"
current_component_class_w5,current,CSS,5,384,4,12,5,,12,False,interval,C,C,5,,12,False,0.0104166666667,1.5,,1.5,1,False,False,False,False,False,False,False,False,distance not exact,component canonicalized,connected component,True,CC-17b49cbc0a,1,campaign component quotient,component quotient,component-canonical class,CL-49958073; CL-518180e8; CL-719cc178; CL-d9975c39; CL-db36abf7; CL-f56c67e9,17b49cbc0a049d022963d73c4fed63bb05ea7334f08a99023eea1ac9d231047e,estimated endpoint transferred from component-canonical parent classes,results/weight5_component_classes.jsonl,"$[[384,4,d\geq 5;\ \widehat d=12]]$"
current_component_class_w5,current,CSS,5,384,4,14,5,,14,False,interval,C,C,5,,14,False,0.0104166666667,2.04166666667,,2.04166666667,1,False,False,False,False,False,False,False,False,distance not exact,component canonicalized,connected component,True,CC-e90fa3f056,1,campaign component quotient,component quotient,component-canonical class,CL-00bc08e3; CL-2d7790a3; CL-2e16afd5; CL-4471e9b9; CL-54bc954c; CL-59f2b6f2; CL-61cbfea4; CL-6f4f6609; CL-72a272c6; CL-83aa1d4c; CL-8fe6ec97; CL-c3005ec0; CL-c678090e,e90fa3f05658af3c9cde06997ee91134dc4f05d52c023432c7bb727b799de072,estimated endpoint transferred from component-canonical parent classes,results/weight5_component_classes.jsonl,"$[[384,4,d\geq 5;\ \widehat d=14]]$"
current_component_class_w5,current,CSS,5,384,4,16,5,,16,False,interval,C,C,5,,16,False,0.0104166666667,2.66666666667,,2.66666666667,19,False,False,False,False,False,False,False,False,distance not exact,component canonicalized,connected component,True,CC-02d48a4dd4; CC-135d007dd4; CC-1e48e7a0bd; CC-23d44fa333; CC-2f1e18003c; CC-30afe9b8c0; CC-31da48257c; CC-58b6fa5fd5; CC-74414d49c1; CC-78449af54a; CC-862f9c5c72; CC-9b0ee88c39; CC-ad6e9a6acd; CC-b382eb8c40; CC-bc1f66da24; CC-ca164b4109; CC-e16cf41b2f; CC-f0dc4dd8ab; CC-fff032e6ed,19,campaign component quotient,component quotient,component-canonical class,CL-015c0d4f; CL-0823cb54; CL-6e3ef2b1; CL-d7f2fbef; CL-dff22bb6; CL-0892a90a; CL-094388ae; CL-0b1c0c1f; CL-20268fa5; CL-b8095aae; CL-c4b43b09; CL-ccfcaf51; CL-cfbac721; CL-2e330ac5; CL-3e659d0b; CL-43a4f306; CL-5b776bcb; CL-c63549bb; CL-4735294a; CL-5944c80e; CL-9026955a; CL-ae0733f4; CL-b13ca731; CL-ed6d582b; CL-47fe1ca1; CL-c882de19; CL-4b2eb5d5; CL-5623f517; CL-d8f0479e; CL-6f55f40d; CL-762872ac; CL-764bc1ba; CL-c672fc04; CL-78232732; CL-bbf49147; CL-7e7edaed; CL-851fa3fb; CL-894b8e12; CL-8ec5b06e; CL-9e03bd14; CL-9fbbfb24; CL-a0d88372; CL-b3df27ce; CL-b762883b; CL-cf2df69e; CL-d992f18a; CL-dbe06912; CL-84dbe6c0; CL-90020de8; CL-b4ca97c4; CL-9b6ebfad; CL-a8aab347; CL-c8819726,02d48a4dd4965bc02c21ce5e0a21e4ff766315eecc3e9fd9d94f3c030429bb0c; 135d007dd4b3797ce4849b48c3a4d1960389e39bff026d7a95e6fa79e72a24bb; 1e48e7a0bd8fe28a1082a3b3836df15a0b7d50ea05b829ebadc2bc65a24a67ac; 23d44fa3331fb52a6c5d9bec07f127655dd8527ab4576c5faad619bcf1377080; 2f1e18003c48870c86c0f9ffcdaeeded2940773f46d6ebb84ace24a97734d7b2; 30afe9b8c0292807f90454c5d22d6b4df528c671215daa51d114b6cc6b35417c; 31da48257c53606cfbc965764a22f7c22f39c5593e9757a3e64d8fe0d95ae534; 58b6fa5fd54fc3a25184e3186cfa09e33a8a91d021af7d566e5cad70057685eb; 74414d49c1cee5e5a9e8207eab8d75dccfe2a126a9d5242f11f11dc343a0700d; 78449af54aa960460be32452fef08f5e2734b10dc83de200d7b931a422946605; 862f9c5c72f450249bb2ba0045290602fa11cc40129cd4afb54dd2a3c6a9efbc; 9b0ee88c393ee738a2692f965dde1640bcf69dcf8ead7a4f548e46c3c6745df8; ad6e9a6acddf803fcbf13d8725c8150dc4f43c581befe33d40a793510e57513e; b382eb8c40190570fdff964c08d8b3dc7bdd4ff3b084743e0081a9e68f38864c; bc1f66da24e22f82a9ccb63b808dcb6bd1f51b5f5af5d2ecc8b83c970dee8612; ca164b41095c951f25417c18c836c2a034cd330f508cf7589a24769a0e67543b; e16cf41b2f512f4bde5cedfc44b8b59ef531268400722a6b2b516df8aa85ee55; f0dc4dd8ab56197a1eba2d92d56d02f7e1f507da3feab0b718ad0fac45c781c0; fff032e6eda872ade187c4f3bea4dd1b92ad73c42e2bab14050aae79c1c7b351,estimated endpoint transferred from component-canonical parent classes,results/weight5_component_classes.jsonl,"$[[384,4,d\geq 5;\ \widehat d=16]]$"
current_component_class_w5,current,CSS,5,384,8,8,5,,8,False,interval,C,C,5,,8,False,0.0208333333333,1.33333333333,,1.33333333333,1,False,False,False,False,False,False,False,False,distance not exact,component canonicalized,connected component,True,CC-1ec72f66d0,1,campaign component quotient,component quotient,component-canonical class,CL-2f9daa68; CL-5795c26c,1ec72f66d0290f06e4658a84256ee86a6acb08b8fe7217e94ee89116a2ef77dc,estimated endpoint transferred from component-canonical parent classes,results/weight5_component_classes.jsonl,"$[[384,8,d\geq 5;\ \widehat d=8]]$"
current_component_class_w5,current,CSS,5,384,16,4,4,4,,True,exact,E,E,4,4,,True,0.0416666666667,0.666666666667,0.666666666667,,1,False,False,False,False,False,False,False,True,,component canonicalized,connected component,True,CC-01026fbe01,1,campaign component quotient,component quotient,component-canonical class,CL-f1c90545,01026fbe0195f55c72ad36314902acf251f43baacf112d8b4e772578ca83527d,supported distance bound transferred from component-canonical parent classes,results/weight5_component_classes.jsonl,"$[[384,16,4]]$"
current_component_class_w5,current,CSS,5,420,4,5,5,5,,True,exact,E,E,5,5,,True,0.00952380952381,0.238095238095,0.238095238095,,3,False,False,False,False,False,False,False,True,,component canonicalized,connected component,True,CC-ae798f4157; CC-c0ffa5b663; CC-d02d7e10e6,3,campaign component quotient,component quotient,component-canonical class,CL-03413624; CL-89dd6c68; CL-e72cc9d8,ae798f4157bc23fa6161b9a42d20eaf49670b2addfe5dd94cec4051291879b72; c0ffa5b663f657153b954bcafcf79c50e51e3f96f602a05ade08ba60b4adbaa2; d02d7e10e627faf62513544337eb8b24902f81f2fe89ed5dc9dd86e0f7f7db2c,supported distance bound transferred from component-canonical parent classes,results/weight5_component_classes.jsonl,"$[[420,4,5]]$"
current_component_class_w5,current,CSS,5,420,4,6,5,,6,False,interval,C,C,5,,6,False,0.00952380952381,0.342857142857,,0.342857142857,2,False,False,False,False,False,False,False,False,distance not exact,component canonicalized,connected component,True,CC-19a3392c18; CC-40ed427653,2,campaign component quotient,component quotient,component-canonical class,CL-a8b29562; CL-da88d8de,19a3392c18b388234cab14d7b15caf2b02069e51b3a4ed86eaf7ae85f209dc3a; 40ed427653a9d4c18ebd2cc85dbc4632aac79cea89d00142a96bce2dd2cb7fc8,estimated endpoint transferred from component-canonical parent classes,results/weight5_component_classes.jsonl,"$[[420,4,d\geq 5;\ \widehat d=6]]$"
current_component_class_w5,current,CSS,5,420,4,7,5,,7,False,interval,C,C,5,,7,False,0.00952380952381,0.466666666667,,0.466666666667,4,False,False,False,False,False,False,False,False,distance not exact,component canonicalized,connected component,True,CC-1754fd29e4; CC-3e68d2acf1; CC-aa24e34b5e; CC-e3a353281f,4,campaign component quotient,component quotient,component-canonical class,CL-229ff68f; CL-71175309; CL-a467cd49; CL-e8dd03a4,1754fd29e472b6e19285362b2938ca2b0a142e266108cae90ec606ccc8545c10; 3e68d2acf142b63bc8503ac8e6e782f5f2da7cf6c559444970ad3611aa126ff7; aa24e34b5e46ee7ed341a4594b4efcf6037a07e63d0a1be26e7758df4fd62b55; e3a353281f8a851f9c0bef23cfb221fe5ca0938f3d7d9a01ac268dc4de2f56c4,estimated endpoint transferred from component-canonical parent classes,results/weight5_component_classes.jsonl,"$[[420,4,d\geq 5;\ \widehat d=7]]$"
current_component_class_w5,current,CSS,5,420,4,8,5,,8,False,interval,C,C,5,,8,False,0.00952380952381,0.609523809524,,0.609523809524,1,False,False,False,False,False,False,False,False,distance not exact,component canonicalized,connected component,True,CC-3c8f440a41,1,campaign component quotient,component quotient,component-canonical class,CL-b18bd481,3c8f440a418bed670350e7d2ca2534a758ab100bf746e374bb10e6299770d113,estimated endpoint transferred from component-canonical parent classes,results/weight5_component_classes.jsonl,"$[[420,4,d\geq 5;\ \widehat d=8]]$"
current_component_class_w5,current,CSS,5,420,4,9,5,,9,False,interval,C,C,5,,9,False,0.00952380952381,0.771428571429,,0.771428571429,4,False,False,False,False,False,False,False,False,distance not exact,component canonicalized,connected component,True,CC-141bb9431f; CC-8ec440bb14; CC-9134794e5b; CC-9d170c8ee3,4,campaign component quotient,component quotient,component-canonical class,CL-224f3680; CL-3cadff79; CL-64c71487; CL-c087367c,141bb9431f140a63ad32fff485069802fef8bde8a5f949b1c57ae6a8261b9d1f; 8ec440bb1474bdd071f1ee9746ae39ec507f1f1ffed22737682e60ec0fb31669; 9134794e5b03fb1a20cb454260e7d7f87eba7c7f461d1ce225e6ab152647642b; 9d170c8ee3aa14df5bb0a71fc044fe933149855f52fec29efb4a742cd09903ee,estimated endpoint transferred from component-canonical parent classes,results/weight5_component_classes.jsonl,"$[[420,4,d\geq 5;\ \widehat d=9]]$"
current_component_class_w5,current,PBB,5,420,4,10,10,10,,True,exact,E,E,10,10,,True,0.00952380952381,0.952380952381,0.952380952381,,1,False,False,False,False,False,False,False,True,,component canonicalized,connected component,True,PC-f8c870500d,1,campaign component quotient,component quotient,component-canonical class,PL-7c740754; PL-ce4ae900,f8c870500dbb5e91bca33b276d67a1194b0e622c2c7303c90fe8ba72e0d0d444,supported distance bound transferred from component-canonical parent classes,results/weight5_component_classes.jsonl,"$[[420,4,10]]$"
current_component_class_w5,current,CSS,5,420,4,10,5,,10,False,interval,C,C,5,,10,False,0.00952380952381,0.952380952381,,0.952380952381,6,False,False,False,False,False,False,False,False,distance not exact,component canonicalized,connected component,True,CC-0125d2ae01; CC-841774af81; CC-a738a9e4a5; CC-ccb0424444; CC-d30d8e6c23; CC-d500c13840,6,campaign component quotient,component quotient,component-canonical class,CL-30f2d7e8; CL-3edd717f; CL-52590f51; CL-5c687cba; CL-679b4a11; CL-7f05804a; CL-7e2d38ae; CL-969d5906; CL-ce72ca91; CL-c1097279,0125d2ae0147aee804fb4ef7c75917f5a98f54a9a2e659fcf1574a0249d6ca66; 841774af810049fa8e8f6623ffe5ba3b7ccf6a929b285a57f416661bd3926f36; a738a9e4a5a5949dadcdba06febc396c19e84c839dca4095c764cdc4b3f2af09; ccb04244442add8241a052643742eb02475003ed934b5e028d9d9e39c2b8c9ef; d30d8e6c234f476015055334fdea2b5384dd31001bbaf3d2ff7d32503b1035f1; d500c138406de7e287f69c65776896b27b083d06ba018a6fb5f6f26e275a37e4,estimated endpoint transferred from component-canonical parent classes,results/weight5_component_classes.jsonl,"$[[420,4,d\geq 5;\ \widehat d=10]]$"
current_component_class_w5,current,CSS,5,420,4,11,5,,11,False,interval,C,C,5,,11,False,0.00952380952381,1.15238095238,,1.15238095238,4,False,False,False,False,False,False,False,False,distance not exact,component canonicalized,connected component,True,CC-3325a17861; CC-5a13cc3691; CC-6761a25b3b; CC-bae555158c,4,campaign component quotient,component quotient,component-canonical class,CL-013659b7; CL-0892ddc0; CL-22178d24; CL-c5751133,3325a17861a8aec0dee4762deca92f252dee3bdef0904897484d7fef9aaad6e7; 5a13cc36916b2012904634f1a52f05ac58b2c3b2bf757796f35ce44531d8b0fb; 6761a25b3ba92fb086e41efef3d3063f3ff90f9c9f54f77a665f36f3f2370b67; bae555158c8e4c394d9627ab69fae9a5c22a0499b8ce5dd8f4b11eecb547f31c,estimated endpoint transferred from component-canonical parent classes,results/weight5_component_classes.jsonl,"$[[420,4,d\geq 5;\ \widehat d=11]]$"
current_component_class_w5,current,CSS,5,420,4,12,5,,12,False,interval,C,C,5,,12,False,0.00952380952381,1.37142857143,,1.37142857143,2,False,False,False,False,False,False,False,False,distance not exact,component canonicalized,connected component,True,CC-027179ed1c; CC-0bc7f60458,2,campaign component quotient,component quotient,component-canonical class,CL-3c4df4e6; CL-71f571bf; CL-3e07faef,027179ed1cd30890a2eae2d05b6d4b7d6a8a3f810fcbb34b03bc767325f10cb1; 0bc7f604586abb8aa84d52633a2a85cf77f57ca182633e8bca4ce3e24c40cbc0,estimated endpoint transferred from component-canonical parent classes,results/weight5_component_classes.jsonl,"$[[420,4,d\geq 5;\ \widehat d=12]]$"
current_component_class_w5,current,CSS,5,420,4,12,5,12,,True,interval,C,C,5,12,,True,0.00952380952381,1.37142857143,1.37142857143,,1,False,False,False,False,False,False,False,False,distance not exact,component canonicalized,connected component,True,CC-697e689b67,1,campaign component quotient,component quotient,component-canonical class,CL-27163520,697e689b678e570edde2cedf0c4d750e9f48e573136021378c8a1f107c16b6ad,supported distance bound transferred from component-canonical parent classes,results/weight5_component_classes.jsonl,"$[[420,4,5\leq d\leq 12]]$"
current_component_class_w5,current,CSS,5,420,4,13,5,13,,True,interval,C,C,5,13,,True,0.00952380952381,1.60952380952,1.60952380952,,1,False,False,False,False,False,False,False,False,distance not exact,component canonicalized,connected component,True,CC-3ba40952b6,1,campaign component quotient,component quotient,component-canonical class,CL-6245f632,3ba40952b6f08768f11084d8c356475e66f1488fb8d50c403c35abe4eb8d308d,supported distance bound transferred from component-canonical parent classes,results/weight5_component_classes.jsonl,"$[[420,4,5\leq d\leq 13]]$"
current_component_class_w5,current,CSS,5,420,4,13,5,,13,False,interval,C,C,5,,13,False,0.00952380952381,1.60952380952,,1.60952380952,1,False,False,False,False,False,False,False,False,distance not exact,component canonicalized,connected component,True,CC-4f1a821244,1,campaign component quotient,component quotient,component-canonical class,CL-cabac8af,4f1a8212448fefe11bb3d6dd4025eeb1a5d76bc9043e740e6d7061ca4cfba132,estimated endpoint transferred from component-canonical parent classes,results/weight5_component_classes.jsonl,"$[[420,4,d\geq 5;\ \widehat d=13]]$"
current_component_class_w5,current,CSS,5,420,4,14,5,,14,False,interval,C,C,5,,14,False,0.00952380952381,1.86666666667,,1.86666666667,11,False,False,False,False,False,False,False,False,distance not exact,component canonicalized,connected component,True,CC-124154ceb8; CC-14f486e2e3; CC-2074f1ba1e; CC-2a240d6702; CC-486a3d18aa; CC-707333e70e; CC-707343346c; CC-c4f6a263f0; CC-c7e594e67e; CC-e36cbe7617; CC-e6fb653803,11,campaign component quotient,component quotient,component-canonical class,CL-00f55eb4; CL-0bcba2cf; CL-1d74ed97; CL-20a74088; CL-58893e8a; CL-39202e68; CL-4218c470; CL-d5b86ab7; CL-63d37244; CL-a517ace2; CL-aa2a2c40; CL-bd9385b1; CL-e0159989; CL-ee1a67cc,124154ceb801382ce8df59769eda9386561281ef3b99155252b6e7c19ad68c86; 14f486e2e3807fabc76968392bb11957a764e8fa2db8ac565874780eb3dab2d4; 2074f1ba1ed2e2162e160df20b42dd00e976f8ba14e8c05088f2743ac52023d5; 2a240d670201268bf2382cb939443fa6db9d9b8b76e4b62b271f580fc71b1cf7; 486a3d18aaadb963a2676e1ad1b4e0c3aca88640eb41c11f44d4244a74338b79; 707333e70e1ba2f49472c01013a44cbb82bbea5f91aac394871504ddaee05bda; 707343346c1f6e11d112fd7933e6ea163d234f8798d801fbb9b62af2f30609fb; c4f6a263f0e01832a733466d9f23d6505d6b49dbc4d0d8de0162d4c1b0bc7ef3; c7e594e67ea9cae73253e45718b71a14e9fda7a8cea00cc8dff3a96a83f75b86; e36cbe76175c6e0048c4eb55ed46861e21a07a55b5fab2d970b97c2c541378ba; e6fb6538039a8514231db2cd200650de8facff96d99e8edf7e34232b54f3912c,estimated endpoint transferred from component-canonical parent classes,results/weight5_component_classes.jsonl,"$[[420,4,d\geq 5;\ \widehat d=14]]$"
current_component_class_w5,current,CSS,5,420,4,14,5,14,,True,interval,C,C,5,14,,True,0.00952380952381,1.86666666667,1.86666666667,,4,False,False,False,False,False,False,False,False,distance not exact,component canonicalized,connected component,True,CC-4dab8b8fca; CC-e02a727894; CC-ea360e6ec3; CC-f6c9bcae4f,4,campaign component quotient,component quotient,component-canonical class,CL-1a333605; CL-23177205; CL-96e74570; CL-d0bba1bf,4dab8b8fcabcf9989d8621b145255ee0cb2eee0df542c4d83a410b5b4d12a0d2; e02a7278947abb1a158fe0f17e0b35e343e6588403443e57e8adc2431f4e787f; ea360e6ec32b7a2ae8be8ae24a36119b494c7406e2a622d3c11eaa01ffecfa87; f6c9bcae4ffdf8970f19d18a61448775da9f8f4c797f7bc00b0cc26e7399c8d4,supported distance bound transferred from component-canonical parent classes,results/weight5_component_classes.jsonl,"$[[420,4,5\leq d\leq 14]]$"
current_component_class_w5,current,CSS,5,420,4,15,5,,15,False,interval,C,C,5,,15,False,0.00952380952381,2.14285714286,,2.14285714286,1,False,False,False,False,False,False,False,False,distance not exact,component canonicalized,connected component,True,CC-7ffcea8a58,1,campaign component quotient,component quotient,component-canonical class,CL-45dbbd81,7ffcea8a5825903a5dc3285ad391249afa663ac3ba7e38d2660c845d999870ff,estimated endpoint transferred from component-canonical parent classes,results/weight5_component_classes.jsonl,"$[[420,4,d\geq 5;\ \widehat d=15]]$"
current_component_class_w5,current,CSS,5,420,4,16,5,,16,False,interval,C,C,5,,16,False,0.00952380952381,2.4380952381,,2.4380952381,7,False,False,False,False,False,False,False,False,distance not exact,component canonicalized,connected component,True,CC-130152a0aa; CC-1f04f56a56; CC-51346e7d8d; CC-9f81d7ed42; CC-bc24024b81; CC-d67b2a53ff; CC-d7df0a9283,7,campaign component quotient,component quotient,component-canonical class,CL-012b5093; CL-059adaf7; CL-16ddab0d; CL-6c6fb2d6; CL-18c67b02; CL-7c9e0d51; CL-8eeddbcf; CL-8f641549,130152a0aa8e06b7b6952cade12f62f821ba1cae66bebbc580530f333e535934; 1f04f56a56f242c2f1ab08b16d808e2d6edaef1169e567d5e79a9d1e9efd2545; 51346e7d8d5e016efd2888dd316776e016ca343a7192c39e77676d3ca649133a; 9f81d7ed42622b1ed0afe4e57344d8e664d156bbe0f94ea8120f37dc8e633a45; bc24024b8168a9ceb3e3e50d32ce72302856201cc73da9a9b7d68dcfdf877152; d67b2a53ffe28b0b7e6b0122369ad4b1844e4c84c166c69983e5b0dbb0b949cb; d7df0a92838c269145111d4c96835e295ca8e4cf77da631726a5b79c7b93b9a0,estimated endpoint transferred from component-canonical parent classes,results/weight5_component_classes.jsonl,"$[[420,4,d\geq 5;\ \widehat d=16]]$"
current_component_class_w5,current,CSS,5,420,4,16,5,16,,True,interval,C,C,5,16,,True,0.00952380952381,2.4380952381,2.4380952381,,1,False,False,False,False,False,False,False,False,distance not exact,component canonicalized,connected component,True,CC-42ef887453,1,campaign component quotient,component quotient,component-canonical class,CL-daf9d6b0,42ef8874534a1c42f6a733321b8a11d847018e4e4b082379815f1b22213603eb,supported distance bound transferred from component-canonical parent classes,results/weight5_component_classes.jsonl,"$[[420,4,5\leq d\leq 16]]$"
current_component_class_w5,current,CSS,5,420,4,17,5,,17,False,interval,C,C,5,,17,False,0.00952380952381,2.75238095238,,2.75238095238,4,False,False,False,False,False,False,False,False,distance not exact,component canonicalized,connected component,True,CC-2cb6b05a9a; CC-9f2a236d8e; CC-b591c7f78a; CC-e3768b25e6,4,campaign component quotient,component quotient,component-canonical class,CL-18b5ba8d; CL-51b2d3f0; CL-b5b7cea8; CL-e3f164be,2cb6b05a9a89836ced23001fef238c2b9c1b9d7be87ada234d39da25a5b93a83; 9f2a236d8ecce7664af2f2e548bcce8737f3da196f2f4f7958baede5d9fb46f7; b591c7f78a4a66cf7d2581854bd53b584a7b28786b1366fc2f1162087642affe; e3768b25e69fcaf67b3538103dbf50c1140f0eccd65b977df1e6010f7d113d9d,estimated endpoint transferred from component-canonical parent classes,results/weight5_component_classes.jsonl,"$[[420,4,d\geq 5;\ \widehat d=17]]$"
current_component_class_w5,current,CSS,5,420,4,18,5,18,,True,interval,C,C,5,18,,True,0.00952380952381,3.08571428571,3.08571428571,,6,False,False,False,False,False,False,False,False,distance not exact,component canonicalized,connected component,True,CC-17bc5132ac; CC-41d255deb2; CC-6d603ff8ef; CC-ac2e8589b6; CC-c25aa068b7; CC-e4b6cd4c95,6,campaign component quotient,component quotient,component-canonical class,CL-0ab4461f; CL-243c1ce8; CL-52ea7c29; CL-a01dbf6f; CL-a68b54eb; CL-d75eef3d,17bc5132ac4124c79dca7ac2967154b9bfd385e97b845edee501213286697677; 41d255deb2581f1047300d56b4e24360fefef169bae83ed056e59e91efc576c1; 6d603ff8efe3aa5cabbe0bd5a58fd2fee62d250a3dbf4fd88f5fc6647adf0b4d; ac2e8589b6c75da90115a57a8b6aa2bf15efb794c2d37e35f5e4c83fcd0561de; c25aa068b7ae84af754dfb3d926823c58a3efc187b378caed584d144f97e1c00; e4b6cd4c951e955fd11eb958b9d9066788267e8d7b6e2eb16d8e461329c12868,supported distance bound transferred from component-canonical parent classes,results/weight5_component_classes.jsonl,"$[[420,4,5\leq d\leq 18]]$"
current_component_class_w5,current,CSS,5,420,4,18,5,,18,False,interval,C,C,5,,18,False,0.00952380952381,3.08571428571,,3.08571428571,9,False,False,False,False,False,False,False,False,distance not exact,component canonicalized,connected component,True,CC-28cf0c48a8; CC-40ac65622f; CC-48377b1f8d; CC-7e4c1c67de; CC-8b9832c092; CC-93ceb60d0b; CC-94f9e1dbde; CC-be80443e33; CC-e9037634aa,9,campaign component quotient,component quotient,component-canonical class,CL-0f0f7823; CL-1c01f1af; CL-3517f047; CL-39516f7a; CL-97ce5a71; CL-a72299e5; CL-d1bd95f4; CL-cd1a95aa; CL-f4f0dd58; CL-faab937c,28cf0c48a81ff833264f0753f8305c9523f0efedbd4c63865ad32dfacdcf3601; 40ac65622f70ced7a6be8eb5bace3b30531957e7d312cca889f49bf6abdf6688; 48377b1f8da14714c9ce4e92a0656805b9f01d3fdc1dae4c339562922e290dce; 7e4c1c67de8344a50c91b3cf0b2f401cea1663625ead427c5790dc31a7651302; 8b9832c0924732e5ee2f260606e322f630e2926b5072f82ac63a26172a463eb1; 93ceb60d0b59abcfdd78537518c8e033db6ad73b2ee4c48a2ff1ba32c393f6de; 94f9e1dbdee561502ec7f69c892da31b3e1c413fcd2355d07d08ca1864c4b356; be80443e33eb48f7b9792522daee38dd60fea0fc8791fa026366baa703e773d6; e9037634aa80b4eb20299280606573f0de0a2630a8e720d21cfe0b349193e6f1,estimated endpoint transferred from component-canonical parent classes,results/weight5_component_classes.jsonl,"$[[420,4,d\geq 5;\ \widehat d=18]]$"
current_component_class_w5,current,CSS,5,420,4,19,5,,19,False,interval,C,C,5,,19,False,0.00952380952381,3.4380952381,,3.4380952381,5,False,False,False,False,False,False,False,False,distance not exact,component canonicalized,connected component,True,CC-1d04c787e5; CC-3706a8b668; CC-5059adedd5; CC-86031070e5; CC-c11528277b,5,campaign component quotient,component quotient,component-canonical class,CL-3dc9e172; CL-58bc09e7; CL-79baf488; CL-92173649; CL-efd28323,1d04c787e5bfc67ee4b3e75e369c4063203c36b88deee08ce1088bc51e521792; 3706a8b66870d6ec35e4ed6a0d440df09301e4f3960d4ae0cfed92b07074c5ed; 5059adedd5136c6424332b9821bc6d7d5353e33604201c85d35045bd46b49e20; 86031070e5737282756326f0b0770fa757ffc247b5529fe85be3af5946314126; c11528277b1c8a3ec88e5789eb93287b0814238b4124f5bf2151fda8977ff4ea,estimated endpoint transferred from component-canonical parent classes,results/weight5_component_classes.jsonl,"$[[420,4,d\geq 5;\ \widehat d=19]]$"
current_component_class_w5,current,CSS,5,420,4,19,5,19,,True,interval,C,C,5,19,,True,0.00952380952381,3.4380952381,3.4380952381,,4,False,False,False,False,False,False,False,False,distance not exact,component canonicalized,connected component,True,CC-6615eba90a; CC-7c15c48eb6; CC-f37bd08080; CC-f88880f9ec,4,campaign component quotient,component quotient,component-canonical class,CL-56365497; CL-6f3c91dc; CL-aabd155e; CL-d18d0097,6615eba90a86fd22268df00fba913d2ef784dbe2139c017771dcd086dd149517; 7c15c48eb647bd67277c4a0b5b1eadef80ca83ebddc0a9acb05ee70cef3e043d; f37bd08080049d7325513c418b4e7d1f981929d4ccfea09ed1eb296dba7d2247; f88880f9eca0390cca60697554b448cef6eb98de16ef8369ee6bd0bf0b2ba1e0,supported distance bound transferred from component-canonical parent classes,results/weight5_component_classes.jsonl,"$[[420,4,5\leq d\leq 19]]$"
current_component_class_w5,current,CSS,5,420,4,20,5,20,,True,interval,C,C,5,20,,True,0.00952380952381,3.80952380952,3.80952380952,,3,False,False,False,False,False,False,False,False,distance not exact,component canonicalized,connected component,True,CC-1cac63a361; CC-34d0096d20; CC-80367cf623,3,campaign component quotient,component quotient,component-canonical class,CL-3ba7a33d; CL-68eefaad; CL-fb0e1722,1cac63a361fde8cc746551334d9b810395062bb1538cd26dd21d97324cf0882c; 34d0096d2068b5b5e04671db4c4c531ed812e08547df4199488fb62f62ed0524; 80367cf6238d45f680e61e3246c5007f02de496ca7a7cb5973a4d4e299ae63ea,supported distance bound transferred from component-canonical parent classes,results/weight5_component_classes.jsonl,"$[[420,4,5\leq d\leq 20]]$"
current_component_class_w5,current,CSS,5,420,4,20,5,,20,False,interval,C,C,5,,20,False,0.00952380952381,3.80952380952,,3.80952380952,12,False,False,False,False,False,False,False,False,distance not exact,component canonicalized,connected component,True,CC-27bb40287b; CC-3ed075b27a; CC-517b42bee4; CC-55df8c03aa; CC-587678b728; CC-67aa52fb8c; CC-888b50d6e4; CC-8bd3413cc3; CC-9d712b383e; CC-b55fd1f3e1; CC-da0e44fd44; CC-e10150a708,12,campaign component quotient,component quotient,component-canonical class,CL-035a9186; CL-34564918; CL-47b94d92; CL-84e4fd49; CL-859e9a93; CL-921146b8; CL-959df55a; CL-b30c14d0; CL-bbe854ab; CL-cfe9c60e; CL-d0e1c43e; CL-dc41e42a,27bb40287b272dffab90087f84b9d4146481f17a13f9a12aec3774495868f35e; 3ed075b27af99bfb6e1ee15294456c78bad8ff7214fb8c4a4d7bff3bf12896c7; 517b42bee4f353a7403dbc694f2ea7ea9669f483ab3de7d9764a806666f4981b; 55df8c03aa2b404e16ff339785c89835296f121f528a2961cfd3e4c725bdc749; 587678b728c59a568e04967ccec4e5d614e682ca449d1396b5bbe0fda320106d; 67aa52fb8c84bd6cc250456adfc94afbbf9d7365b782e0d4cd97fa4eb8ab2d66; 888b50d6e4f15014a5de33c378c29acf17b8e48b58d33060c060499721834597; 8bd3413cc3ee3d9636d2ab5a53f4bcb499b58c12b5446c9d9cbbffe8e4c390b6; 9d712b383e2e3ce94ca12ac8c13c2157ade77b56fc9ecbb0442be5df40d2c625; b55fd1f3e1bf4e7b9da769ebd45961e07d25d2cffee9892ab57fa43877651f34; da0e44fd44693aa744aef07f7b17da8bf4b45107ef6e281151a141b37494ac5d; e10150a7084b59f6b0e13f72473cb098a0418d906da9483c193a3736b240343f,estimated endpoint transferred from component-canonical parent classes,results/weight5_component_classes.jsonl,"$[[420,4,d\geq 5;\ \widehat d=20]]$"
current_component_class_w5,current,CSS,5,420,4,21,5,,21,False,interval,C,C,5,,21,False,0.00952380952381,4.2,,4.2,5,False,False,False,False,False,False,False,False,distance not exact,component canonicalized,connected component,True,CC-459190a6c9; CC-78b9468e50; CC-82c5541e03; CC-999a3049e1; CC-c0e211d1cb,5,campaign component quotient,component quotient,component-canonical class,CL-35afb936; CL-3e5c8799; CL-bdfa840a; CL-de17c9d3; CL-f1e29899,459190a6c91fc46401dc16f8531f844b393fe16dcea49b2ae5cd969ae33de15c; 78b9468e509fb2728e3fcfad18d10a4476941fbb35a77e678fe5fc33193381d1; 82c5541e03c8f2630ffea8ee327ad81d2f2844bd695b7ce2de0915cbca026c2b; 999a3049e1bfec13f980de64e8f068517bfbe47e5e4d010369bc4fa8a3f2a1eb; c0e211d1cbc3d5ba21e82b6439fba756effc57f44acdbf33e75dd91b2d811b3f,estimated endpoint transferred from component-canonical parent classes,results/weight5_component_classes.jsonl,"$[[420,4,d\geq 5;\ \widehat d=21]]$"
current_component_class_w5,current,CSS,5,420,4,21,5,21,,True,interval,C,C,5,21,,True,0.00952380952381,4.2,4.2,,1,False,False,False,False,False,False,False,False,distance not exact,component canonicalized,connected component,True,CC-da2feaca7c,1,campaign component quotient,component quotient,component-canonical class,CL-170eab7b,da2feaca7c0c08dbd9664e22e6096d89d44d3f0152198845365cee2e3dbcfc30,supported distance bound transferred from component-canonical parent classes,results/weight5_component_classes.jsonl,"$[[420,4,5\leq d\leq 21]]$"
current_component_class_w5,current,CSS,5,420,4,22,5,22,,True,interval,C,C,5,22,,True,0.00952380952381,4.60952380952,4.60952380952,,2,False,False,False,False,False,False,False,False,distance not exact,component canonicalized,connected component,True,CC-482c979e17; CC-5f95e88575,2,campaign component quotient,component quotient,component-canonical class,CL-9fbce668; CL-c271b632,482c979e17fb143b6a0ab0569bdd3671135197abe37486acc7ad8ac32569fbe4; 5f95e88575c1c180fda4bad02bf42f3bcf3f93055f607dded5afd341da3e4e7c,supported distance bound transferred from component-canonical parent classes,results/weight5_component_classes.jsonl,"$[[420,4,5\leq d\leq 22]]$"
current_component_class_w5,current,CSS,5,420,6,3,3,3,,True,exact,E,E,3,3,,True,0.0142857142857,0.128571428571,0.128571428571,,1,False,False,False,False,False,False,False,True,,component canonicalized,connected component,True,CC-ac8472328c,1,campaign component quotient,component quotient,component-canonical class,CL-01ad3134,ac8472328c452b1218c4120c6b2c508bc8132ece39f08c9b79eac15171d0f396,supported distance bound transferred from component-canonical parent classes,results/weight5_component_classes.jsonl,"$[[420,6,3]]$"
current_component_class_w5,current,CSS,5,420,6,5,5,5,,True,exact,E,E,5,5,,True,0.0142857142857,0.357142857143,0.357142857143,,1,False,False,False,False,False,False,False,True,,component canonicalized,connected component,True,CC-8acbce461c,1,campaign component quotient,component quotient,component-canonical class,CL-c065aeaf,8acbce461cefd4bc32e4a9a507ec98ed852defec1d8ac127a87161d92a5ddc79,supported distance bound transferred from component-canonical parent classes,results/weight5_component_classes.jsonl,"$[[420,6,5]]$"
current_component_class_w5,current,CSS,5,420,6,6,5,,6,False,interval,C,C,5,,6,False,0.0142857142857,0.514285714286,,0.514285714286,2,False,False,False,False,False,False,False,False,distance not exact,component canonicalized,connected component,True,CC-9bca36c107; CC-9bf8a20fed,2,campaign component quotient,component quotient,component-canonical class,CL-1cc5db1e; CL-d42149ac,9bca36c10782249cd755c3f78f42b47cb9b62fa77a79377c17c5e4188d0ccf78; 9bf8a20fedb68ef959ce1e49cd05873dfb871cc9b0ade1bab46ea2fd98cb4283,estimated endpoint transferred from component-canonical parent classes,results/weight5_component_classes.jsonl,"$[[420,6,d\geq 5;\ \widehat d=6]]$"
current_component_class_w5,current,CSS,5,420,6,8,5,,8,False,interval,C,C,5,,8,False,0.0142857142857,0.914285714286,,0.914285714286,2,False,False,False,False,False,False,False,False,distance not exact,component canonicalized,connected component,True,CC-9afecfff14; CC-e6369400d5,2,campaign component quotient,component quotient,component-canonical class,CL-1c3813aa; CL-21aeb4fa; CL-7c720d75,9afecfff14b97f3d9a7018f14b9ca30401a3d1ed465b70c2a00e05ddb3a1e02b; e6369400d515aed4b8def925cfc181c5040f1bb1a9a4c079152dc3fce7188d7e,estimated endpoint transferred from component-canonical parent classes,results/weight5_component_classes.jsonl,"$[[420,6,d\geq 5;\ \widehat d=8]]$"
current_component_class_w5,current,CSS,5,420,6,10,5,,10,False,interval,C,C,5,,10,False,0.0142857142857,1.42857142857,,1.42857142857,2,False,False,False,False,False,False,False,False,distance not exact,component canonicalized,connected component,True,CC-cc38413fa6; CC-f54d747229,2,campaign component quotient,component quotient,component-canonical class,CL-0ec9877d; CL-aa1f235d,cc38413fa6796b51dc9853b2fa405a5a44b141c7ac5ff4b2db01aa839522e4af; f54d74722969a577c229bdd93f1cafd5dafeed83507b397ab95ccfe28919436f,estimated endpoint transferred from component-canonical parent classes,results/weight5_component_classes.jsonl,"$[[420,6,d\geq 5;\ \widehat d=10]]$"
current_component_class_w5,current,CSS,5,420,6,13,5,13,,True,interval,C,C,5,13,,True,0.0142857142857,2.41428571429,2.41428571429,,1,False,False,False,False,False,False,False,False,distance not exact,component canonicalized,connected component,True,CC-56df6cb87e,1,campaign component quotient,component quotient,component-canonical class,CL-54d0129e,56df6cb87e06b981503aca6889e58a0e4d521cf8d82221884af08824c4b4cbaf,supported distance bound transferred from component-canonical parent classes,results/weight5_component_classes.jsonl,"$[[420,6,5\leq d\leq 13]]$"
current_component_class_w5,current,CSS,5,420,6,13,5,,13,False,interval,C,C,5,,13,False,0.0142857142857,2.41428571429,,2.41428571429,2,False,False,False,False,False,False,False,False,distance not exact,component canonicalized,connected component,True,CC-c7338c7c6e; CC-e1645b2e9e,2,campaign component quotient,component quotient,component-canonical class,CL-4f88e824; CL-8ba9617f,c7338c7c6e4fdbede3968cfce3b6b7f262104a5adde11d752a68c14eaaf4586b; e1645b2e9e0ad30db036044a15c1aaa0ff06225d4ed4f8b8a9f3ae5c7ab04748,estimated endpoint transferred from component-canonical parent classes,results/weight5_component_classes.jsonl,"$[[420,6,d\geq 5;\ \widehat d=13]]$"
current_component_class_w5,current,CSS,5,420,6,14,5,14,,True,interval,C,C,5,14,,True,0.0142857142857,2.8,2.8,,1,False,False,False,False,False,False,False,False,distance not exact,component canonicalized,connected component,True,CC-8aa9adace7,1,campaign component quotient,component quotient,component-canonical class,CL-85245770,8aa9adace7701db5e11e5834d60b397a15537c916eeaab93c42d0e8a405a1d68,supported distance bound transferred from component-canonical parent classes,results/weight5_component_classes.jsonl,"$[[420,6,5\leq d\leq 14]]$"
current_component_class_w5,current,CSS,5,420,6,15,5,15,,True,interval,C,C,5,15,,True,0.0142857142857,3.21428571429,3.21428571429,,1,False,False,False,False,False,False,False,False,distance not exact,component canonicalized,connected component,True,CC-2cac727b2f,1,campaign component quotient,component quotient,component-canonical class,CL-acd29413,2cac727b2ff34cd6b5b12239d159f0c776cbe517db9c00e4b4324f46523cfde8,supported distance bound transferred from component-canonical parent classes,results/weight5_component_classes.jsonl,"$[[420,6,5\leq d\leq 15]]$"
current_component_class_w5,current,CSS,5,420,6,15,5,,15,False,interval,C,C,5,,15,False,0.0142857142857,3.21428571429,,3.21428571429,5,False,False,False,False,False,False,False,False,distance not exact,component canonicalized,connected component,True,CC-3770e0ec6d; CC-aa1d3b8455; CC-acfbfa9efa; CC-b981c45de7; CC-fd1b6a075b,5,campaign component quotient,component quotient,component-canonical class,CL-2530c11b; CL-69bf71ea; CL-735d8776; CL-bc646161; CL-f7a6bc43,3770e0ec6df138103945bc07f9e5dc44b31dfd754c7f493a7e5070d0ca813378; aa1d3b8455bb4e1a1ee7ebe47a6c2ba58758756b86af264e6a9b41a11a209225; acfbfa9efad02199cfd6db4a6f5da20230eb275d758875f2238d4de74cb89b4c; b981c45de7bf0bab1d8299aa61e3e94b19018d15aeadab55edbcce23b9448b70; fd1b6a075b3683d3456669ae0e70a0e329c99cae359534489ed2f19a7c1f35bc,estimated endpoint transferred from component-canonical parent classes,results/weight5_component_classes.jsonl,"$[[420,6,d\geq 5;\ \widehat d=15]]$"
current_component_class_w5,current,CSS,5,420,6,16,5,16,,True,interval,C,C,5,16,,True,0.0142857142857,3.65714285714,3.65714285714,,1,False,False,False,False,False,False,False,False,distance not exact,component canonicalized,connected component,True,CC-afc6763435,1,campaign component quotient,component quotient,component-canonical class,CL-dcca76b0,afc67634351333790c1aa64bb7e2e4caf85450c576f7c34545c9850cdd99d44c,supported distance bound transferred from component-canonical parent classes,results/weight5_component_classes.jsonl,"$[[420,6,5\leq d\leq 16]]$"
current_component_class_w5,current,CSS,5,420,8,7,5,,7,False,interval,C,C,5,,7,False,0.0190476190476,0.933333333333,,0.933333333333,1,False,False,False,False,False,False,False,False,distance not exact,component canonicalized,connected component,True,CC-99eb775658,1,campaign component quotient,component quotient,component-canonical class,CL-263c4ed6,99eb775658a1684e7fc6cc0bd8530745052ddd8eab89aabb6bac6cbb264d04dc,estimated endpoint transferred from component-canonical parent classes,results/weight5_component_classes.jsonl,"$[[420,8,d\geq 5;\ \widehat d=7]]$"
current_component_class_w5,current,CSS,5,420,8,13,5,13,,True,interval,C,C,5,13,,True,0.0190476190476,3.21904761905,3.21904761905,,2,False,False,False,False,False,False,False,False,distance not exact,component canonicalized,connected component,True,CC-373428bf08; CC-a76c362342,2,campaign component quotient,component quotient,component-canonical class,CL-4a95cc39; CL-d192c3d1,373428bf086d909571a2e42ada2e005e0cb633daa5a8872a601e2367e09327b9; a76c3623428dba7094a422651b32b05e7d63901fd868fc30505eaeba2628a340,supported distance bound transferred from component-canonical parent classes,results/weight5_component_classes.jsonl,"$[[420,8,5\leq d\leq 13]]$"
current_component_class_w5,current,CSS,5,420,8,14,5,,14,False,interval,C,C,5,,14,False,0.0190476190476,3.73333333333,,3.73333333333,4,False,False,False,False,False,False,False,False,distance not exact,component canonicalized,connected component,True,CC-1c1544d965; CC-5b925d8330; CC-7ecd69b6cb; CC-82aae90910,4,campaign component quotient,component quotient,component-canonical class,CL-576cc4f9; CL-5e7d0343; CL-e2918556; CL-eb460c33,1c1544d9652c6570610036e911522d65a9c47750132f0238246103434332a32c; 5b925d83302af673546c251078cb51bfbeda8cd9208a060e565fd1d0f2d7702c; 7ecd69b6cb36cabf1931991f426488bb09c6e3e1949dd106551903dac468f0e1; 82aae909105480dc5ad059e826c140491527530ccf20aeb65b95007935f02b4f,estimated endpoint transferred from component-canonical parent classes,results/weight5_component_classes.jsonl,"$[[420,8,d\geq 5;\ \widehat d=14]]$"
current_component_class_w5,current,CSS,5,420,10,5,5,5,,True,exact,E,E,5,5,,True,0.0238095238095,0.595238095238,0.595238095238,,1,False,False,False,False,False,False,False,True,,component canonicalized,connected component,True,CC-6087c810ff,1,campaign component quotient,component quotient,component-canonical class,CL-94086b72,6087c810ffe70ec4a2872d2d7b395e8f637ded248427a16aee0c36a9bc7a6e62,supported distance bound transferred from component-canonical parent classes,results/weight5_component_classes.jsonl,"$[[420,10,5]]$"
current_component_class_w5,current,CSS,5,420,10,10,5,,10,False,interval,C,C,5,,10,False,0.0238095238095,2.38095238095,,2.38095238095,1,False,False,False,False,False,False,False,False,distance not exact,component canonicalized,connected component,True,CC-0af5ce8343,1,campaign component quotient,component quotient,component-canonical class,CL-18ce8ea0,0af5ce8343a9f32bb8c28ae0edf8407eaa7c801ab108aa87b2271f7d8161271e,estimated endpoint transferred from component-canonical parent classes,results/weight5_component_classes.jsonl,"$[[420,10,d\geq 5;\ \widehat d=10]]$"
current_component_class_w5,current,CSS,5,432,4,4,4,4,,True,exact,E,E,4,4,,True,0.00925925925926,0.148148148148,0.148148148148,,1,False,False,False,False,False,False,False,True,,component canonicalized,connected component,True,CC-520820856c,1,campaign component quotient,component quotient,component-canonical class,CL-2de98d42,520820856c6350fc85f2fb7439a2f0971fd939246321e9786644938c6f0a48f7,supported distance bound transferred from component-canonical parent classes,results/weight5_component_classes.jsonl,"$[[432,4,4]]$"
current_component_class_w5,current,CSS,5,432,4,6,5,,6,False,interval,C,C,5,,6,False,0.00925925925926,0.333333333333,,0.333333333333,5,False,False,False,False,False,False,False,False,distance not exact,component canonicalized,connected component,True,CC-10a841370f; CC-1fefed834a; CC-73ac3bb282; CC-8dd062c01f; CC-dd468332ec,5,campaign component quotient,component quotient,component-canonical class,CL-0266a837; CL-1686f947; CL-4dc3dd1c; CL-481d459f; CL-7779d7b9; CL-b8e96f72; CL-d079538f; CL-5a1f8e7d; CL-9074474c,10a841370fe560da1d1aa86a7008ba344b2b950488bb19ca1b062864249691ac; 1fefed834a77eb5efba129581d47b7639a98d470e4b090f1a9d196f6e6541ce3; 73ac3bb28289160d31af3b02478a6c29d05766bf965beacfff3aeb54eb9c857c; 8dd062c01f7fbdcd3b922ade7eb98ec5703717dcad4b6542fd0da95bfb2526e6; dd468332ec24358fda71e3a7575bdbcc49a0e5899f081202bf3cc8b0b678034f,estimated endpoint transferred from component-canonical parent classes,results/weight5_component_classes.jsonl,"$[[432,4,d\geq 5;\ \widehat d=6]]$"
current_component_class_w5,current,CSS,5,432,4,8,5,,8,False,interval,C,C,5,,8,False,0.00925925925926,0.592592592593,,0.592592592593,3,False,False,False,False,False,False,False,False,distance not exact,component canonicalized,connected component,True,CC-06195bc620; CC-5ec79a2caa; CC-c5732157a1,3,campaign component quotient,component quotient,component-canonical class,CL-0ad5b376; CL-0f6d30a0; CL-4762a007; CL-67ae2165; CL-11f56764; CL-41a4208f; CL-541b8e2e; CL-74cae728; CL-8c97e795; CL-cecdd4e0; CL-f080de38; CL-3bee8f1a,06195bc620c2c7d05fd5ad8bb4aee5db3acb288511b2c8b6888f2c6ca951104f; 5ec79a2caa69aa184358525242a5723e42f6cd9f3e7d1e280afdfda2e17ec244; c5732157a16616d0e15e1161301f903381a1d9037aa97b2ccd85c596cc162ed2,estimated endpoint transferred from component-canonical parent classes,results/weight5_component_classes.jsonl,"$[[432,4,d\geq 5;\ \widehat d=8]]$"
current_component_class_w5,current,CSS,5,432,4,9,5,,9,False,interval,C,C,5,,9,False,0.00925925925926,0.75,,0.75,1,False,False,False,False,False,False,False,False,distance not exact,component canonicalized,connected component,True,CC-93ddec2ffa,1,campaign component quotient,component quotient,component-canonical class,CL-ed2078cc,93ddec2ffae3f39b82a9f09d4bbfd3129282d9f91b912ffd0b9b40a68f75e22a,estimated endpoint transferred from component-canonical parent classes,results/weight5_component_classes.jsonl,"$[[432,4,d\geq 5;\ \widehat d=9]]$"
current_component_class_w5,current,CSS,5,432,4,10,10,10,,True,exact,E,E,10,10,,True,0.00925925925926,0.925925925926,0.925925925926,,1,False,False,False,False,False,False,False,True,,component canonicalized,connected component,True,CC-34328062f5,1,campaign component quotient,component quotient,component-canonical class,CL-5be73e9c; CL-99b02885; CL-a78749f2; CL-afd67a34; CL-f334fecb,34328062f599529c227132c0235a293ea985330f775b5a56a5b1014b67078997,supported distance bound transferred from component-canonical parent classes,results/weight5_component_classes.jsonl,"$[[432,4,10]]$"
current_component_class_w5,current,CSS,5,432,4,12,5,,12,False,interval,C,C,5,,12,False,0.00925925925926,1.33333333333,,1.33333333333,10,False,False,False,False,False,False,False,False,distance not exact,component canonicalized,connected component,True,CC-08a97d335c; CC-1b69effb4a; CC-3034587346; CC-418342438f; CC-68ad14ec0b; CC-703caac4a3; CC-a36b988d9d; CC-a9b55880df; CC-bee0ee8bf1; CC-ef48674be6,10,campaign component quotient,component quotient,component-canonical class,CL-05950d9c; CL-3013bfee; CL-575c4633; CL-57ab2cf0; CL-bf010b59; CL-d128d426; CL-28f3c8be; CL-2c380f36; CL-2faf8b1a; CL-516d74b4; CL-59730d0d; CL-f861f46c; CL-373c7ffa; CL-4065bf35; CL-495ff19e; CL-6c6932a1; CL-7d5cd2d4; CL-ba633f94,08a97d335cd69fe3d4a99bc9b9ea3aaccdfc16e6102ae17491a74fe7e9f4f271; 1b69effb4a288e56ee42423fb7b0b93a35fbac5517e78e9468fa2d8c74df3633; 3034587346b5b0f3904a184ac8d054b3bdc8f16d4b1b9cb903767b15f3f527de; 418342438fd3a2a1614f77304d5af67dabded0e2794bace80fd2b4f442b4408e; 68ad14ec0bb8526cdb7369d2f6baca5d657a7bfb059bde2733110839a34ba711; 703caac4a365a6e9590cb56a2edd26d44e4441eb0b24916d86e5fe803b28f5c1; a36b988d9db762536ce83efed8900a14cce9c9d50073143ea16bb2717d975c2e; a9b55880df9a57708bc0f9f236a8b2ed3d3e2df59db378587d95514d259f1665; bee0ee8bf111a9a328e28117016308cfec113943ee05d520a0ad424d7bbbaf10; ef48674be6f5f4ba4f56fafd2da13cbb25668f144d87c34ea36548400b5f528b,estimated endpoint transferred from component-canonical parent classes,results/weight5_component_classes.jsonl,"$[[432,4,d\geq 5;\ \widehat d=12]]$"
current_component_class_w5,current,CSS,5,432,4,12,5,12,,True,interval,C,C,5,12,,True,0.00925925925926,1.33333333333,1.33333333333,,7,False,False,False,False,False,False,False,False,distance not exact,component canonicalized,connected component,True,CC-18b68234a3; CC-d393ffd76e; PC-2879065232; PC-3353393b76; PC-3c9464620a; PC-7f37e307a7; PC-85ea6fc119,7,campaign component quotient,component quotient,component-canonical class,CL-40a1f698; CL-50ab00d1; CL-6e6caeb4; CL-89827bd2; PL-1713aed5; PL-1820300c; PL-3a6796de; PL-7bf37fbb; PL-71c11b15; PL-7bcb9ee6; PL-8f03e9a5,18b68234a3c7e5fc55914002d6b5f2e602df924b6aba872c55174619489304e5; 28790652324849e84d1243ded138106135638833b35150c3ecb8ab413a004b80; 3353393b764d0371b2cc1d0f6c82ac19c05db6d111546559ea5785ee9b506683; 3c9464620a9709222900e80ae64be942f12f4f29a15d7ef9db338f1e57db1512; 7f37e307a745e3b6adfd35687d0c21fafcf68e0726160c3b0f035070e9133cf9; 85ea6fc11937486b930b5a2688ee713c89a182de3e915d0d946af419e1e56051; d393ffd76e6b96c906f37137e44e1d2f33375b054158dbcdf44d5e2af06e0270,supported distance bound transferred from component-canonical parent classes,results/weight5_component_classes.jsonl,"$[[432,4,5\leq d\leq 12]]$"
current_component_class_w5,current,CSS,5,432,4,15,5,,15,False,interval,C,C,5,,15,False,0.00925925925926,2.08333333333,,2.08333333333,1,False,False,False,False,False,False,False,False,distance not exact,component canonicalized,connected component,True,CC-85eb531b74,1,campaign component quotient,component quotient,component-canonical class,CL-27d64c86; CL-31bd01b9; CL-52f27103; CL-5fba4f58; CL-63846187; CL-7a6583b3; CL-a2c75214,85eb531b740e91796cdb9b3d6a13aee7ef19c041893d84a69e80d686fa63df4f,estimated endpoint transferred from component-canonical parent classes,results/weight5_component_classes.jsonl,"$[[432,4,d\geq 5;\ \widehat d=15]]$"
current_component_class_w5,current,CSS,5,432,4,16,5,,16,False,interval,C,C,5,,16,False,0.00925925925926,2.37037037037,,2.37037037037,3,False,False,False,False,False,False,False,False,distance not exact,component canonicalized,connected component,True,CC-4617ed22e2; CC-8e6d9bad18; CC-c007e92ce7,3,campaign component quotient,component quotient,component-canonical class,CL-4d582597; CL-530a0abf; CL-641bf737; CL-c562025d; CL-754eef8b; CL-78b51cab; CL-d78337f6,4617ed22e2274f7077c0d5318db42b765e8674b62d0c2cb694c4d92eea5db773; 8e6d9bad18d666ace3bacf86384a3ddb43a7fde51251718bea724aba3da4a5df; c007e92ce7d796b371690fdd8da08e741f93f7c48039b681c6e6bdac7f0d4ef6,estimated endpoint transferred from component-canonical parent classes,results/weight5_component_classes.jsonl,"$[[432,4,d\geq 5;\ \widehat d=16]]$"
current_component_class_w5,current,CSS,5,432,4,16,5,16,,True,interval,C,C,5,16,,True,0.00925925925926,2.37037037037,2.37037037037,,1,False,False,False,False,False,False,False,False,distance not exact,component canonicalized,connected component,True,CC-93d390ebec,1,campaign component quotient,component quotient,component-canonical class,CL-5e1d4e3b,93d390ebec42c962760bdbb40bdb13661039078456dd3b353104e7a670e547dd,supported distance bound transferred from component-canonical parent classes,results/weight5_component_classes.jsonl,"$[[432,4,5\leq d\leq 16]]$"
current_component_class_w5,current,CSS,5,432,4,18,5,,18,False,interval,C,C,5,,18,False,0.00925925925926,3,,3,14,False,False,False,False,False,False,False,False,distance not exact,component canonicalized,connected component,True,CC-166ed3ca10; CC-2742aaf126; CC-652a3ad92b; CC-788f9f1fe0; CC-8100e8d937; CC-9e37e51025; CC-a4211e860e; CC-b52e22c9d7; CC-bad5acdd42; CC-c252feb4f3; CC-c821f6e87e; CC-cccbbb485a; CC-d85a1b2934; CC-edab1cbf1c,14,campaign component quotient,component quotient,component-canonical class,CL-0f1284f8; CL-2c48572e; CL-85dac287; CL-93045f02; CL-2e0cf084; CL-372589cc; CL-717400ff; CL-7d71a5f7; CL-9b2cfe69; CL-a2742d87; CL-a29790f4; CL-a9dbd153; CL-ca478963; CL-4961ba0d; CL-582ece9e; CL-64d76631; CL-70597c08; CL-7b37e7a6; CL-888cfcaa; CL-935f70e2; CL-9687b770; CL-ca8fe696; CL-e1a8fb45; CL-c459a3a7; CL-e206740e,166ed3ca100a6549f31bac772b5c912bb5daf3e57e983a9fe1785d84e2aaffd9; 2742aaf12640ae8037d253ac6f40efae72a4151a3a82f65a25f763dd6437e5da; 652a3ad92b72f981aae3e7b9d1d33340f04fcf74209123a51768650634cdc240; 788f9f1fe0d791325c468c346c0714787365449e767f62ac89751158b1c9b942; 8100e8d9377a2894aa137be4a161882491d9308d3e2642b3a91e50bf34838102; 9e37e51025eed1592de1cfdcbde5df4b15f39969ea8beada06b81b7f02209e33; a4211e860e1b14e9bcf2ed89a82f594100f3f3d3ef6b4dec8dbb565fad8a28e1; b52e22c9d7088399348e8a9880ccd6b447f7ddeb2108ee5a4caa19ee3204225f; bad5acdd42d034a75711aff20e684da148d3cd56828ceaf19c16b786851919ab; c252feb4f32f2b1f97202dd92390820dc727f9c29b134a1d4d94d961712ee6c9; c821f6e87e9a66223fdae8d4d21fc4689f7d6048aac436e99bdbc4be5e52a139; cccbbb485a0e47ff502698d31c45a8f934127cd1b0240aa1ed3bd215793dadc7; d85a1b29343dfbfb5c8d45dba9b5feeb0ea3beddd44ccf371d8da7a561f6803a; edab1cbf1c9ed3dff9afe07e482b1ba6fdb63058d8ac39e6f6cc523a5f5a770b,estimated endpoint transferred from component-canonical parent classes,results/weight5_component_classes.jsonl,"$[[432,4,d\geq 5;\ \widehat d=18]]$"
current_component_class_w5,current,CSS,5,432,4,22,5,,22,False,interval,C,C,5,,22,False,0.00925925925926,4.48148148148,,4.48148148148,4,False,False,False,False,False,False,False,False,distance not exact,component canonicalized,connected component,True,CC-0b2de665db; CC-4861fdd443; CC-740742faed; CC-bb651c6e00,4,campaign component quotient,component quotient,component-canonical class,CL-00d3b304; CL-ac793cd4; CL-2cf3ba31; CL-960fac4a; CL-b58f52c9,0b2de665dbdd86dbc59c2f07559a11b0422465fca1d183380959cc5f5410174f; 4861fdd443b99423b47ed1bdc38991255a8aff8b0ebd9499ccd27111fbc520c0; 740742faed606de55b7834764e125b4dbd4a8cef58ec9400bf393355ff244c06; bb651c6e0007cee6c684ea03021d44ee3aa2100e297bff7a2fcc63f56ffa3d68,estimated endpoint transferred from component-canonical parent classes,results/weight5_component_classes.jsonl,"$[[432,4,d\geq 5;\ \widehat d=22]]$"
current_component_class_w5,current,CSS,5,432,4,23,5,23,,True,interval,C,C,5,23,,True,0.00925925925926,4.89814814815,4.89814814815,,1,False,False,False,False,False,False,False,False,distance not exact,component canonicalized,connected component,True,CC-9efa3eab1a,1,campaign component quotient,component quotient,component-canonical class,CL-f5754da6,9efa3eab1aa5de208f3a126c5991ad9662ab7ae0ea642c918b7bc981607355d0,supported distance bound transferred from component-canonical parent classes,results/weight5_component_classes.jsonl,"$[[432,4,5\leq d\leq 23]]$"
current_component_class_w5,current,CSS,5,432,8,9,5,,9,False,interval,C,C,5,,9,False,0.0185185185185,1.5,,1.5,1,False,False,False,False,False,False,False,False,distance not exact,component canonicalized,connected component,True,CC-2a12b16943,1,campaign component quotient,component quotient,component-canonical class,CL-1aaa038c,2a12b1694392e08648c1f09674e8376c26024dd866021b0e3b28f3835a4ac83d,estimated endpoint transferred from component-canonical parent classes,results/weight5_component_classes.jsonl,"$[[432,8,d\geq 5;\ \widehat d=9]]$"
current_component_class_w5,current,CSS,5,432,8,13,5,,13,False,interval,C,C,5,,13,False,0.0185185185185,3.12962962963,,3.12962962963,1,False,False,False,False,False,False,False,False,distance not exact,component canonicalized,connected component,True,CC-9427216fc9,1,campaign component quotient,component quotient,component-canonical class,CL-9adf9c82,9427216fc90124d4fa919673a88c22ce9576c861c13ee82820456946d829c1ad,estimated endpoint transferred from component-canonical parent classes,results/weight5_component_classes.jsonl,"$[[432,8,d\geq 5;\ \widehat d=13]]$"
current_component_class_w5,current,CSS,5,432,8,14,5,14,,True,interval,C,C,5,14,,True,0.0185185185185,3.62962962963,3.62962962963,,1,False,False,False,False,False,False,False,False,distance not exact,component canonicalized,connected component,True,CC-206d266349,1,campaign component quotient,component quotient,component-canonical class,CL-a4b8c21d,206d2663496556f159c4248fefbf8197cdea93062d58ddfd8deafbbbb5a517f1,supported distance bound transferred from component-canonical parent classes,results/weight5_component_classes.jsonl,"$[[432,8,5\leq d\leq 14]]$"
current_component_class_w5,current,CSS,5,432,8,15,5,15,,True,interval,C,C,5,15,,True,0.0185185185185,4.16666666667,4.16666666667,,1,False,False,False,False,False,False,False,False,distance not exact,component canonicalized,connected component,True,CC-b6a8f8ca19,1,campaign component quotient,component quotient,component-canonical class,CL-ab07a1d1,b6a8f8ca1919bfbbec3e3595cbbd35cd611a1185d33004c71d537a6aaecf3771,supported distance bound transferred from component-canonical parent classes,results/weight5_component_classes.jsonl,"$[[432,8,5\leq d\leq 15]]$"
prior_css_w6,prior,CSS,6,12,4,2,2,2,,True,exact,,,,,,,0.333333333333,1.33333333333,1.33333333333,,24,False,False,False,True,False,False,False,False,distance at most two,derived connected component,"12x[[12,4]]; 24x[[12,4]]; 30x[[12,4]]",True,not audited,0,not applicable,,component of audited prior campaign parent,,,MILP certificate,results/campaign4_milp_verified.jsonl,"$[[12,4,2]]$"
prior_css_w6,prior,CSS,6,12,4,4,,4,,True,upper_bound,,,,,,,0.333333333333,5.33333333333,5.33333333333,,2,False,False,False,False,True,False,False,False,distance not exact,derived connected component,"12x[[12,4]]",True,not audited,0,not applicable,,component of audited prior campaign parent,,,logical-operator witness (incomplete MILP or low-weight search),results/campaign4_milp_verified.jsonl,"$[[12,4,\leq 4]]$"
prior_css_w6,prior,CSS,6,18,4,2,2,2,,True,exact,,,,,,,0.222222222222,0.888888888889,0.888888888889,,13,False,False,False,False,False,False,False,False,distance at most two,derived connected component,"16x[[18,4]]; 8x[[18,4]]",True,not audited,0,not applicable,,component of audited prior campaign parent,,,MILP certificate,results/campaign4_milp_verified.jsonl,"$[[18,4,2]]$"
prior_css_w6,prior,CSS,6,18,4,4,,4,,True,upper_bound,,,,,,,0.222222222222,3.55555555556,3.55555555556,,16,False,False,False,False,False,False,False,False,distance not exact,derived connected component,"16x[[18,4]]; 20x[[18,4]]; 8x[[18,4]]",True,not audited,0,not applicable,,component of audited prior campaign parent,,,logical-operator witness (incomplete MILP or low-weight search),results/campaign4_milp_verified.jsonl,"$[[18,4,\leq 4]]$"
prior_css_w6,prior,CSS,6,18,8,2,2,2,,True,exact,,,,,,,0.444444444444,1.77777777778,1.77777777778,,9,False,False,False,False,False,False,False,False,distance at most two,derived connected component,"16x[[18,8]]; 20x[[18,8]]; 8x[[18,8]]",True,not audited,0,not applicable,,component of audited prior campaign parent,,,MILP certificate,results/campaign4_milp_verified.jsonl,"$[[18,8,2]]$"
prior_css_w6,prior,CSS,6,24,4,2,2,2,,True,exact,,,,,,,0.166666666667,0.666666666667,0.666666666667,,11,False,False,False,False,False,False,False,False,distance at most two,derived connected component,"12x[[24,4]]; 15x[[24,4]]; 6x[[24,4]]",True,not audited,0,not applicable,,component of audited prior campaign parent,,,MILP certificate,results/campaign4_milp_verified.jsonl,"$[[24,4,2]]$"
prior_css_w6,prior,CSS,6,24,4,4,4,4,,True,exact,,,,,,,0.166666666667,2.66666666667,2.66666666667,,5,False,False,False,False,False,False,False,True,,derived connected component,"12x[[24,4]]; 6x[[24,4]]",True,not audited,0,not applicable,,component of audited prior campaign parent,,,MILP certificate,results/campaign4_milp_verified.jsonl,"$[[24,4,4]]$"
prior_css_w6,prior,CSS,6,24,4,4,,4,,True,upper_bound,,,,,,,0.166666666667,2.66666666667,2.66666666667,,19,False,False,False,False,False,False,False,False,distance not exact,derived connected component,"12x[[24,4]]; 6x[[24,4]]",True,not audited,0,not applicable,,component of audited prior campaign parent,,,logical-operator witness (incomplete MILP or low-weight search),results/campaign4_milp_verified.jsonl,"$[[24,4,\leq 4]]$"
prior_css_w6,prior,CSS,6,30,4,2,2,2,,True,exact,,,,,,,0.133333333333,0.533333333333,0.533333333333,,2,False,False,False,False,False,False,False,False,distance at most two,derived connected component,"12x[[30,4]]",True,not audited,0,not applicable,,component of audited prior campaign parent,,,MILP certificate,results/campaign4_milp_verified.jsonl,"$[[30,4,2]]$"
prior_css_w6,prior,CSS,6,30,4,4,4,4,,True,exact,,,,,,,0.133333333333,2.13333333333,2.13333333333,,2,False,False,False,False,False,False,False,True,,derived connected component,"12x[[30,4]]",True,not audited,0,not applicable,,component of audited prior campaign parent,,,MILP certificate,results/campaign4_milp_verified.jsonl,"$[[30,4,4]]$"
prior_css_w6,prior,CSS,6,30,4,4,,4,,True,upper_bound,,,,,,,0.133333333333,2.13333333333,2.13333333333,,1,False,False,False,False,False,False,False,False,distance not exact,derived connected component,"12x[[30,4]]",True,not audited,0,not applicable,,component of audited prior campaign parent,,,logical-operator witness (incomplete MILP or low-weight search),results/campaign4_milp_verified.jsonl,"$[[30,4,\leq 4]]$"
prior_css_w6,prior,CSS,6,36,4,2,2,2,,True,exact,,,,,,,0.111111111111,0.444444444444,0.444444444444,,10,False,False,False,False,False,False,False,False,distance at most two,derived connected component,"10x[[36,4]]; 4x[[36,4]]; 8x[[36,4]]",True,not audited,0,not applicable,,component of audited prior campaign parent,,,MILP certificate,results/campaign4_milp_verified.jsonl,"$[[36,4,2]]$"
prior_css_w6,prior,CSS,6,36,4,4,4,4,,True,exact,,,,,,,0.111111111111,1.77777777778,1.77777777778,,9,False,False,False,False,False,False,False,True,,derived connected component,"4x[[36,4]]; 8x[[36,4]]",True,not audited,0,not applicable,,component of audited prior campaign parent,,,MILP certificate,results/campaign4_milp_verified.jsonl,"$[[36,4,4]]$"
prior_css_w6,prior,CSS,6,36,4,4,,4,,True,upper_bound,,,,,,,0.111111111111,1.77777777778,1.77777777778,,14,False,False,False,False,False,False,False,False,distance not exact,derived connected component,"10x[[36,4]]; 4x[[36,4]]; 8x[[36,4]]",True,not audited,0,not applicable,,component of audited prior campaign parent,,,logical-operator witness (incomplete MILP or low-weight search),results/campaign4_milp_verified.jsonl,"$[[36,4,\leq 4]]$"
prior_css_w6,prior,CSS,6,36,8,2,2,2,,True,exact,,,,,,,0.222222222222,0.888888888889,0.888888888889,,8,False,False,False,False,False,False,False,False,distance at most two,derived connected component,"10x[[36,8]]; 4x[[36,8]]; 8x[[36,8]]",True,not audited,0,not applicable,,component of audited prior campaign parent,,,MILP certificate,results/campaign4_milp_verified.jsonl,"$[[36,8,2]]$"
prior_css_w6,prior,CSS,6,36,8,4,,4,,True,upper_bound,,,,,,,0.222222222222,3.55555555556,3.55555555556,,23,False,False,False,False,False,False,False,False,distance not exact,derived connected component,"10x[[36,8]]; 4x[[36,8]]; 8x[[36,8]]",True,not audited,0,not applicable,,component of audited prior campaign parent,,,logical-operator witness (incomplete MILP or low-weight search),results/campaign4_milp_verified.jsonl,"$[[36,8,\leq 4]]$"
prior_css_w6,prior,CSS,6,48,4,2,2,2,,True,exact,,,,,,,0.0833333333333,0.333333333333,0.333333333333,,3,False,False,False,False,False,False,False,False,distance at most two,derived connected component,"6x[[48,4]]",True,not audited,0,not applicable,,component of audited prior campaign parent,,,MILP certificate,results/campaign4_milp_verified.jsonl,"$[[48,4,2]]$"
prior_css_w6,prior,CSS,6,48,4,4,4,4,,True,exact,,,,,,,0.0833333333333,1.33333333333,1.33333333333,,5,False,False,False,False,False,False,False,True,,derived connected component,"6x[[48,4]]",True,not audited,0,not applicable,,component of audited prior campaign parent,,,MILP certificate,results/campaign4_milp_verified.jsonl,"$[[48,4,4]]$"
prior_css_w6,prior,CSS,6,48,4,4,,4,,True,upper_bound,,,,,,,0.0833333333333,1.33333333333,1.33333333333,,2,False,False,False,False,False,False,False,False,distance not exact,derived connected component,"6x[[48,4]]",True,not audited,0,not applicable,,component of audited prior campaign parent,,,logical-operator witness (incomplete MILP or low-weight search),results/campaign4_milp_verified.jsonl,"$[[48,4,\leq 4]]$"
prior_css_w6,prior,CSS,6,48,4,6,6,6,,True,exact,,,,,,,0.0833333333333,3,3,,5,False,False,False,False,False,False,False,True,,derived connected component,"6x[[48,4]]",True,not audited,0,not applicable,,component of audited prior campaign parent,,,MILP certificate,results/campaign4_milp_verified.jsonl,"$[[48,4,6]]$"
prior_css_w6,prior,CSS,6,48,8,2,2,2,,True,exact,,,,,,,0.166666666667,0.666666666667,0.666666666667,,1,False,False,False,False,False,False,False,False,distance at most two,derived connected component,"3x[[48,8]]",True,not audited,0,not applicable,,component of audited prior campaign parent,,,MILP certificate,results/campaign4_milp_verified.jsonl,"$[[48,8,2]]$"
prior_css_w6,prior,CSS,6,48,8,4,4,4,,True,exact,,,,,,,0.166666666667,2.66666666667,2.66666666667,,8,False,False,False,False,False,False,False,True,,derived connected component,"3x[[48,8]]",True,not audited,0,not applicable,,component of audited prior campaign parent,,,MILP certificate,results/campaign4_milp_verified.jsonl,"$[[48,8,4]]$"
prior_css_w6,prior,CSS,6,48,8,4,,4,,True,upper_bound,,,,,,,0.166666666667,2.66666666667,2.66666666667,,4,False,False,False,False,False,False,False,False,distance not exact,derived connected component,"3x[[48,8]]",True,not audited,0,not applicable,,component of audited prior campaign parent,,,logical-operator witness (incomplete MILP or low-weight search),results/campaign4_milp_verified.jsonl,"$[[48,8,\leq 4]]$"
prior_css_w6,prior,CSS,6,60,4,2,2,2,,True,exact,,,,,,,0.0666666666667,0.266666666667,0.266666666667,,2,False,False,False,False,False,False,False,False,distance at most two,derived connected component,"6x[[60,4]]",True,not audited,0,not applicable,,component of audited prior campaign parent,,,MILP certificate,results/campaign4_milp_verified.jsonl,"$[[60,4,2]]$"
prior_css_w6,prior,CSS,6,60,4,4,4,4,,True,exact,,,,,,,0.0666666666667,1.06666666667,1.06666666667,,4,False,False,False,False,False,False,False,True,,derived connected component,"6x[[60,4]]",True,not audited,0,not applicable,,component of audited prior campaign parent,,,MILP certificate,results/campaign4_milp_verified.jsonl,"$[[60,4,4]]$"
prior_css_w6,prior,CSS,6,60,4,4,,4,,True,upper_bound,,,,,,,0.0666666666667,1.06666666667,1.06666666667,,3,False,False,False,False,False,False,False,False,distance not exact,derived connected component,"6x[[60,4]]",True,not audited,0,not applicable,,component of audited prior campaign parent,,,logical-operator witness (incomplete MILP or low-weight search),results/campaign4_milp_verified.jsonl,"$[[60,4,\leq 4]]$"
prior_css_w6,prior,CSS,6,60,4,6,6,6,,True,exact,,,,,,,0.0666666666667,2.4,2.4,,1,False,False,False,False,False,False,False,True,,derived connected component,"6x[[60,4]]",True,not audited,0,not applicable,,component of audited prior campaign parent,,,MILP certificate,results/campaign4_milp_verified.jsonl,"$[[60,4,6]]$"
prior_css_w6,prior,CSS,6,60,4,8,8,8,,True,exact,,,,,,,0.0666666666667,4.26666666667,4.26666666667,,1,False,False,False,False,False,False,False,True,,derived connected component,"6x[[60,4]]",True,not audited,0,not applicable,,component of audited prior campaign parent,,,MILP certificate,results/campaign4_milp_verified.jsonl,"$[[60,4,8]]$"
prior_css_w6,prior,CSS,6,72,4,2,2,2,,True,exact,,,,,,,0.0555555555556,0.222222222222,0.222222222222,,4,False,False,False,False,False,False,False,False,distance at most two,derived connected component,"4x[[72,4]]",True,not audited,0,not applicable,,component of audited prior campaign parent,,,MILP certificate,results/campaign4_milp_verified.jsonl,"$[[72,4,2]]$"
prior_css_w6,prior,CSS,6,72,4,4,4,4,,True,exact,,,,,,,0.0555555555556,0.888888888889,0.888888888889,,28,False,False,False,False,False,False,False,True,,derived connected component,"2x[[72,4]]; 4x[[72,4]]; 5x[[72,4]]",True,not audited,0,not applicable,,component of audited prior campaign parent,,,MILP certificate,results/campaign4_milp_verified.jsonl,"$[[72,4,4]]$"
prior_css_w6,prior,CSS,6,72,4,4,,4,,True,upper_bound,,,,,,,0.0555555555556,0.888888888889,0.888888888889,,3,False,False,False,False,False,False,False,False,distance not exact,derived connected component,"4x[[72,4]]",True,not audited,0,not applicable,,component of audited prior campaign parent,,,logical-operator witness (incomplete MILP or low-weight search),results/campaign4_milp_verified.jsonl,"$[[72,4,\leq 4]]$"
prior_css_w6,prior,CSS,6,72,4,6,6,6,,True,exact,,,,,,,0.0555555555556,2,2,,17,False,False,False,False,False,False,False,True,,derived connected component,"2x[[72,4]]; 4x[[72,4]]",True,not audited,0,not applicable,,component of audited prior campaign parent,,,MILP certificate,results/campaign4_milp_verified.jsonl,"$[[72,4,6]]$"
prior_css_w6,prior,CSS,6,72,4,6,,6,,True,upper_bound,,,,,,,0.0555555555556,2,2,,1,False,False,False,False,False,False,False,False,distance not exact,derived connected component,"5x[[72,4]]",True,not audited,0,not applicable,,component of audited prior campaign parent,,,ILP incumbent without a machine-readable optimality flag,results/ilp_catalog.json,"$[[72,4,\leq 6]]$"
prior_css_w6,prior,CSS,6,72,4,8,8,8,,True,exact,,,,,,,0.0555555555556,3.55555555556,3.55555555556,,13,False,False,False,False,False,False,False,True,,derived connected component,"2x[[72,4]]; 4x[[72,4]]; 5x[[72,4]]",True,not audited,0,not applicable,,component of audited prior campaign parent,,,MILP certificate,results/campaign4_milp_verified.jsonl,"$[[72,4,8]]$"
prior_css_w6,prior,CSS,6,72,8,2,2,2,,True,exact,,,,,,,0.111111111111,0.444444444444,0.444444444444,,8,False,False,False,False,False,False,False,False,distance at most two,derived connected component,"2x[[72,8]]; 4x[[72,8]]; 5x[[72,8]]",True,not audited,0,not applicable,,component of audited prior campaign parent,,,MILP certificate,results/campaign4_milp_verified.jsonl,"$[[72,8,2]]$"
prior_css_w6,prior,CSS,6,72,8,4,4,4,,True,exact,,,,,,,0.111111111111,1.77777777778,1.77777777778,,11,False,False,False,False,False,False,False,True,,derived connected component,"2x[[72,8]]",True,not audited,0,not applicable,,component of audited prior campaign parent,,,MILP certificate,results/campaign4_milp_verified.jsonl,"$[[72,8,4]]$"
prior_css_w6,prior,CSS,6,72,8,4,,4,,True,upper_bound,,,,,,,0.111111111111,1.77777777778,1.77777777778,,39,False,False,False,False,False,False,False,False,distance not exact,derived connected component,"2x[[72,8]]; 4x[[72,8]]; 5x[[72,8]]",True,not audited,0,not applicable,,component of audited prior campaign parent,,,logical-operator witness (incomplete MILP or low-weight search),results/campaign4_milp_verified.jsonl,"$[[72,8,\leq 4]]$"
prior_css_w6,prior,CSS,6,72,8,6,6,6,,True,exact,,,,,,,0.111111111111,4,4,,11,False,False,False,False,False,False,False,True,,derived connected component,"2x[[72,8]]; 4x[[72,8]]",True,not audited,0,not applicable,,component of audited prior campaign parent,,,MILP certificate,results/campaign4_milp_verified.jsonl,"$[[72,8,6]]$"
prior_css_w6,prior,CSS,6,72,8,8,8,8,,True,exact,,,,,,,0.111111111111,7.11111111111,7.11111111111,,5,False,False,False,True,False,True,True,True,,derived connected component,"2x[[72,8]]; 4x[[72,8]]",True,not audited,0,not applicable,,component of audited prior campaign parent,,,MILP certificate,results/campaign4_milp_verified.jsonl,"$[[72,8,8]]$"
prior_css_w6,prior,CSS,6,72,12,6,6,6,,True,exact,,,,,,,0.166666666667,6,6,,3,False,False,False,True,False,False,False,True,,derived connected component,"2x[[72,12]]; 4x[[72,12]]",True,not audited,0,not applicable,,component of audited prior campaign parent,,,MILP certificate; QEC Challenge exact-distance certificate,results/campaign4_milp_verified.jsonl; results/ilp_catalog.json; QEC Challenge 3b50503b (codes/144-24-6.json),"$[[72,12,6]]$"
prior_css_w6,prior,CSS,6,72,16,2,2,2,,True,exact,,,,,,,0.222222222222,0.888888888889,0.888888888889,,2,False,False,False,False,False,False,False,False,distance at most two,derived connected component,"2x[[72,16]]",True,not audited,0,not applicable,,component of audited prior campaign parent,,,MILP certificate,results/campaign4_milp_verified.jsonl,"$[[72,16,2]]$"
prior_css_w6,prior,CSS,6,90,4,4,4,4,,True,exact,,,,,,,0.0444444444444,0.711111111111,0.711111111111,,2,False,False,False,False,False,False,False,True,,derived connected component,"4x[[90,4]]",True,not audited,0,not applicable,,component of audited prior campaign parent,,,MILP certificate,results/campaign4_milp_verified.jsonl,"$[[90,4,4]]$"
prior_css_w6,prior,CSS,6,90,4,4,,4,,True,upper_bound,,,,,,,0.0444444444444,0.711111111111,0.711111111111,,5,False,False,False,False,False,False,False,False,distance not exact,derived connected component,"4x[[90,4]]",True,not audited,0,not applicable,,component of audited prior campaign parent,,,logical-operator witness (incomplete MILP or low-weight search),results/campaign4_milp_verified.jsonl,"$[[90,4,\leq 4]]$"
prior_css_w6,prior,CSS,6,90,4,6,6,6,,True,exact,,,,,,,0.0444444444444,1.6,1.6,,1,False,False,False,False,False,False,False,True,,derived connected component,"4x[[90,4]]",True,not audited,0,not applicable,,component of audited prior campaign parent,,,MILP certificate,results/campaign4_milp_verified.jsonl,"$[[90,4,6]]$"
prior_css_w6,prior,CSS,6,90,4,8,8,8,,True,exact,,,,,,,0.0444444444444,2.84444444444,2.84444444444,,1,False,False,False,False,False,False,False,True,,derived connected component,"4x[[90,4]]",True,not audited,0,not applicable,,component of audited prior campaign parent,,,MILP certificate,results/campaign4_milp_verified.jsonl,"$[[90,4,8]]$"
prior_css_w6,prior,CSS,6,90,4,10,10,10,,True,exact,,,,,,,0.0444444444444,4.44444444444,4.44444444444,,1,False,False,False,False,False,False,False,True,,derived connected component,"4x[[90,4]]",True,not audited,0,not applicable,,component of audited prior campaign parent,,,MILP certificate,results/campaign4_milp_verified.jsonl,"$[[90,4,10]]$"
prior_css_w6,prior,CSS,6,90,8,2,2,2,,True,exact,,,,,,,0.0888888888889,0.355555555556,0.355555555556,,2,False,False,False,False,False,False,False,False,distance at most two,derived connected component,"4x[[90,8]]",True,not audited,0,not applicable,,component of audited prior campaign parent,,,MILP certificate,results/campaign4_milp_verified.jsonl,"$[[90,8,2]]$"
prior_css_w6,prior,CSS,6,90,8,4,4,4,,True,exact,,,,,,,0.0888888888889,1.42222222222,1.42222222222,,1,False,False,False,False,False,False,False,True,,derived connected component,"4x[[90,8]]",True,not audited,0,not applicable,,component of audited prior campaign parent,,,MILP certificate,results/campaign4_milp_verified.jsonl,"$[[90,8,4]]$"
prior_css_w6,prior,CSS,6,90,8,4,,4,,True,upper_bound,,,,,,,0.0888888888889,1.42222222222,1.42222222222,,6,False,False,False,False,False,False,False,False,distance not exact,derived connected component,"4x[[90,8]]",True,not audited,0,not applicable,,component of audited prior campaign parent,,,logical-operator witness (incomplete MILP or low-weight search),results/campaign4_milp_verified.jsonl,"$[[90,8,\leq 4]]$"
prior_css_w6,prior,CSS,6,90,16,2,2,2,,True,exact,,,,,,,0.177777777778,0.711111111111,0.711111111111,,2,False,False,False,False,False,False,False,False,distance at most two,derived connected component,"4x[[90,16]]",True,not audited,0,not applicable,,component of audited prior campaign parent,,,MILP certificate,results/campaign4_milp_verified.jsonl,"$[[90,16,2]]$"
prior_css_w6,prior,CSS,6,96,4,2,2,2,,True,exact,,,,,,,0.0416666666667,0.166666666667,0.166666666667,,1,False,False,False,False,False,False,False,False,distance at most two,derived connected component,"3x[[96,4]]",True,not audited,0,not applicable,,component of audited prior campaign parent,,,MILP certificate,results/campaign4_milp_verified.jsonl,"$[[96,4,2]]$"
prior_css_w6,prior,CSS,6,96,4,4,4,4,,True,exact,,,,,,,0.0416666666667,0.666666666667,0.666666666667,,7,False,False,False,False,False,False,False,True,,derived connected component,"3x[[96,4]]",True,not audited,0,not applicable,,component of audited prior campaign parent,,,MILP certificate,results/campaign4_milp_verified.jsonl,"$[[96,4,4]]$"
prior_css_w6,prior,CSS,6,96,4,4,,4,,True,upper_bound,,,,,,,0.0416666666667,0.666666666667,0.666666666667,,2,False,False,False,False,False,False,False,False,distance not exact,derived connected component,"3x[[96,4]]",True,not audited,0,not applicable,,component of audited prior campaign parent,,,logical-operator witness (incomplete MILP or low-weight search),results/campaign4_milp_verified.jsonl,"$[[96,4,\leq 4]]$"
prior_css_w6,prior,CSS,6,96,4,6,6,6,,True,exact,,,,,,,0.0416666666667,1.5,1.5,,1,False,False,False,False,False,False,False,True,,derived connected component,"3x[[96,4]]",True,not audited,0,not applicable,,component of audited prior campaign parent,,,MILP certificate,results/campaign4_milp_verified.jsonl,"$[[96,4,6]]$"
prior_css_w6,prior,CSS,6,96,4,8,8,8,,True,exact,,,,,,,0.0416666666667,2.66666666667,2.66666666667,,9,False,False,False,False,False,False,False,True,,derived connected component,"3x[[96,4]]",True,not audited,0,not applicable,,component of audited prior campaign parent,,,MILP certificate,results/campaign4_milp_verified.jsonl,"$[[96,4,8]]$"
prior_css_w6,prior,CSS,6,96,8,2,2,2,,True,exact,,,,,,,0.0833333333333,0.333333333333,0.333333333333,,1,False,False,False,False,False,False,False,False,distance at most two,derived connected component,"3x[[96,8]]",True,not audited,0,not applicable,,component of audited prior campaign parent,,,MILP certificate,results/campaign4_milp_verified.jsonl,"$[[96,8,2]]$"
prior_css_w6,prior,CSS,6,96,8,4,4,4,,True,exact,,,,,,,0.0833333333333,1.33333333333,1.33333333333,,1,False,False,False,False,False,False,False,True,,derived connected component,"3x[[96,8]]",True,not audited,0,not applicable,,component of audited prior campaign parent,,,MILP certificate,results/campaign4_milp_verified.jsonl,"$[[96,8,4]]$"
prior_css_w6,prior,CSS,6,96,8,4,,4,,True,upper_bound,,,,,,,0.0833333333333,1.33333333333,1.33333333333,,2,False,False,False,False,False,False,False,False,distance not exact,derived connected component,"3x[[96,8]]",True,not audited,0,not applicable,,component of audited prior campaign parent,,,logical-operator witness (incomplete MILP or low-weight search),results/campaign4_milp_verified.jsonl,"$[[96,8,\leq 4]]$"
prior_css_w6,prior,CSS,6,96,8,6,6,6,,True,exact,,,,,,,0.0833333333333,3,3,,2,False,False,False,False,False,False,False,True,,derived connected component,"3x[[96,8]]",True,not audited,0,not applicable,,component of audited prior campaign parent,,,MILP certificate,results/campaign4_milp_verified.jsonl,"$[[96,8,6]]$"
prior_css_w6,prior,CSS,6,96,12,6,6,6,,True,exact,,,,,,,0.125,4.5,4.5,,1,False,False,False,False,False,False,False,True,,derived connected component,"3x[[96,12]]",True,not audited,0,not applicable,,component of audited prior campaign parent,,,MILP certificate,results/campaign4_milp_verified.jsonl,"$[[96,12,6]]$"
prior_css_w6,prior,CSS,6,96,16,2,2,2,,True,exact,,,,,,,0.166666666667,0.666666666667,0.666666666667,,2,False,False,False,False,False,False,False,False,distance at most two,derived connected component,"3x[[96,16]]",True,not audited,0,not applicable,,component of audited prior campaign parent,,,MILP certificate,results/campaign4_milp_verified.jsonl,"$[[96,16,2]]$"
prior_css_w6,prior,CSS,6,96,16,4,,4,,True,upper_bound,,,,,,,0.166666666667,2.66666666667,2.66666666667,,2,False,False,False,False,False,False,False,False,distance not exact,derived connected component,"3x[[96,16]]",True,not audited,0,not applicable,,component of audited prior campaign parent,,,logical-operator witness (incomplete MILP or low-weight search),results/campaign4_milp_verified.jsonl,"$[[96,16,\leq 4]]$"
prior_css_w6,prior,CSS,6,120,4,4,,4,,True,upper_bound,,,,,,,0.0333333333333,0.533333333333,0.533333333333,,2,False,False,False,False,False,False,False,False,distance not exact,derived connected component,"3x[[120,4]]",True,not audited,0,not applicable,,component of audited prior campaign parent,,,logical-operator witness (incomplete MILP or low-weight search),results/campaign4_milp_verified.jsonl,"$[[120,4,\leq 4]]$"
prior_css_w6,prior,CSS,6,120,4,6,6,6,,True,exact,,,,,,,0.0333333333333,1.2,1.2,,2,False,False,False,False,False,False,False,True,,derived connected component,"3x[[120,4]]",True,not audited,0,not applicable,,component of audited prior campaign parent,,,MILP certificate,results/campaign4_milp_verified.jsonl,"$[[120,4,6]]$"
prior_css_w6,prior,CSS,6,120,4,8,8,8,,True,exact,,,,,,,0.0333333333333,2.13333333333,2.13333333333,,2,False,False,False,False,False,False,False,True,,derived connected component,"3x[[120,4]]",True,not audited,0,not applicable,,component of audited prior campaign parent,,,MILP certificate,results/campaign4_milp_verified.jsonl,"$[[120,4,8]]$"
prior_css_w6,prior,CSS,6,120,4,12,,12,,True,upper_bound,,,,,,,0.0333333333333,4.8,4.8,,1,False,False,False,False,False,False,False,False,distance not exact,derived connected component,"3x[[120,4]]",True,not audited,0,not applicable,,component of audited prior campaign parent,,,logical-operator witness (incomplete MILP or low-weight search),results/campaign4_milp_verified.jsonl,"$[[120,4,\leq 12]]$"
prior_css_w6,prior,CSS,6,120,8,2,2,2,,True,exact,,,,,,,0.0666666666667,0.266666666667,0.266666666667,,2,False,False,False,False,False,False,False,False,distance at most two,derived connected component,"3x[[120,8]]",True,not audited,0,not applicable,,component of audited prior campaign parent,,,MILP certificate,results/campaign4_milp_verified.jsonl,"$[[120,8,2]]$"
prior_css_w6,prior,CSS,6,120,8,4,4,4,,True,exact,,,,,,,0.0666666666667,1.06666666667,1.06666666667,,4,False,False,False,False,False,False,False,True,,derived connected component,"3x[[120,8]]",True,not audited,0,not applicable,,component of audited prior campaign parent,,,MILP certificate,results/campaign4_milp_verified.jsonl,"$[[120,8,4]]$"
prior_css_w6,prior,CSS,6,120,8,4,,4,,True,upper_bound,,,,,,,0.0666666666667,1.06666666667,1.06666666667,,1,False,False,False,False,False,False,False,False,distance not exact,derived connected component,"3x[[120,8]]",True,not audited,0,not applicable,,component of audited prior campaign parent,,,logical-operator witness (incomplete MILP or low-weight search),results/campaign4_milp_verified.jsonl,"$[[120,8,\leq 4]]$"
prior_css_w6,prior,CSS,6,120,8,6,6,6,,True,exact,,,,,,,0.0666666666667,2.4,2.4,,2,False,False,False,False,False,False,False,True,,derived connected component,"3x[[120,8]]",True,not audited,0,not applicable,,component of audited prior campaign parent,,,MILP certificate,results/campaign4_milp_verified.jsonl,"$[[120,8,6]]$"
prior_css_w6,prior,CSS,6,120,8,8,8,8,,True,exact,,,,,,,0.0666666666667,4.26666666667,4.26666666667,,4,False,False,False,False,False,False,False,True,,derived connected component,"3x[[120,8]]",True,not audited,0,not applicable,,component of audited prior campaign parent,,,MILP certificate,results/campaign4_milp_verified.jsonl,"$[[120,8,8]]$"
prior_css_w6,prior,CSS,6,120,8,10,10,10,,True,exact,,,,,,,0.0666666666667,6.66666666667,6.66666666667,,1,False,False,False,False,False,False,False,True,,derived connected component,"3x[[120,8]]",True,not audited,0,not applicable,,component of audited prior campaign parent,,,MILP certificate,results/campaign4_milp_verified.jsonl,"$[[120,8,10]]$"
prior_css_w6,prior,CSS,6,120,16,2,2,2,,True,exact,,,,,,,0.133333333333,0.533333333333,0.533333333333,,1,False,False,False,False,False,False,False,False,distance at most two,derived connected component,"3x[[120,16]]",True,not audited,0,not applicable,,component of audited prior campaign parent,,,MILP certificate,results/campaign4_milp_verified.jsonl,"$[[120,16,2]]$"
prior_css_w6,prior,CSS,6,144,4,2,2,2,,True,exact,,,,,,,0.0277777777778,0.111111111111,0.111111111111,,1,False,False,False,False,False,False,False,False,distance at most two,derived connected component,"2x[[144,4]]",True,not audited,0,not applicable,,component of audited prior campaign parent,,,MILP certificate,results/campaign4_milp_verified.jsonl,"$[[144,4,2]]$"
prior_css_w6,prior,CSS,6,144,4,4,4,4,,True,exact,,,,,,,0.0277777777778,0.444444444444,0.444444444444,,1,False,False,False,False,False,False,False,True,,derived connected component,"2x[[144,4]]",True,not audited,0,not applicable,,component of audited prior campaign parent,,,MILP certificate,results/campaign4_milp_verified.jsonl,"$[[144,4,4]]$"
prior_css_w6,prior,CSS,6,144,4,6,6,6,,True,exact,,,,,,,0.0277777777778,1,1,,5,False,False,False,False,False,False,False,True,,derived connected component,"2x[[144,4]]",True,not audited,0,not applicable,,component of audited prior campaign parent,,,MILP certificate,results/campaign4_milp_verified.jsonl,"$[[144,4,6]]$"
prior_css_w6,prior,CSS,6,144,4,6,,6,,True,upper_bound,,,,,,,0.0277777777778,1,1,,2,False,False,False,False,False,False,False,False,distance not exact,derived connected component,"2x[[144,4]]",True,not audited,0,not applicable,,component of audited prior campaign parent,,,logical-operator witness (incomplete MILP or low-weight search),results/campaign4_milp_verified.jsonl,"$[[144,4,\leq 6]]$"
prior_css_w6,prior,CSS,6,144,4,8,8,8,,True,exact,,,,,,,0.0277777777778,1.77777777778,1.77777777778,,21,False,False,False,False,False,False,False,True,,derived connected component,"2x[[144,4]]",True,not audited,0,not applicable,,component of audited prior campaign parent,,,MILP certificate,results/campaign4_milp_verified.jsonl,"$[[144,4,8]]$"
prior_css_w6,prior,CSS,6,144,4,10,10,10,,True,exact,,,,,,,0.0277777777778,2.77777777778,2.77777777778,,5,False,False,False,False,False,False,False,True,,derived connected component,"2x[[144,4]]",True,not audited,0,not applicable,,component of audited prior campaign parent,,,MILP certificate,results/campaign4_milp_verified.jsonl,"$[[144,4,10]]$"
prior_css_w6,prior,CSS,6,144,4,12,12,12,,True,exact,,,,,,,0.0277777777778,4,4,,4,False,False,False,False,False,False,False,True,,derived connected component,"2x[[144,4]]",True,not audited,0,not applicable,,component of audited prior campaign parent,,,MILP certificate,results/campaign4_milp_verified.jsonl,"$[[144,4,12]]$"
prior_css_w6,prior,CSS,6,144,4,12,,12,,True,upper_bound,,,,,,,0.0277777777778,4,4,,7,False,False,False,False,False,False,False,False,distance not exact,derived connected component,"2x[[144,4]]",True,not audited,0,not applicable,,component of audited prior campaign parent,,,logical-operator witness (incomplete MILP or low-weight search),results/campaign4_milp_verified.jsonl,"$[[144,4,\leq 12]]$"
prior_css_w6,prior,CSS,6,144,4,14,,14,,True,upper_bound,,,,,,,0.0277777777778,5.44444444444,5.44444444444,,11,False,False,False,False,False,False,False,False,distance not exact,derived connected component,"2x[[144,4]]",True,not audited,0,not applicable,,component of audited prior campaign parent,,,logical-operator witness (incomplete MILP or low-weight search),results/campaign4_milp_verified.jsonl,"$[[144,4,\leq 14]]$"
prior_css_w6,prior,CSS,6,144,8,2,2,2,,True,exact,,,,,,,0.0555555555556,0.222222222222,0.222222222222,,1,False,False,False,False,False,False,False,False,distance at most two,translation-connected,connected by translation-subgroup audit,True,not audited,0,not applicable,,audited prior campaign presentation,,,MILP certificate,results/campaign4_milp_verified.jsonl,"$[[144,8,2]]$"
prior_css_w6,prior,CSS,6,144,8,4,4,4,,True,exact,,,,,,,0.0555555555556,0.888888888889,0.888888888889,,1,False,False,False,False,False,False,False,True,,derived connected component,"2x[[144,8]]",True,not audited,0,not applicable,,component of audited prior campaign parent,,,MILP certificate,results/campaign4_milp_verified.jsonl,"$[[144,8,4]]$"
prior_css_w6,prior,CSS,6,144,8,4,4,4,,True,exact,,,,,,,0.0555555555556,0.888888888889,0.888888888889,,7,False,False,False,False,False,False,False,True,,translation-connected,connected by translation-subgroup audit,True,not audited,0,not applicable,,audited prior campaign presentation,,,MILP certificate,results/campaign4_milp_verified.jsonl,"$[[144,8,4]]$"
prior_css_w6,prior,CSS,6,144,8,4,,4,,True,upper_bound,,,,,,,0.0555555555556,0.888888888889,0.888888888889,,7,False,False,False,False,False,False,False,False,distance not exact,derived connected component,"2x[[144,8]]",True,not audited,0,not applicable,,component of audited prior campaign parent,,,logical-operator witness (incomplete MILP or low-weight search),results/campaign4_milp_verified.jsonl,"$[[144,8,\leq 4]]$"
prior_css_w6,prior,CSS,6,144,8,4,,4,,True,upper_bound,,,,,,,0.0555555555556,0.888888888889,0.888888888889,,5,False,False,False,False,False,False,False,False,distance not exact,translation-connected,connected by translation-subgroup audit,True,not audited,0,not applicable,,audited prior campaign presentation,,,logical-operator witness (incomplete MILP or low-weight search),results/campaign4_milp_verified.jsonl,"$[[144,8,\leq 4]]$"
prior_css_w6,prior,CSS,6,144,8,6,6,6,,True,exact,,,,,,,0.0555555555556,2,2,,6,False,False,False,False,False,False,False,True,,derived connected component,"2x[[144,8]]",True,not audited,0,not applicable,,component of audited prior campaign parent,,,MILP certificate,results/campaign4_milp_verified.jsonl,"$[[144,8,6]]$"
prior_css_w6,prior,CSS,6,144,8,6,6,6,,True,exact,,,,,,,0.0555555555556,2,2,,4,False,False,False,False,False,False,False,True,,translation-connected,connected by translation-subgroup audit,True,not audited,0,not applicable,,audited prior campaign presentation,,,MILP certificate,results/campaign4_milp_verified.jsonl,"$[[144,8,6]]$"
prior_css_w6,prior,CSS,6,144,8,8,8,8,,True,exact,,,,,,,0.0555555555556,3.55555555556,3.55555555556,,8,False,False,False,False,False,False,False,True,,derived connected component,"2x[[144,8]]",True,not audited,0,not applicable,,component of audited prior campaign parent,,,MILP certificate,results/campaign4_milp_verified.jsonl,"$[[144,8,8]]$"
prior_css_w6,prior,CSS,6,144,8,8,8,8,,True,exact,,,,,,,0.0555555555556,3.55555555556,3.55555555556,,5,False,False,False,False,False,False,False,True,,translation-connected,connected by translation-subgroup audit,True,not audited,0,not applicable,,audited prior campaign presentation,,,MILP certificate,results/campaign4_milp_verified.jsonl,"$[[144,8,8]]$"
prior_css_w6,prior,CSS,6,144,8,10,10,10,,True,exact,,,,,,,0.0555555555556,5.55555555556,5.55555555556,,2,False,False,False,False,False,False,False,True,,derived connected component,"2x[[144,8]]",True,not audited,0,not applicable,,component of audited prior campaign parent,,,MILP certificate,results/campaign4_milp_verified.jsonl,"$[[144,8,10]]$"
prior_css_w6,prior,CSS,6,144,8,10,10,10,,True,exact,,,,,,,0.0555555555556,5.55555555556,5.55555555556,,2,False,False,False,False,False,False,False,True,,translation-connected,connected by translation-subgroup audit,True,not audited,0,not applicable,,audited prior campaign presentation,,,MILP certificate,results/campaign4_milp_verified.jsonl,"$[[144,8,10]]$"
prior_css_w6,prior,CSS,6,144,8,12,12,12,,True,exact,,,,,,,0.0555555555556,8,8,,1,False,False,False,False,False,False,False,True,,derived connected component,"2x[[144,8]]",True,not audited,0,not applicable,,component of audited prior campaign parent,,,MILP certificate,results/campaign4_milp_verified.jsonl,"$[[144,8,12]]$"
prior_css_w6,prior,CSS,6,144,8,12,12,12,,True,exact,,,,,,,0.0555555555556,8,8,,1,False,False,False,False,False,False,False,True,,translation-connected,connected by translation-subgroup audit,True,not audited,0,not applicable,,audited prior campaign presentation,,,MILP certificate,results/campaign4_milp_verified.jsonl,"$[[144,8,12]]$"
prior_css_w6,prior,CSS,6,144,12,6,6,6,,True,exact,,,,,,,0.0833333333333,3,3,,2,False,False,False,False,False,False,False,True,,translation-connected,connected by translation-subgroup audit,True,not audited,0,not applicable,,audited prior campaign presentation,,,MILP certificate,results/campaign4_milp_verified.jsonl,"$[[144,12,6]]$"
prior_css_w6,prior,CSS,6,144,12,8,8,8,,True,exact,,,,,,,0.0833333333333,5.33333333333,5.33333333333,,2,False,False,False,False,False,False,False,True,,translation-connected,connected by translation-subgroup audit,True,not audited,0,not applicable,,audited prior campaign presentation,,,MILP certificate,results/campaign4_milp_verified.jsonl,"$[[144,12,8]]$"
prior_css_w6,prior,CSS,6,144,12,12,12,12,,True,exact,,,,,,,0.0833333333333,12,12,,2,False,False,False,False,False,False,False,True,,derived connected component,"2x[[144,12]]",True,not audited,0,not applicable,,component of audited prior campaign parent,,,MILP certificate,results/campaign4_milp_verified.jsonl,"$[[144,12,12]]$"
prior_css_w6,prior,CSS,6,144,12,12,12,12,,True,exact,,,,,,,0.0833333333333,12,12,,6,False,False,False,False,False,False,False,True,,translation-connected,connected by translation-subgroup audit,True,not audited,0,not applicable,,audited prior campaign presentation,,,MILP certificate,results/campaign4_milp_verified.jsonl,"$[[144,12,12]]$"
prior_css_w6,prior,CSS,6,144,16,2,2,2,,True,exact,,,,,,,0.111111111111,0.444444444444,0.444444444444,,1,False,False,False,False,False,False,False,False,distance at most two,derived connected component,"2x[[144,16]]",True,not audited,0,not applicable,,component of audited prior campaign parent,,,MILP certificate,results/campaign4_milp_verified.jsonl,"$[[144,16,2]]$"
prior_css_w6,prior,CSS,6,144,16,4,4,4,,True,exact,,,,,,,0.111111111111,1.77777777778,1.77777777778,,2,False,False,False,False,False,False,False,True,,translation-connected,connected by translation-subgroup audit,True,not audited,0,not applicable,,audited prior campaign presentation,,,MILP certificate,results/campaign4_milp_verified.jsonl,"$[[144,16,4]]$"
prior_css_w6,prior,CSS,6,180,4,6,6,6,,True,exact,,,,,,,0.0222222222222,0.8,0.8,,2,False,False,False,False,False,False,False,True,,derived connected component,"2x[[180,4]]",True,not audited,0,not applicable,,component of audited prior campaign parent,,,MILP certificate,results/campaign4_milp_verified.jsonl,"$[[180,4,6]]$"
prior_css_w6,prior,CSS,6,180,4,8,,8,,True,upper_bound,,,,,,,0.0222222222222,1.42222222222,1.42222222222,,1,False,False,False,False,False,False,False,False,distance not exact,derived connected component,"2x[[180,4]]",True,not audited,0,not applicable,,component of audited prior campaign parent,,,logical-operator witness (incomplete MILP or low-weight search),results/campaign4_milp_verified.jsonl,"$[[180,4,\leq 8]]$"
prior_css_w6,prior,CSS,6,180,4,10,10,10,,True,exact,,,,,,,0.0222222222222,2.22222222222,2.22222222222,,3,False,False,False,False,False,False,False,True,,derived connected component,"2x[[180,4]]",True,not audited,0,not applicable,,component of audited prior campaign parent,,,MILP certificate,results/campaign4_milp_verified.jsonl,"$[[180,4,10]]$"
prior_css_w6,prior,CSS,6,180,4,14,,14,,True,upper_bound,,,,,,,0.0222222222222,4.35555555556,4.35555555556,,1,False,False,False,False,False,False,False,False,distance not exact,derived connected component,"2x[[180,4]]",True,not audited,0,not applicable,,component of audited prior campaign parent,,,logical-operator witness (incomplete MILP or low-weight search),results/campaign4_milp_verified.jsonl,"$[[180,4,\leq 14]]$"
prior_css_w6,prior,CSS,6,180,8,4,,4,,True,upper_bound,,,,,,,0.0444444444444,0.711111111111,0.711111111111,,4,False,False,False,False,False,False,False,False,distance not exact,derived connected component,"2x[[180,8]]",True,not audited,0,not applicable,,component of audited prior campaign parent,,,logical-operator witness (incomplete MILP or low-weight search),results/campaign4_milp_verified.jsonl,"$[[180,8,\leq 4]]$"
prior_css_w6,prior,CSS,6,180,8,6,6,6,,True,exact,,,,,,,0.0444444444444,1.6,1.6,,3,False,False,False,False,False,False,False,True,,derived connected component,"2x[[180,8]]",True,not audited,0,not applicable,,component of audited prior campaign parent,,,MILP certificate,results/campaign4_milp_verified.jsonl,"$[[180,8,6]]$"
prior_css_w6,prior,CSS,6,180,8,6,,6,,True,upper_bound,,,,,,,0.0444444444444,1.6,1.6,,1,False,False,False,False,False,False,False,False,distance not exact,derived connected component,"2x[[180,8]]",True,not audited,0,not applicable,,component of audited prior campaign parent,,,logical-operator witness (incomplete MILP or low-weight search),results/campaign4_milp_verified.jsonl,"$[[180,8,\leq 6]]$"
prior_css_w6,prior,CSS,6,180,8,8,8,8,,True,exact,,,,,,,0.0444444444444,2.84444444444,2.84444444444,,6,False,False,False,False,False,False,False,True,,derived connected component,"2x[[180,8]]",True,not audited,0,not applicable,,component of audited prior campaign parent,,,MILP certificate,results/campaign4_milp_verified.jsonl,"$[[180,8,8]]$"
prior_css_w6,prior,CSS,6,180,8,10,10,10,,True,exact,,,,,,,0.0444444444444,4.44444444444,4.44444444444,,1,False,False,False,False,False,False,False,True,,derived connected component,"2x[[180,8]]",True,not audited,0,not applicable,,component of audited prior campaign parent,,,MILP certificate,results/campaign4_milp_verified.jsonl,"$[[180,8,10]]$"
prior_css_w6,prior,CSS,6,180,8,12,,12,,True,upper_bound,,,,,,,0.0444444444444,6.4,6.4,,2,False,False,False,False,False,False,False,False,distance not exact,derived connected component,"2x[[180,8]]",True,not audited,0,not applicable,,component of audited prior campaign parent,,,logical-operator witness (incomplete MILP or low-weight search),results/campaign4_milp_verified.jsonl,"$[[180,8,\leq 12]]$"
prior_css_w6,prior,CSS,6,180,8,14,,14,,True,upper_bound,,,,,,,0.0444444444444,8.71111111111,8.71111111111,,1,False,False,False,False,False,False,False,False,distance not exact,derived connected component,"2x[[180,8]]",True,not audited,0,not applicable,,component of audited prior campaign parent,,,logical-operator witness (incomplete MILP or low-weight search),results/campaign4_milp_verified.jsonl,"$[[180,8,\leq 14]]$"
prior_css_w6,prior,CSS,6,180,12,4,4,4,,True,exact,,,,,,,0.0666666666667,1.06666666667,1.06666666667,,2,False,False,False,False,False,False,False,True,,derived connected component,"2x[[180,12]]",True,not audited,0,not applicable,,component of audited prior campaign parent,,,MILP certificate,results/campaign4_milp_verified.jsonl,"$[[180,12,4]]$"
prior_css_w6,prior,CSS,6,180,12,4,,4,,True,upper_bound,,,,,,,0.0666666666667,1.06666666667,1.06666666667,,1,False,False,False,False,False,False,False,False,distance not exact,derived connected component,"2x[[180,12]]",True,not audited,0,not applicable,,component of audited prior campaign parent,,,logical-operator witness (incomplete MILP or low-weight search),results/campaign4_milp_verified.jsonl,"$[[180,12,\leq 4]]$"
prior_css_w6,prior,CSS,6,180,16,4,4,4,,True,exact,,,,,,,0.0888888888889,1.42222222222,1.42222222222,,1,False,False,False,False,False,False,False,True,,derived connected component,"2x[[180,16]]",True,not audited,0,not applicable,,component of audited prior campaign parent,,,MILP certificate,results/campaign4_milp_verified.jsonl,"$[[180,16,4]]$"
prior_css_w6,prior,CSS,6,180,16,4,,4,,True,upper_bound,,,,,,,0.0888888888889,1.42222222222,1.42222222222,,1,False,False,False,False,False,False,False,False,distance not exact,derived connected component,"2x[[180,16]]",True,not audited,0,not applicable,,component of audited prior campaign parent,,,logical-operator witness (incomplete MILP or low-weight search),results/campaign4_milp_verified.jsonl,"$[[180,16,\leq 4]]$"
prior_css_w6,prior,CSS,6,288,8,4,4,4,,True,exact,,,,,,,0.0277777777778,0.444444444444,0.444444444444,,1,False,False,False,False,False,False,False,True,,translation-connected,connected by translation-subgroup audit,True,not audited,0,not applicable,,audited prior campaign presentation,,,MILP certificate,results/campaign4_milp_verified.jsonl,"$[[288,8,4]]$"
prior_css_w6,prior,CSS,6,288,8,6,6,6,,True,exact,,,,,,,0.0277777777778,1,1,,1,False,False,False,False,False,False,False,True,,translation-connected,connected by translation-subgroup audit,True,not audited,0,not applicable,,audited prior campaign presentation,,,MILP certificate,results/campaign4_milp_verified.jsonl,"$[[288,8,6]]$"
prior_css_w6,prior,CSS,6,288,8,6,,6,,True,upper_bound,,,,,,,0.0277777777778,1,1,,1,False,False,False,False,False,False,False,False,distance not exact,translation-connected,connected by translation-subgroup audit,True,not audited,0,not applicable,,audited prior campaign presentation,,,logical-operator witness (incomplete MILP or low-weight search),results/campaign4_milp_verified.jsonl,"$[[288,8,\leq 6]]$"
prior_css_w6,prior,CSS,6,288,8,8,8,8,,True,exact,,,,,,,0.0277777777778,1.77777777778,1.77777777778,,10,False,False,False,False,False,False,False,True,,translation-connected,connected by translation-subgroup audit,True,not audited,0,not applicable,,audited prior campaign presentation,,,MILP certificate,results/campaign4_milp_verified.jsonl,"$[[288,8,8]]$"
prior_css_w6,prior,CSS,6,288,8,8,,8,,True,upper_bound,,,,,,,0.0277777777778,1.77777777778,1.77777777778,,8,False,False,False,False,False,False,False,False,distance not exact,translation-connected,connected by translation-subgroup audit,True,not audited,0,not applicable,,audited prior campaign presentation,,,logical-operator witness (incomplete MILP or low-weight search),results/campaign4_milp_verified.jsonl,"$[[288,8,\leq 8]]$"
prior_css_w6,prior,CSS,6,288,8,12,,12,,True,upper_bound,,,,,,,0.0277777777778,4,4,,1,False,False,False,False,False,False,False,False,distance not exact,translation-connected,connected by translation-subgroup audit,True,not audited,0,not applicable,,audited prior campaign presentation,,,logical-operator witness (incomplete MILP or low-weight search),results/campaign4_milp_verified.jsonl,"$[[288,8,\leq 12]]$"
prior_css_w6,prior,CSS,6,288,8,16,,16,,True,upper_bound,,,,,,,0.0277777777778,7.11111111111,7.11111111111,,4,False,False,False,False,False,False,False,False,distance not exact,translation-connected,connected by translation-subgroup audit,True,not audited,0,not applicable,,audited prior campaign presentation,,,logical-operator witness (incomplete MILP or low-weight search),results/campaign4_milp_verified.jsonl,"$[[288,8,\leq 16]]$"
prior_css_w6,prior,CSS,6,288,8,18,,18,,True,upper_bound,,,,,,,0.0277777777778,9,9,,3,False,False,False,False,False,False,False,False,distance not exact,translation-connected,connected by translation-subgroup audit,True,not audited,0,not applicable,,audited prior campaign presentation,,,logical-operator witness (incomplete MILP or low-weight search),results/campaign4_milp_verified.jsonl,"$[[288,8,\leq 18]]$"
prior_css_w6,prior,CSS,6,288,8,20,,20,,True,upper_bound,,,,,,,0.0277777777778,11.1111111111,11.1111111111,,1,False,False,False,False,False,False,False,False,distance not exact,translation-connected,connected by translation-subgroup audit,True,not audited,0,not applicable,,audited prior campaign presentation,,,logical-operator witness (incomplete MILP or low-weight search),results/campaign4_milp_verified.jsonl,"$[[288,8,\leq 20]]$"
prior_css_w6,prior,CSS,6,288,12,6,,6,,True,upper_bound,,,,,,,0.0416666666667,1.5,1.5,,3,False,False,False,False,False,False,False,False,distance not exact,translation-connected,connected by translation-subgroup audit,True,not audited,0,not applicable,,audited prior campaign presentation,,,logical-operator witness (incomplete MILP or low-weight search),results/campaign4_milp_verified.jsonl,"$[[288,12,\leq 6]]$"
prior_css_w6,prior,CSS,6,288,12,8,,8,,True,upper_bound,,,,,,,0.0416666666667,2.66666666667,2.66666666667,,2,False,False,False,False,False,False,False,False,distance not exact,translation-connected,connected by translation-subgroup audit,True,not audited,0,not applicable,,audited prior campaign presentation,,,logical-operator witness (incomplete MILP or low-weight search),results/campaign4_milp_verified.jsonl,"$[[288,12,\leq 8]]$"
prior_css_w6,prior,CSS,6,288,12,12,,12,,True,upper_bound,,,,,,,0.0416666666667,6,6,,9,False,False,False,False,False,False,False,False,distance not exact,translation-connected,connected by translation-subgroup audit,True,not audited,0,not applicable,,audited prior campaign presentation,,,logical-operator witness (incomplete MILP or low-weight search),results/campaign4_milp_verified.jsonl,"$[[288,12,\leq 12]]$"
prior_css_w6,prior,CSS,6,288,12,16,,16,,True,upper_bound,,,,,,,0.0416666666667,10.6666666667,10.6666666667,,1,False,False,False,False,False,False,False,False,distance not exact,translation-connected,connected by translation-subgroup audit,True,not audited,0,not applicable,,audited prior campaign presentation,,,logical-operator witness (incomplete MILP or low-weight search),results/campaign4_milp_verified.jsonl,"$[[288,12,\leq 16]]$"
prior_css_w6,prior,CSS,6,288,16,2,2,2,,True,exact,,,,,,,0.0555555555556,0.222222222222,0.222222222222,,1,False,False,False,False,False,False,False,False,distance at most two,translation-connected,connected by translation-subgroup audit,True,not audited,0,not applicable,,audited prior campaign presentation,,,MILP certificate,results/campaign4_milp_verified.jsonl,"$[[288,16,2]]$"
prior_css_w6,prior,CSS,6,288,16,4,,4,,True,upper_bound,,,,,,,0.0555555555556,0.888888888889,0.888888888889,,1,False,False,False,False,False,False,False,False,distance not exact,translation-connected,connected by translation-subgroup audit,True,not audited,0,not applicable,,audited prior campaign presentation,,,logical-operator witness (incomplete MILP or low-weight search),results/campaign4_milp_verified.jsonl,"$[[288,16,\leq 4]]$"
prior_css_w6,prior,CSS,6,288,16,6,6,6,,True,exact,,,,,,,0.0555555555556,2,2,,1,False,False,False,False,False,False,False,True,,translation-connected,connected by translation-subgroup audit,True,not audited,0,not applicable,,audited prior campaign presentation,,,MILP certificate,results/campaign4_milp_verified.jsonl,"$[[288,16,6]]$"
prior_css_w6,prior,CSS,6,288,16,8,8,8,,True,exact,,,,,,,0.0555555555556,3.55555555556,3.55555555556,,1,False,False,False,False,False,False,False,True,,translation-connected,connected by translation-subgroup audit,True,not audited,0,not applicable,,audited prior campaign presentation,,,MILP certificate,results/campaign4_milp_verified.jsonl,"$[[288,16,8]]$"
prior_css_w6,prior,CSS,6,288,20,6,6,6,,True,exact,,,,,,,0.0694444444444,2.5,2.5,,1,False,False,False,False,False,False,False,True,,translation-connected,connected by translation-subgroup audit,True,not audited,0,not applicable,,audited prior campaign presentation,,,MILP certificate,results/campaign4_milp_verified.jsonl,"$[[288,20,6]]$"
prior_css_w6,prior,CSS,6,288,24,6,6,6,,True,exact,,,,,,,0.0833333333333,3,3,,1,False,False,False,False,False,False,False,True,,translation-connected,connected by translation-subgroup audit,True,not audited,0,not applicable,,audited prior campaign presentation,,,MILP certificate,results/campaign4_milp_verified.jsonl,"$[[288,24,6]]$"
prior_css_w6,prior,CSS,6,360,8,4,,4,,True,upper_bound,,,,,,,0.0222222222222,0.355555555556,0.355555555556,,1,False,False,False,False,False,False,False,False,distance not exact,translation-connected,connected by translation-subgroup audit,True,not audited,0,not applicable,,audited prior campaign presentation,,,logical-operator witness (incomplete MILP or low-weight search),results/campaign4_milp_verified.jsonl,"$[[360,8,\leq 4]]$"
prior_css_w6,prior,CSS,6,360,8,6,,6,,True,upper_bound,,,,,,,0.0222222222222,0.8,0.8,,2,False,False,False,False,False,False,False,False,distance not exact,translation-connected,connected by translation-subgroup audit,True,not audited,0,not applicable,,audited prior campaign presentation,,,logical-operator witness (incomplete MILP or low-weight search),results/campaign4_milp_verified.jsonl,"$[[360,8,\leq 6]]$"
prior_css_w6,prior,CSS,6,360,8,8,8,8,,True,exact,,,,,,,0.0222222222222,1.42222222222,1.42222222222,,3,False,False,False,False,False,False,False,True,,translation-connected,connected by translation-subgroup audit,True,not audited,0,not applicable,,audited prior campaign presentation,,,MILP certificate,results/campaign4_milp_verified.jsonl,"$[[360,8,8]]$"
prior_css_w6,prior,CSS,6,360,8,8,,8,,True,upper_bound,,,,,,,0.0222222222222,1.42222222222,1.42222222222,,2,False,False,False,False,False,False,False,False,distance not exact,translation-connected,connected by translation-subgroup audit,True,not audited,0,not applicable,,audited prior campaign presentation,,,logical-operator witness (incomplete MILP or low-weight search),results/campaign4_milp_verified.jsonl,"$[[360,8,\leq 8]]$"
prior_css_w6,prior,CSS,6,360,8,10,,10,,True,upper_bound,,,,,,,0.0222222222222,2.22222222222,2.22222222222,,2,False,False,False,False,False,False,False,False,distance not exact,translation-connected,connected by translation-subgroup audit,True,not audited,0,not applicable,,audited prior campaign presentation,,,logical-operator witness (incomplete MILP or low-weight search),results/campaign4_milp_verified.jsonl,"$[[360,8,\leq 10]]$"
prior_css_w6,prior,CSS,6,360,8,12,,12,,True,upper_bound,,,,,,,0.0222222222222,3.2,3.2,,6,False,False,False,False,False,False,False,False,distance not exact,translation-connected,connected by translation-subgroup audit,True,not audited,0,not applicable,,audited prior campaign presentation,,,logical-operator witness (incomplete MILP or low-weight search),results/campaign4_milp_verified.jsonl,"$[[360,8,\leq 12]]$"
prior_css_w6,prior,CSS,6,360,8,16,,16,,True,upper_bound,,,,,,,0.0222222222222,5.68888888889,5.68888888889,,1,False,False,False,False,False,False,False,False,distance not exact,translation-connected,connected by translation-subgroup audit,True,not audited,0,not applicable,,audited prior campaign presentation,,,logical-operator witness (incomplete MILP or low-weight search),results/campaign4_milp_verified.jsonl,"$[[360,8,\leq 16]]$"
prior_css_w6,prior,CSS,6,360,8,18,,18,,True,upper_bound,,,,,,,0.0222222222222,7.2,7.2,,2,False,False,False,False,False,False,False,False,distance not exact,translation-connected,connected by translation-subgroup audit,True,not audited,0,not applicable,,audited prior campaign presentation,,,logical-operator witness (incomplete MILP or low-weight search),results/campaign4_milp_verified.jsonl,"$[[360,8,\leq 18]]$"
prior_css_w6,prior,CSS,6,360,12,4,4,4,,True,exact,,,,,,,0.0333333333333,0.533333333333,0.533333333333,,1,False,False,False,False,False,False,False,True,,translation-connected,connected by translation-subgroup audit,True,not audited,0,not applicable,,audited prior campaign presentation,,,MILP certificate,results/campaign4_milp_verified.jsonl,"$[[360,12,4]]$"
prior_css_w6,prior,CSS,6,360,12,4,,4,,True,upper_bound,,,,,,,0.0333333333333,0.533333333333,0.533333333333,,1,False,False,False,False,False,False,False,False,distance not exact,translation-connected,connected by translation-subgroup audit,True,not audited,0,not applicable,,audited prior campaign presentation,,,logical-operator witness (incomplete MILP or low-weight search),results/campaign4_milp_verified.jsonl,"$[[360,12,\leq 4]]$"
prior_css_w6,prior,CSS,6,360,12,6,6,6,,True,exact,,,,,,,0.0333333333333,1.2,1.2,,1,False,False,False,False,False,False,False,True,,translation-connected,connected by translation-subgroup audit,True,not audited,0,not applicable,,audited prior campaign presentation,,,MILP certificate,results/campaign4_milp_verified.jsonl,"$[[360,12,6]]$"
prior_css_w6,prior,CSS,6,360,12,6,,6,,True,upper_bound,,,,,,,0.0333333333333,1.2,1.2,,1,False,False,False,False,False,False,False,False,distance not exact,translation-connected,connected by translation-subgroup audit,True,not audited,0,not applicable,,audited prior campaign presentation,,,logical-operator witness (incomplete MILP or low-weight search),results/campaign4_milp_verified.jsonl,"$[[360,12,\leq 6]]$"
prior_css_w6,prior,CSS,6,360,12,8,,8,,True,upper_bound,,,,,,,0.0333333333333,2.13333333333,2.13333333333,,2,False,False,False,False,False,False,False,False,distance not exact,translation-connected,connected by translation-subgroup audit,True,not audited,0,not applicable,,audited prior campaign presentation,,,logical-operator witness (incomplete MILP or low-weight search),results/campaign4_milp_verified.jsonl,"$[[360,12,\leq 8]]$"
prior_css_w6,prior,CSS,6,360,12,12,,12,,True,upper_bound,,,,,,,0.0333333333333,4.8,4.8,,3,False,False,False,False,False,False,False,False,distance not exact,translation-connected,connected by translation-subgroup audit,True,not audited,0,not applicable,,audited prior campaign presentation,,,logical-operator witness (incomplete MILP or low-weight search),results/campaign4_milp_verified.jsonl,"$[[360,12,\leq 12]]$"
prior_css_w6,prior,CSS,6,360,12,24,,24,,True,upper_bound,,,,,,,0.0333333333333,19.2,19.2,,1,False,False,False,False,True,False,False,False,distance not exact,translation-connected,connected by translation-subgroup audit,True,not audited,0,not applicable,,audited prior campaign presentation,,,logical-operator witness (incomplete MILP or low-weight search),results/campaign4_milp_verified.jsonl,"$[[360,12,\leq 24]]$"
prior_css_w6,prior,CSS,6,360,16,4,,4,,True,upper_bound,,,,,,,0.0444444444444,0.711111111111,0.711111111111,,1,False,False,False,False,False,False,False,False,distance not exact,translation-connected,connected by translation-subgroup audit,True,not audited,0,not applicable,,audited prior campaign presentation,,,logical-operator witness (incomplete MILP or low-weight search),results/campaign4_milp_verified.jsonl,"$[[360,16,\leq 4]]$"
prior_css_w6,prior,CSS,6,360,16,6,,6,,True,upper_bound,,,,,,,0.0444444444444,1.6,1.6,,1,False,False,False,False,False,False,False,False,distance not exact,translation-connected,connected by translation-subgroup audit,True,not audited,0,not applicable,,audited prior campaign presentation,,,logical-operator witness (incomplete MILP or low-weight search),results/campaign4_milp_verified.jsonl,"$[[360,16,\leq 6]]$"
prior_css_w6,prior,CSS,6,360,16,8,8,8,,True,exact,,,,,,,0.0444444444444,2.84444444444,2.84444444444,,1,False,False,False,False,False,False,False,True,,translation-connected,connected by translation-subgroup audit,True,not audited,0,not applicable,,audited prior campaign presentation,,,MILP certificate,results/campaign4_milp_verified.jsonl,"$[[360,16,8]]$"
prior_css_w6,prior,CSS,6,360,32,2,2,2,,True,exact,,,,,,,0.0888888888889,0.355555555556,0.355555555556,,1,False,False,False,False,False,False,False,False,distance at most two,translation-connected,connected by translation-subgroup audit,True,not audited,0,not applicable,,audited prior campaign presentation,,,MILP certificate,results/campaign4_milp_verified.jsonl,"$[[360,32,2]]$"
prior_css_w8,prior,CSS,8,16,2,4,,4,,True,upper_bound,,,,,,,0.125,2,2,,2,False,False,False,False,False,False,False,False,distance not exact,derived connected component,"9x[[16,2]]",True,not audited,0,not applicable,,component of audited prior campaign parent,,,logical-operator witness (incomplete MILP or low-weight search),results/campaign4_milp_verified.jsonl,"$[[16,2,\leq 4]]$"
prior_css_w8,prior,CSS,8,16,4,2,2,2,,True,exact,,,,,,,0.25,1,1,,1,False,False,False,False,False,False,False,False,distance at most two,derived connected component,"9x[[16,4]]",True,not audited,0,not applicable,,component of audited prior campaign parent,,,MILP certificate,results/campaign4_milp_verified.jsonl,"$[[16,4,2]]$"
prior_css_w8,prior,CSS,8,16,6,2,2,2,,True,exact,,,,,,,0.375,1.5,1.5,,5,False,False,False,False,False,False,False,False,distance at most two,derived connected component,"9x[[16,6]]",True,not audited,0,not applicable,,component of audited prior campaign parent,,,MILP certificate,results/campaign4_milp_verified.jsonl,"$[[16,6,2]]$"
prior_css_w8,prior,CSS,8,16,6,4,,4,,True,upper_bound,,,,,,,0.375,6,6,,3,False,False,False,False,True,False,False,False,distance not exact,derived connected component,"9x[[16,6]]",True,not audited,0,not applicable,,component of audited prior campaign parent,,,logical-operator witness (incomplete MILP or low-weight search),results/campaign4_milp_verified.jsonl,"$[[16,6,\leq 4]]$"
prior_css_w8,prior,CSS,8,16,10,2,2,2,,True,exact,,,,,,,0.625,2.5,2.5,,1,False,False,False,True,False,False,False,False,distance at most two,derived connected component,"18x[[16,10]]",True,not audited,0,not applicable,,component of audited prior campaign parent,,,MILP certificate,results/campaign4_milp_verified.jsonl,"$[[16,10,2]]$"
prior_css_w8,prior,CSS,8,18,2,3,3,3,,True,exact,,,,,,,0.111111111111,1,1,,1,False,False,False,False,False,False,True,True,,derived connected component,"8x[[18,2]]",True,not audited,0,not applicable,,component of audited prior campaign parent,,,MILP certificate,results/campaign4_milp_verified.jsonl,"$[[18,2,3]]$"
prior_css_w8,prior,CSS,8,18,6,3,,3,,True,upper_bound,,,,,,,0.333333333333,3,3,,1,False,False,False,False,False,False,False,False,distance not exact,derived connected component,"16x[[18,6]]",True,not audited,0,not applicable,,component of audited prior campaign parent,,,logical-operator witness (incomplete MILP or low-weight search),results/campaign4_milp_verified.jsonl,"$[[18,6,\leq 3]]$"
prior_css_w8,prior,CSS,8,24,2,3,,3,,True,upper_bound,,,,,,,0.0833333333333,0.75,0.75,,1,False,False,False,False,False,False,False,False,distance not exact,derived connected component,"15x[[24,2]]",True,not audited,0,not applicable,,component of audited prior campaign parent,,,logical-operator witness (incomplete MILP or low-weight search),results/campaign4_milp_verified.jsonl,"$[[24,2,\leq 3]]$"
prior_css_w8,prior,CSS,8,24,4,3,,3,,True,upper_bound,,,,,,,0.166666666667,1.5,1.5,,3,False,False,False,False,False,False,False,False,distance not exact,derived connected component,"12x[[24,4]]; 15x[[24,4]]",True,not audited,0,not applicable,,component of audited prior campaign parent,,,logical-operator witness (incomplete MILP or low-weight search),results/campaign4_milp_verified.jsonl,"$[[24,4,\leq 3]]$"
prior_css_w8,prior,CSS,8,24,4,4,,4,,True,upper_bound,,,,,,,0.166666666667,2.66666666667,2.66666666667,,4,False,False,False,False,False,False,False,False,distance not exact,derived connected component,"12x[[24,4]]; 6x[[24,4]]",True,not audited,0,not applicable,,component of audited prior campaign parent,,,logical-operator witness (incomplete MILP or low-weight search),results/campaign4_milp_verified.jsonl,"$[[24,4,\leq 4]]$"
prior_css_w8,prior,CSS,8,24,6,2,2,2,,True,exact,,,,,,,0.25,1,1,,6,False,False,False,False,False,False,False,False,distance at most two,derived connected component,"12x[[24,6]]; 15x[[24,6]]; 6x[[24,6]]",True,not audited,0,not applicable,,component of audited prior campaign parent,,,MILP certificate,results/campaign4_milp_verified.jsonl,"$[[24,6,2]]$"
prior_css_w8,prior,CSS,8,24,8,3,,3,,True,upper_bound,,,,,,,0.333333333333,3,3,,1,False,False,False,False,False,False,False,False,distance not exact,derived connected component,"12x[[24,8]]",True,not audited,0,not applicable,,component of audited prior campaign parent,,,logical-operator witness (incomplete MILP or low-weight search),results/campaign4_milp_verified.jsonl,"$[[24,8,\leq 3]]$"
prior_css_w8,prior,CSS,8,32,2,6,6,6,,True,exact,,,,,,,0.0625,2.25,2.25,,1,False,False,False,False,False,False,False,True,,derived connected component,"9x[[32,2]]",True,not audited,0,not applicable,,component of audited prior campaign parent,,,MILP certificate,results/campaign4_milp_verified.jsonl,"$[[32,2,6]]$"
prior_css_w8,prior,CSS,8,32,6,2,2,2,,True,exact,,,,,,,0.1875,0.75,0.75,,2,False,False,False,False,False,False,False,False,distance at most two,derived connected component,"9x[[32,6]]",True,not audited,0,not applicable,,component of audited prior campaign parent,,,MILP certificate,results/campaign4_milp_verified.jsonl,"$[[32,6,2]]$"
prior_css_w8,prior,CSS,8,32,6,4,4,4,,True,exact,,,,,,,0.1875,3,3,,2,False,False,False,False,False,False,True,True,,derived connected component,"9x[[32,6]]",True,not audited,0,not applicable,,component of audited prior campaign parent,,,MILP certificate,results/campaign4_milp_verified.jsonl,"$[[32,6,4]]$"
prior_css_w8,prior,CSS,8,32,6,4,,4,,True,upper_bound,,,,,,,0.1875,3,3,,2,False,False,False,False,False,False,False,False,distance not exact,derived connected component,"9x[[32,6]]",True,not audited,0,not applicable,,component of audited prior campaign parent,,,logical-operator witness (incomplete MILP or low-weight search),results/campaign4_milp_verified.jsonl,"$[[32,6,\leq 4]]$"
prior_css_w8,prior,CSS,8,32,8,4,,4,,True,upper_bound,,,,,,,0.25,4,4,,1,False,False,False,False,False,False,False,False,distance not exact,derived connected component,"9x[[32,8]]",True,not audited,0,not applicable,,component of audited prior campaign parent,,,logical-operator witness (incomplete MILP or low-weight search),results/campaign4_milp_verified.jsonl,"$[[32,8,\leq 4]]$"
prior_css_w8,prior,CSS,8,32,10,4,,4,,True,upper_bound,,,,,,,0.3125,5,5,,3,False,False,False,False,False,False,False,False,distance not exact,derived connected component,"9x[[32,10]]",True,not audited,0,not applicable,,component of audited prior campaign parent,,,logical-operator witness (incomplete MILP or low-weight search),results/campaign4_milp_verified.jsonl,"$[[32,10,\leq 4]]$"
prior_css_w8,prior,CSS,8,36,4,2,2,2,,True,exact,,,,,,,0.111111111111,0.444444444444,0.444444444444,,2,False,False,False,False,False,False,False,False,distance at most two,derived connected component,"8x[[36,4]]",True,not audited,0,not applicable,,component of audited prior campaign parent,,,MILP certificate,results/campaign4_milp_verified.jsonl,"$[[36,4,2]]$"
prior_css_w8,prior,CSS,8,36,4,3,,3,,True,upper_bound,,,,,,,0.111111111111,1,1,,3,False,False,False,False,False,False,False,False,distance not exact,derived connected component,"10x[[36,4]]; 8x[[36,4]]",True,not audited,0,not applicable,,component of audited prior campaign parent,,,logical-operator witness (incomplete MILP or low-weight search),results/campaign4_milp_verified.jsonl,"$[[36,4,\leq 3]]$"
prior_css_w8,prior,CSS,8,36,4,6,6,6,,True,exact,,,,,,,0.111111111111,4,4,,1,False,False,False,False,False,False,True,True,,derived connected component,"4x[[36,4]]",True,not audited,0,not applicable,,component of audited prior campaign parent,,,MILP certificate,results/campaign4_milp_verified.jsonl,"$[[36,4,6]]$"
prior_css_w8,prior,CSS,8,36,6,4,,4,,True,upper_bound,,,,,,,0.166666666667,2.66666666667,2.66666666667,,2,False,False,False,False,False,False,False,False,distance not exact,derived connected component,"4x[[36,6]]",True,not audited,0,not applicable,,component of audited prior campaign parent,,,logical-operator witness (incomplete MILP or low-weight search),results/campaign4_milp_verified.jsonl,"$[[36,6,\leq 4]]$"
prior_css_w8,prior,CSS,8,36,8,3,,3,,True,upper_bound,,,,,,,0.222222222222,2,2,,1,False,False,False,False,False,False,False,False,distance not exact,derived connected component,"8x[[36,8]]",True,not audited,0,not applicable,,component of audited prior campaign parent,,,logical-operator witness (incomplete MILP or low-weight search),results/campaign4_milp_verified.jsonl,"$[[36,8,\leq 3]]$"
prior_css_w8,prior,CSS,8,36,8,4,,4,,True,upper_bound,,,,,,,0.222222222222,3.55555555556,3.55555555556,,4,False,False,False,False,False,False,False,False,distance not exact,derived connected component,"10x[[36,8]]; 4x[[36,8]]; 8x[[36,8]]",True,not audited,0,not applicable,,component of audited prior campaign parent,,,logical-operator witness (incomplete MILP or low-weight search),results/campaign4_milp_verified.jsonl,"$[[36,8,\leq 4]]$"
prior_css_w8,prior,CSS,8,36,10,4,,4,,True,upper_bound,,,,,,,0.277777777778,4.44444444444,4.44444444444,,1,False,False,False,False,False,False,False,False,distance not exact,derived connected component,"4x[[36,10]]",True,not audited,0,not applicable,,component of audited prior campaign parent,,,logical-operator witness (incomplete MILP or low-weight search),results/campaign4_milp_verified.jsonl,"$[[36,10,\leq 4]]$"
prior_css_w8,prior,CSS,8,36,12,3,,3,,True,upper_bound,,,,,,,0.333333333333,3,3,,2,False,False,False,False,False,False,False,False,distance not exact,derived connected component,"4x[[36,12]]",True,not audited,0,not applicable,,component of audited prior campaign parent,,,logical-operator witness (incomplete MILP or low-weight search),results/campaign4_milp_verified.jsonl,"$[[36,12,\leq 3]]$"
prior_css_w8,prior,CSS,8,36,16,3,,3,,True,upper_bound,,,,,,,0.444444444444,4,4,,2,False,False,False,False,True,False,False,False,distance not exact,derived connected component,"4x[[36,16]]",True,not audited,0,not applicable,,component of audited prior campaign parent,,,logical-operator witness (incomplete MILP or low-weight search),results/campaign4_milp_verified.jsonl,"$[[36,16,\leq 3]]$"
prior_css_w8,prior,CSS,8,36,20,2,2,2,,True,exact,,,,,,,0.555555555556,2.22222222222,2.22222222222,,1,False,False,False,False,False,False,False,False,distance at most two,derived connected component,"8x[[36,20]]",True,not audited,0,not applicable,,component of audited prior campaign parent,,,MILP certificate,results/campaign4_milp_verified.jsonl,"$[[36,20,2]]$"
prior_css_w8,prior,CSS,8,40,2,6,6,6,,True,exact,,,,,,,0.05,1.8,1.8,,1,False,False,False,False,False,False,False,True,,derived connected component,"9x[[40,2]]",True,not audited,0,not applicable,,component of audited prior campaign parent,,,MILP certificate,results/campaign4_milp_verified.jsonl,"$[[40,2,6]]$"
prior_css_w8,prior,CSS,8,40,2,7,7,7,,True,exact,,,,,,,0.05,2.45,2.45,,1,False,False,False,True,False,False,False,True,,derived connected component,"9x[[40,2]]",True,not audited,0,not applicable,,component of audited prior campaign parent,,,MILP certificate,results/campaign4_milp_verified.jsonl,"$[[40,2,7]]$"
prior_css_w8,prior,CSS,8,40,4,2,2,2,,True,exact,,,,,,,0.1,0.4,0.4,,1,False,False,False,False,False,False,False,False,distance at most two,derived connected component,"9x[[40,4]]",True,not audited,0,not applicable,,component of audited prior campaign parent,,,MILP certificate,results/campaign4_milp_verified.jsonl,"$[[40,4,2]]$"
prior_css_w8,prior,CSS,8,40,4,3,,3,,True,upper_bound,,,,,,,0.1,0.9,0.9,,1,False,False,False,False,False,False,False,False,distance not exact,derived connected component,"9x[[40,4]]",True,not audited,0,not applicable,,component of audited prior campaign parent,,,logical-operator witness (incomplete MILP or low-weight search),results/campaign4_milp_verified.jsonl,"$[[40,4,\leq 3]]$"
prior_css_w8,prior,CSS,8,40,4,4,4,4,,True,exact,,,,,,,0.1,1.6,1.6,,1,False,False,False,False,False,False,False,True,,derived connected component,"9x[[40,4]]",True,not audited,0,not applicable,,component of audited prior campaign parent,,,MILP certificate,results/campaign4_milp_verified.jsonl,"$[[40,4,4]]$"
prior_css_w8,prior,CSS,8,40,4,4,,4,,True,upper_bound,,,,,,,0.1,1.6,1.6,,2,False,False,False,False,False,False,False,False,distance not exact,derived connected component,"9x[[40,4]]",True,not audited,0,not applicable,,component of audited prior campaign parent,,,logical-operator witness (incomplete MILP or low-weight search),results/campaign4_milp_verified.jsonl,"$[[40,4,\leq 4]]$"
prior_css_w8,prior,CSS,8,40,4,5,5,5,,True,exact,,,,,,,0.1,2.5,2.5,,1,False,False,False,False,False,False,False,True,,derived connected component,"9x[[40,4]]",True,not audited,0,not applicable,,component of audited prior campaign parent,,,MILP certificate,results/campaign4_milp_verified.jsonl,"$[[40,4,5]]$"
prior_css_w8,prior,CSS,8,40,6,2,2,2,,True,exact,,,,,,,0.15,0.6,0.6,,2,False,False,False,False,False,False,False,False,distance at most two,derived connected component,"9x[[40,6]]",True,not audited,0,not applicable,,component of audited prior campaign parent,,,MILP certificate,results/campaign4_milp_verified.jsonl,"$[[40,6,2]]$"
prior_css_w8,prior,CSS,8,40,6,4,4,4,,True,exact,,,,,,,0.15,2.4,2.4,,1,False,False,False,False,False,False,False,True,,derived connected component,"9x[[40,6]]",True,not audited,0,not applicable,,component of audited prior campaign parent,,,MILP certificate,results/campaign4_milp_verified.jsonl,"$[[40,6,4]]$"
prior_css_w8,prior,CSS,8,40,6,4,,4,,True,upper_bound,,,,,,,0.15,2.4,2.4,,1,False,False,False,False,False,False,False,False,distance not exact,derived connected component,"9x[[40,6]]",True,not audited,0,not applicable,,component of audited prior campaign parent,,,logical-operator witness (incomplete MILP or low-weight search),results/campaign4_milp_verified.jsonl,"$[[40,6,\leq 4]]$"
prior_css_w8,prior,CSS,8,40,12,4,,4,,True,upper_bound,,,,,,,0.3,4.8,4.8,,1,False,False,False,False,False,False,False,False,distance not exact,derived connected component,"9x[[40,12]]",True,not audited,0,not applicable,,component of audited prior campaign parent,,,logical-operator witness (incomplete MILP or low-weight search),results/campaign4_milp_verified.jsonl,"$[[40,12,\leq 4]]$"
prior_css_w8,prior,CSS,8,48,2,6,6,6,,True,exact,,,,,,,0.0416666666667,1.5,1.5,,1,False,False,False,False,False,False,False,True,,derived connected component,"6x[[48,2]]",True,not audited,0,not applicable,,component of audited prior campaign parent,,,MILP certificate,results/campaign4_milp_verified.jsonl,"$[[48,2,6]]$"
prior_css_w8,prior,CSS,8,48,4,3,3,3,,True,exact,,,,,,,0.0833333333333,0.75,0.75,,1,False,False,False,False,False,False,False,True,,derived connected component,"6x[[48,4]]",True,not audited,0,not applicable,,component of audited prior campaign parent,,,MILP certificate,results/campaign4_milp_verified.jsonl,"$[[48,4,3]]$"
prior_css_w8,prior,CSS,8,48,4,6,6,6,,True,exact,,,,,,,0.0833333333333,3,3,,1,False,False,False,False,False,False,False,True,,derived connected component,"6x[[48,4]]",True,not audited,0,not applicable,,component of audited prior campaign parent,,,MILP certificate,results/campaign4_milp_verified.jsonl,"$[[48,4,6]]$"
prior_css_w8,prior,CSS,8,48,6,2,2,2,,True,exact,,,,,,,0.125,0.5,0.5,,3,False,False,False,False,False,False,False,False,distance at most two,derived connected component,"3x[[48,6]]; 6x[[48,6]]",True,not audited,0,not applicable,,component of audited prior campaign parent,,,MILP certificate,results/campaign4_milp_verified.jsonl,"$[[48,6,2]]$"
prior_css_w8,prior,CSS,8,48,6,4,4,4,,True,exact,,,,,,,0.125,2,2,,2,False,False,False,False,False,False,False,True,,derived connected component,"3x[[48,6]]; 6x[[48,6]]",True,not audited,0,not applicable,,component of audited prior campaign parent,,,MILP certificate,results/campaign4_milp_verified.jsonl,"$[[48,6,4]]$"
prior_css_w8,prior,CSS,8,48,10,4,,4,,True,upper_bound,,,,,,,0.208333333333,3.33333333333,3.33333333333,,3,False,False,False,False,False,False,False,False,distance not exact,derived connected component,"3x[[48,10]]; 6x[[48,10]]",True,not audited,0,not applicable,,component of audited prior campaign parent,,,logical-operator witness (incomplete MILP or low-weight search),results/campaign4_milp_verified.jsonl,"$[[48,10,\leq 4]]$"
prior_css_w8,prior,CSS,8,48,12,4,,4,,True,upper_bound,,,,,,,0.25,4,4,,4,False,False,False,False,False,False,False,False,distance not exact,derived connected component,"3x[[48,12]]",True,not audited,0,not applicable,,component of audited prior campaign parent,,,logical-operator witness (incomplete MILP or low-weight search),results/campaign4_milp_verified.jsonl,"$[[48,12,\leq 4]]$"
prior_css_w8,prior,CSS,8,48,14,2,2,2,,True,exact,,,,,,,0.291666666667,1.16666666667,1.16666666667,,1,False,False,False,False,False,False,False,False,distance at most two,derived connected component,"3x[[48,14]]",True,not audited,0,not applicable,,component of audited prior campaign parent,,,MILP certificate,results/campaign4_milp_verified.jsonl,"$[[48,14,2]]$"
prior_css_w8,prior,CSS,8,48,14,4,,4,,True,upper_bound,,,,,,,0.291666666667,4.66666666667,4.66666666667,,3,False,False,False,False,False,False,False,False,distance not exact,derived connected component,"3x[[48,14]]; 6x[[48,14]]",True,not audited,0,not applicable,,component of audited prior campaign parent,,,logical-operator witness (incomplete MILP or low-weight search),results/campaign4_milp_verified.jsonl,"$[[48,14,\leq 4]]$"
prior_css_w8,prior,CSS,8,48,16,2,2,2,,True,exact,,,,,,,0.333333333333,1.33333333333,1.33333333333,,1,False,False,False,False,False,False,False,False,distance at most two,derived connected component,"3x[[48,16]]",True,not audited,0,not applicable,,component of audited prior campaign parent,,,MILP certificate,results/campaign4_milp_verified.jsonl,"$[[48,16,2]]$"
prior_css_w8,prior,CSS,8,48,16,3,,3,,True,upper_bound,,,,,,,0.333333333333,3,3,,1,False,False,False,False,False,False,False,False,distance not exact,derived connected component,"6x[[48,16]]",True,not audited,0,not applicable,,component of audited prior campaign parent,,,logical-operator witness (incomplete MILP or low-weight search),results/campaign4_milp_verified.jsonl,"$[[48,16,\leq 3]]$"
prior_css_w8,prior,CSS,8,60,12,4,,4,,True,upper_bound,,,,,,,0.2,3.2,3.2,,1,False,False,False,False,False,False,False,False,distance not exact,derived connected component,"6x[[60,12]]",True,not audited,0,not applicable,,component of audited prior campaign parent,,,logical-operator witness (incomplete MILP or low-weight search),results/campaign4_milp_verified.jsonl,"$[[60,12,\leq 4]]$"
prior_css_w8,prior,CSS,8,72,2,3,,3,,True,upper_bound,,,,,,,0.0277777777778,0.25,0.25,,1,False,False,False,False,False,False,False,False,distance not exact,derived connected component,"5x[[72,2]]",True,not audited,0,not applicable,,component of audited prior campaign parent,,,logical-operator witness (incomplete MILP or low-weight search),results/campaign4_milp_verified.jsonl,"$[[72,2,\leq 3]]$"
prior_css_w8,prior,CSS,8,72,2,4,4,4,,True,exact,,,,,,,0.0277777777778,0.444444444444,0.444444444444,,1,False,False,False,False,False,False,False,True,,derived connected component,"4x[[72,2]]",True,not audited,0,not applicable,,component of audited prior campaign parent,,,MILP certificate,results/campaign4_milp_verified.jsonl,"$[[72,2,4]]$"
prior_css_w8,prior,CSS,8,72,4,3,,3,,True,upper_bound,,,,,,,0.0555555555556,0.5,0.5,,1,False,False,False,False,False,False,False,False,distance not exact,derived connected component,"4x[[72,4]]",True,not audited,0,not applicable,,component of audited prior campaign parent,,,logical-operator witness (incomplete MILP or low-weight search),results/campaign4_milp_verified.jsonl,"$[[72,4,\leq 3]]$"
prior_css_w8,prior,CSS,8,72,4,6,6,6,,True,exact,,,,,,,0.0555555555556,2,2,,1,False,False,False,False,False,False,False,True,,derived connected component,"5x[[72,4]]",True,not audited,0,not applicable,,component of audited prior campaign parent,,,MILP certificate,results/campaign4_milp_verified.jsonl,"$[[72,4,6]]$"
prior_css_w8,prior,CSS,8,72,4,8,8,8,,True,exact,,,,,,,0.0555555555556,3.55555555556,3.55555555556,,4,False,False,False,False,False,False,False,True,,derived connected component,"4x[[72,4]]",True,not audited,0,not applicable,,component of audited prior campaign parent,,,MILP certificate,results/campaign4_milp_verified.jsonl,"$[[72,4,8]]$"
prior_css_w8,prior,CSS,8,72,6,4,4,4,,True,exact,,,,,,,0.0833333333333,1.33333333333,1.33333333333,,1,False,False,False,False,False,False,False,True,,derived connected component,"4x[[72,6]]",True,not audited,0,not applicable,,component of audited prior campaign parent,,,MILP certificate,results/campaign4_milp_verified.jsonl,"$[[72,6,4]]$"
prior_css_w8,prior,CSS,8,72,6,6,6,6,,True,exact,,,,,,,0.0833333333333,3,3,,3,False,False,False,False,False,False,False,True,,derived connected component,"2x[[72,6]]; 4x[[72,6]]; 5x[[72,6]]",True,not audited,0,not applicable,,component of audited prior campaign parent,,,MILP certificate,results/campaign4_milp_verified.jsonl,"$[[72,6,6]]$"
prior_css_w8,prior,CSS,8,72,8,2,2,2,,True,exact,,,,,,,0.111111111111,0.444444444444,0.444444444444,,1,False,False,False,False,False,False,False,False,distance at most two,derived connected component,"4x[[72,8]]",True,not audited,0,not applicable,,component of audited prior campaign parent,,,MILP certificate,results/campaign4_milp_verified.jsonl,"$[[72,8,2]]$"
prior_css_w8,prior,CSS,8,72,8,6,6,6,,True,exact,,,,,,,0.111111111111,4,4,,3,False,False,False,False,False,False,False,True,,derived connected component,"2x[[72,8]]; 4x[[72,8]]",True,not audited,0,not applicable,,component of audited prior campaign parent,,,MILP certificate,results/campaign4_milp_verified.jsonl,"$[[72,8,6]]$"
prior_css_w8,prior,CSS,8,72,10,2,2,2,,True,exact,,,,,,,0.138888888889,0.555555555556,0.555555555556,,1,False,False,False,False,False,False,False,False,distance at most two,derived connected component,"2x[[72,10]]",True,not audited,0,not applicable,,component of audited prior campaign parent,,,MILP certificate,results/campaign4_milp_verified.jsonl,"$[[72,10,2]]$"
prior_css_w8,prior,CSS,8,72,10,4,4,4,,True,exact,,,,,,,0.138888888889,2.22222222222,2.22222222222,,1,False,False,False,False,False,False,False,True,,derived connected component,"4x[[72,10]]",True,not audited,0,not applicable,,component of audited prior campaign parent,,,MILP certificate,results/campaign4_milp_verified.jsonl,"$[[72,10,4]]$"
prior_css_w8,prior,CSS,8,72,12,3,3,3,,True,exact,,,,,,,0.166666666667,1.5,1.5,,1,False,False,False,False,False,False,False,True,,derived connected component,"2x[[72,12]]",True,not audited,0,not applicable,,component of audited prior campaign parent,,,MILP certificate,results/campaign4_milp_verified.jsonl,"$[[72,12,3]]$"
prior_css_w8,prior,CSS,8,72,12,4,4,4,,True,exact,,,,,,,0.166666666667,2.66666666667,2.66666666667,,1,False,False,False,False,False,False,False,True,,derived connected component,"4x[[72,12]]",True,not audited,0,not applicable,,component of audited prior campaign parent,,,MILP certificate,results/campaign4_milp_verified.jsonl,"$[[72,12,4]]$"
prior_css_w8,prior,CSS,8,72,12,4,,4,,True,upper_bound,,,,,,,0.166666666667,2.66666666667,2.66666666667,,6,False,False,False,False,False,False,False,False,distance not exact,derived connected component,"2x[[72,12]]",True,not audited,0,not applicable,,component of audited prior campaign parent,,,logical-operator witness (incomplete MILP or low-weight search),results/campaign4_milp_verified.jsonl,"$[[72,12,\leq 4]]$"
prior_css_w8,prior,CSS,8,72,14,4,,4,,True,upper_bound,,,,,,,0.194444444444,3.11111111111,3.11111111111,,6,False,False,False,False,False,False,False,False,distance not exact,derived connected component,"2x[[72,14]]; 4x[[72,14]]; 5x[[72,14]]",True,not audited,0,not applicable,,component of audited prior campaign parent,,,logical-operator witness (incomplete MILP or low-weight search),results/campaign4_milp_verified.jsonl,"$[[72,14,\leq 4]]$"
prior_css_w8,prior,CSS,8,72,20,4,,4,,True,upper_bound,,,,,,,0.277777777778,4.44444444444,4.44444444444,,4,False,False,False,False,False,False,False,False,distance not exact,derived connected component,"2x[[72,20]]; 4x[[72,20]]",True,not audited,0,not applicable,,component of audited prior campaign parent,,,logical-operator witness (incomplete MILP or low-weight search),results/campaign4_milp_verified.jsonl,"$[[72,20,\leq 4]]$"
prior_css_w8,prior,CSS,8,72,22,4,4,4,,True,exact,,,,,,,0.305555555556,4.88888888889,4.88888888889,,1,False,False,False,True,False,True,False,True,,derived connected component,"2x[[72,22]]",True,not audited,0,not applicable,,component of audited prior campaign parent,,,MILP certificate,results/campaign4_milp_verified.jsonl,"$[[72,22,4]]$"
prior_css_w8,prior,CSS,8,72,22,4,,4,,True,upper_bound,,,,,,,0.305555555556,4.88888888889,4.88888888889,,1,False,False,False,False,False,False,False,False,distance not exact,derived connected component,"2x[[72,22]]",True,not audited,0,not applicable,,component of audited prior campaign parent,,,logical-operator witness (incomplete MILP or low-weight search),results/campaign4_milp_verified.jsonl,"$[[72,22,\leq 4]]$"
prior_css_w8,prior,CSS,8,72,24,3,,3,,True,upper_bound,,,,,,,0.333333333333,3,3,,3,False,False,False,False,False,False,False,False,distance not exact,derived connected component,"2x[[72,24]]; 4x[[72,24]]",True,not audited,0,not applicable,,component of audited prior campaign parent,,,logical-operator witness (incomplete MILP or low-weight search),results/campaign4_milp_verified.jsonl,"$[[72,24,\leq 3]]$"
prior_css_w8,prior,CSS,8,72,28,3,,3,,True,upper_bound,,,,,,,0.388888888889,3.5,3.5,,1,False,False,False,False,False,False,False,False,distance not exact,derived connected component,"4x[[72,28]]",True,not audited,0,not applicable,,component of audited prior campaign parent,,,logical-operator witness (incomplete MILP or low-weight search),results/campaign4_milp_verified.jsonl,"$[[72,28,\leq 3]]$"
prior_css_w8,prior,CSS,8,90,6,6,6,6,,True,exact,,,,,,,0.0666666666667,2.4,2.4,,1,False,False,False,False,False,False,False,True,,derived connected component,"4x[[90,6]]",True,not audited,0,not applicable,,component of audited prior campaign parent,,,MILP certificate,results/campaign4_milp_verified.jsonl,"$[[90,6,6]]$"
prior_css_w8,prior,CSS,8,90,30,3,,3,,True,upper_bound,,,,,,,0.333333333333,3,3,,1,False,False,False,False,False,False,False,False,distance not exact,derived connected component,"4x[[90,30]]",True,not audited,0,not applicable,,component of audited prior campaign parent,,,logical-operator witness (incomplete MILP or low-weight search),results/campaign4_milp_verified.jsonl,"$[[90,30,\leq 3]]$"
prior_css_w8,prior,CSS,8,90,34,3,,3,,True,upper_bound,,,,,,,0.377777777778,3.4,3.4,,1,False,False,False,False,False,False,False,False,distance not exact,derived connected component,"4x[[90,34]]",True,not audited,0,not applicable,,component of audited prior campaign parent,,,logical-operator witness (incomplete MILP or low-weight search),results/campaign4_milp_verified.jsonl,"$[[90,34,\leq 3]]$"
prior_css_w8,prior,CSS,8,96,4,6,6,6,,True,exact,,,,,,,0.0416666666667,1.5,1.5,,2,False,False,False,False,False,False,False,True,,derived connected component,"3x[[96,4]]",True,not audited,0,not applicable,,component of audited prior campaign parent,,,MILP certificate,results/campaign4_milp_verified.jsonl,"$[[96,4,6]]$"
prior_css_w8,prior,CSS,8,96,4,7,7,7,,True,exact,,,,,,,0.0416666666667,2.04166666667,2.04166666667,,1,False,False,False,False,False,False,False,True,,derived connected component,"3x[[96,4]]",True,not audited,0,not applicable,,component of audited prior campaign parent,,,MILP certificate,results/campaign4_milp_verified.jsonl,"$[[96,4,7]]$"
prior_css_w8,prior,CSS,8,96,4,10,,10,,True,upper_bound,,,,,,,0.0416666666667,4.16666666667,4.16666666667,,1,False,False,False,False,False,False,False,False,distance not exact,derived connected component,"3x[[96,4]]",True,not audited,0,not applicable,,component of audited prior campaign parent,,,logical-operator witness (incomplete MILP or low-weight search),results/campaign4_milp_verified.jsonl,"$[[96,4,\leq 10]]$"
prior_css_w8,prior,CSS,8,96,4,12,,12,,True,upper_bound,,,,,,,0.0416666666667,6,6,,1,False,False,False,False,False,False,False,False,distance not exact,derived connected component,"3x[[96,4]]",True,not audited,0,not applicable,,component of audited prior campaign parent,,,logical-operator witness (incomplete MILP or low-weight search),results/campaign4_milp_verified.jsonl,"$[[96,4,\leq 12]]$"
prior_css_w8,prior,CSS,8,96,6,2,2,2,,True,exact,,,,,,,0.0625,0.25,0.25,,1,False,False,False,False,False,False,False,False,distance at most two,derived connected component,"3x[[96,6]]",True,not audited,0,not applicable,,component of audited prior campaign parent,,,MILP certificate,results/campaign4_milp_verified.jsonl,"$[[96,6,2]]$"
prior_css_w8,prior,CSS,8,96,6,3,,3,,True,upper_bound,,,,,,,0.0625,0.5625,0.5625,,1,False,False,False,False,False,False,False,False,distance not exact,derived connected component,"3x[[96,6]]",True,not audited,0,not applicable,,component of audited prior campaign parent,,,logical-operator witness (incomplete MILP or low-weight search),results/campaign4_milp_verified.jsonl,"$[[96,6,\leq 3]]$"
prior_css_w8,prior,CSS,8,96,6,6,6,6,,True,exact,,,,,,,0.0625,2.25,2.25,,1,False,False,False,False,False,False,False,True,,derived connected component,"3x[[96,6]]",True,not audited,0,not applicable,,component of audited prior campaign parent,,,MILP certificate,results/campaign4_milp_verified.jsonl,"$[[96,6,6]]$"
prior_css_w8,prior,CSS,8,96,6,12,,12,,True,upper_bound,,,,,,,0.0625,9,9,,1,False,False,False,False,True,False,False,False,distance not exact,derived connected component,"3x[[96,6]]",True,not audited,0,not applicable,,component of audited prior campaign parent,,,logical-operator witness (incomplete MILP or low-weight search),results/campaign4_milp_verified.jsonl,"$[[96,6,\leq 12]]$"
prior_css_w8,prior,CSS,8,96,8,4,4,4,,True,exact,,,,,,,0.0833333333333,1.33333333333,1.33333333333,,1,False,False,False,False,False,False,False,True,,derived connected component,"3x[[96,8]]",True,not audited,0,not applicable,,component of audited prior campaign parent,,,MILP certificate,results/campaign4_milp_verified.jsonl,"$[[96,8,4]]$"
prior_css_w8,prior,CSS,8,96,8,6,6,6,,True,exact,,,,,,,0.0833333333333,3,3,,2,False,False,False,False,False,False,False,True,,derived connected component,"3x[[96,8]]",True,not audited,0,not applicable,,component of audited prior campaign parent,,,MILP certificate,results/campaign4_milp_verified.jsonl,"$[[96,8,6]]$"
prior_css_w8,prior,CSS,8,96,10,4,4,4,,True,exact,,,,,,,0.104166666667,1.66666666667,1.66666666667,,1,False,False,False,False,False,False,False,True,,derived connected component,"3x[[96,10]]",True,not audited,0,not applicable,,component of audited prior campaign parent,,,MILP certificate,results/campaign4_milp_verified.jsonl,"$[[96,10,4]]$"
prior_css_w8,prior,CSS,8,96,12,3,3,3,,True,exact,,,,,,,0.125,1.125,1.125,,1,False,False,False,False,False,False,False,True,,derived connected component,"3x[[96,12]]",True,not audited,0,not applicable,,component of audited prior campaign parent,,,MILP certificate,results/campaign4_milp_verified.jsonl,"$[[96,12,3]]$"
prior_css_w8,prior,CSS,8,96,12,4,4,4,,True,exact,,,,,,,0.125,2,2,,2,False,False,False,False,False,False,False,True,,derived connected component,"3x[[96,12]]",True,not audited,0,not applicable,,component of audited prior campaign parent,,,MILP certificate,results/campaign4_milp_verified.jsonl,"$[[96,12,4]]$"
prior_css_w8,prior,CSS,8,96,12,5,5,5,,True,exact,,,,,,,0.125,3.125,3.125,,1,False,False,False,False,False,False,False,True,,derived connected component,"3x[[96,12]]",True,not audited,0,not applicable,,component of audited prior campaign parent,,,MILP certificate,results/campaign4_milp_verified.jsonl,"$[[96,12,5]]$"
prior_css_w8,prior,CSS,8,96,14,4,,4,,True,upper_bound,,,,,,,0.145833333333,2.33333333333,2.33333333333,,3,False,False,False,False,False,False,False,False,distance not exact,derived connected component,"3x[[96,14]]",True,not audited,0,not applicable,,component of audited prior campaign parent,,,logical-operator witness (incomplete MILP or low-weight search),results/campaign4_milp_verified.jsonl,"$[[96,14,\leq 4]]$"
prior_css_w8,prior,CSS,8,96,18,4,,4,,True,upper_bound,,,,,,,0.1875,3,3,,1,False,False,False,False,False,False,False,False,distance not exact,derived connected component,"3x[[96,18]]",True,not audited,0,not applicable,,component of audited prior campaign parent,,,logical-operator witness (incomplete MILP or low-weight search),results/campaign4_milp_verified.jsonl,"$[[96,18,\leq 4]]$"
prior_css_w8,prior,CSS,8,96,26,4,,4,,True,upper_bound,,,,,,,0.270833333333,4.33333333333,4.33333333333,,1,False,False,False,False,False,False,False,False,distance not exact,derived connected component,"3x[[96,26]]",True,not audited,0,not applicable,,component of audited prior campaign parent,,,logical-operator witness (incomplete MILP or low-weight search),results/campaign4_milp_verified.jsonl,"$[[96,26,\leq 4]]$"
prior_css_w8,prior,CSS,8,96,32,3,,3,,True,upper_bound,,,,,,,0.333333333333,3,3,,3,False,False,False,False,False,False,False,False,distance not exact,derived connected component,"3x[[96,32]]",True,not audited,0,not applicable,,component of audited prior campaign parent,,,logical-operator witness (incomplete MILP or low-weight search),results/campaign4_milp_verified.jsonl,"$[[96,32,\leq 3]]$"
prior_css_w8,prior,CSS,8,120,6,2,2,2,,True,exact,,,,,,,0.05,0.2,0.2,,1,False,False,False,False,False,False,False,False,distance at most two,derived connected component,"3x[[120,6]]",True,not audited,0,not applicable,,component of audited prior campaign parent,,,MILP certificate,results/campaign4_milp_verified.jsonl,"$[[120,6,2]]$"
prior_css_w8,prior,CSS,8,120,6,4,4,4,,True,exact,,,,,,,0.05,0.8,0.8,,1,False,False,False,False,False,False,False,True,,derived connected component,"3x[[120,6]]",True,not audited,0,not applicable,,component of audited prior campaign parent,,,MILP certificate,results/campaign4_milp_verified.jsonl,"$[[120,6,4]]$"
prior_css_w8,prior,CSS,8,120,12,3,3,3,,True,exact,,,,,,,0.1,0.9,0.9,,1,False,False,False,False,False,False,False,True,,derived connected component,"3x[[120,12]]",True,not audited,0,not applicable,,component of audited prior campaign parent,,,MILP certificate,results/campaign4_milp_verified.jsonl,"$[[120,12,3]]$"
prior_css_w8,prior,CSS,8,120,12,4,,4,,True,upper_bound,,,,,,,0.1,1.6,1.6,,1,False,False,False,False,False,False,False,False,distance not exact,derived connected component,"3x[[120,12]]",True,not audited,0,not applicable,,component of audited prior campaign parent,,,logical-operator witness (incomplete MILP or low-weight search),results/campaign4_milp_verified.jsonl,"$[[120,12,\leq 4]]$"
prior_css_w8,prior,CSS,8,120,12,5,5,5,,True,exact,,,,,,,0.1,2.5,2.5,,2,False,False,False,False,False,False,False,True,,derived connected component,"3x[[120,12]]",True,not audited,0,not applicable,,component of audited prior campaign parent,,,MILP certificate,results/campaign4_milp_verified.jsonl,"$[[120,12,5]]$"
prior_css_w8,prior,CSS,8,120,22,4,,4,,True,upper_bound,,,,,,,0.183333333333,2.93333333333,2.93333333333,,1,False,False,False,False,False,False,False,False,distance not exact,derived connected component,"3x[[120,22]]",True,not audited,0,not applicable,,component of audited prior campaign parent,,,logical-operator witness (incomplete MILP or low-weight search),results/campaign4_milp_verified.jsonl,"$[[120,22,\leq 4]]$"
prior_css_w8,prior,CSS,8,120,32,4,,4,,True,upper_bound,,,,,,,0.266666666667,4.26666666667,4.26666666667,,1,False,False,False,False,False,False,False,False,distance not exact,derived connected component,"3x[[120,32]]",True,not audited,0,not applicable,,component of audited prior campaign parent,,,logical-operator witness (incomplete MILP or low-weight search),results/campaign4_milp_verified.jsonl,"$[[120,32,\leq 4]]$"
prior_css_w8,prior,CSS,8,144,4,4,4,4,,True,exact,,,,,,,0.0277777777778,0.444444444444,0.444444444444,,3,False,False,False,False,False,False,False,True,,derived connected component,"2x[[144,4]]",True,not audited,0,not applicable,,component of audited prior campaign parent,,,MILP certificate,results/campaign4_milp_verified.jsonl,"$[[144,4,4]]$"
prior_css_w8,prior,CSS,8,144,6,4,4,4,,True,exact,,,,,,,0.0416666666667,0.666666666667,0.666666666667,,2,False,False,False,False,False,False,False,True,,derived connected component,"2x[[144,6]]",True,not audited,0,not applicable,,component of audited prior campaign parent,,,MILP certificate,results/campaign4_milp_verified.jsonl,"$[[144,6,4]]$"
prior_css_w8,prior,CSS,8,144,6,6,6,6,,True,exact,,,,,,,0.0416666666667,1.5,1.5,,1,False,False,False,False,False,False,False,True,,derived connected component,"2x[[144,6]]",True,not audited,0,not applicable,,component of audited prior campaign parent,,,MILP certificate,results/campaign4_milp_verified.jsonl,"$[[144,6,6]]$"
prior_css_w8,prior,CSS,8,144,6,9,,9,,True,upper_bound,,,,,,,0.0416666666667,3.375,3.375,,1,False,False,False,False,False,False,False,False,distance not exact,derived connected component,"2x[[144,6]]",True,not audited,0,not applicable,,component of audited prior campaign parent,,,logical-operator witness (incomplete MILP or low-weight search),results/campaign4_milp_verified.jsonl,"$[[144,6,\leq 9]]$"
prior_css_w8,prior,CSS,8,144,8,6,6,6,,True,exact,,,,,,,0.0555555555556,2,2,,2,False,False,False,False,False,False,False,True,,derived connected component,"2x[[144,8]]",True,not audited,0,not applicable,,component of audited prior campaign parent,,,MILP certificate,results/campaign4_milp_verified.jsonl,"$[[144,8,6]]$"
prior_css_w8,prior,CSS,8,144,8,8,8,8,,True,exact,,,,,,,0.0555555555556,3.55555555556,3.55555555556,,1,False,False,False,False,False,False,False,True,,derived connected component,"2x[[144,8]]",True,not audited,0,not applicable,,component of audited prior campaign parent,,,MILP certificate,results/campaign4_milp_verified.jsonl,"$[[144,8,8]]$"
prior_css_w8,prior,CSS,8,144,8,8,,8,,True,upper_bound,,,,,,,0.0555555555556,3.55555555556,3.55555555556,,1,False,False,False,False,False,False,False,False,distance not exact,derived connected component,"2x[[144,8]]",True,not audited,0,not applicable,,component of audited prior campaign parent,,,logical-operator witness (incomplete MILP or low-weight search),results/campaign4_milp_verified.jsonl,"$[[144,8,\leq 8]]$"
prior_css_w8,prior,CSS,8,144,10,2,2,2,,True,exact,,,,,,,0.0694444444444,0.277777777778,0.277777777778,,1,False,False,False,False,False,False,False,False,distance at most two,translation-connected,connected by translation-subgroup audit,True,not audited,0,not applicable,,audited prior campaign presentation,,,MILP certificate,results/campaign4_milp_verified.jsonl,"$[[144,10,2]]$"
prior_css_w8,prior,CSS,8,144,10,4,4,4,,True,exact,,,,,,,0.0694444444444,1.11111111111,1.11111111111,,1,False,False,False,False,False,False,False,True,,derived connected component,"2x[[144,10]]",True,not audited,0,not applicable,,component of audited prior campaign parent,,,MILP certificate,results/campaign4_milp_verified.jsonl,"$[[144,10,4]]$"
prior_css_w8,prior,CSS,8,144,10,6,6,6,,True,exact,,,,,,,0.0694444444444,2.5,2.5,,3,False,False,False,False,False,False,False,True,,derived connected component,"2x[[144,10]]",True,not audited,0,not applicable,,component of audited prior campaign parent,,,MILP certificate,results/campaign4_milp_verified.jsonl,"$[[144,10,6]]$"
prior_css_w8,prior,CSS,8,144,10,6,6,6,,True,exact,,,,,,,0.0694444444444,2.5,2.5,,3,False,False,False,False,False,False,False,True,,translation-connected,connected by translation-subgroup audit,True,not audited,0,not applicable,,audited prior campaign presentation,,,MILP certificate,results/campaign4_milp_verified.jsonl,"$[[144,10,6]]$"
prior_css_w8,prior,CSS,8,144,10,6,,6,,True,upper_bound,,,,,,,0.0694444444444,2.5,2.5,,1,False,False,False,False,False,False,False,False,distance not exact,translation-connected,connected by translation-subgroup audit,True,not audited,0,not applicable,,audited prior campaign presentation,,,logical-operator witness (incomplete MILP or low-weight search),results/campaign4_milp_verified.jsonl,"$[[144,10,\leq 6]]$"
prior_css_w8,prior,CSS,8,144,10,8,,8,,True,upper_bound,,,,,,,0.0694444444444,4.44444444444,4.44444444444,,1,False,False,False,False,False,False,False,False,distance not exact,derived connected component,"2x[[144,10]]",True,not audited,0,not applicable,,component of audited prior campaign parent,,,logical-operator witness (incomplete MILP or low-weight search),results/campaign4_milp_verified.jsonl,"$[[144,10,\leq 8]]$"
prior_css_w8,prior,CSS,8,144,12,4,4,4,,True,exact,,,,,,,0.0833333333333,1.33333333333,1.33333333333,,2,False,False,False,False,False,False,False,True,,derived connected component,"2x[[144,12]]",True,not audited,0,not applicable,,component of audited prior campaign parent,,,MILP certificate,results/campaign4_milp_verified.jsonl,"$[[144,12,4]]$"
prior_css_w8,prior,CSS,8,144,12,6,6,6,,True,exact,,,,,,,0.0833333333333,3,3,,1,False,False,False,False,False,False,False,True,,derived connected component,"2x[[144,12]]",True,not audited,0,not applicable,,component of audited prior campaign parent,,,MILP certificate,results/campaign4_milp_verified.jsonl,"$[[144,12,6]]$"
prior_css_w8,prior,CSS,8,144,12,6,6,6,,True,exact,,,,,,,0.0833333333333,3,3,,1,False,False,False,False,False,False,False,True,,translation-connected,connected by translation-subgroup audit,True,not audited,0,not applicable,,audited prior campaign presentation,,,MILP certificate,results/campaign4_milp_verified.jsonl,"$[[144,12,6]]$"
prior_css_w8,prior,CSS,8,144,14,2,2,2,,True,exact,,,,,,,0.0972222222222,0.388888888889,0.388888888889,,2,False,False,False,False,False,False,False,False,distance at most two,translation-connected,connected by translation-subgroup audit,True,not audited,0,not applicable,,audited prior campaign presentation,,,MILP certificate,results/campaign4_milp_verified.jsonl,"$[[144,14,2]]$"
prior_css_w8,prior,CSS,8,144,14,4,4,4,,True,exact,,,,,,,0.0972222222222,1.55555555556,1.55555555556,,1,False,False,False,False,False,False,False,True,,derived connected component,"2x[[144,14]]",True,not audited,0,not applicable,,component of audited prior campaign parent,,,MILP certificate,results/campaign4_milp_verified.jsonl,"$[[144,14,4]]$"
prior_css_w8,prior,CSS,8,144,14,4,4,4,,True,exact,,,,,,,0.0972222222222,1.55555555556,1.55555555556,,1,False,False,False,False,False,False,False,True,,translation-connected,connected by translation-subgroup audit,True,not audited,0,not applicable,,audited prior campaign presentation,,,MILP certificate,results/campaign4_milp_verified.jsonl,"$[[144,14,4]]$"
prior_css_w8,prior,CSS,8,144,14,4,,4,,True,upper_bound,,,,,,,0.0972222222222,1.55555555556,1.55555555556,,2,False,False,False,False,False,False,False,False,distance not exact,translation-connected,connected by translation-subgroup audit,True,not audited,0,not applicable,,audited prior campaign presentation,,,logical-operator witness (incomplete MILP or low-weight search),results/campaign4_milp_verified.jsonl,"$[[144,14,\leq 4]]$"
prior_css_w8,prior,CSS,8,144,14,6,6,6,,True,exact,,,,,,,0.0972222222222,3.5,3.5,,1,False,False,False,False,False,False,False,True,,translation-connected,connected by translation-subgroup audit,True,not audited,0,not applicable,,audited prior campaign presentation,,,MILP certificate,results/campaign4_milp_verified.jsonl,"$[[144,14,6]]$"
prior_css_w8,prior,CSS,8,144,14,8,8,8,,True,exact,,,,,,,0.0972222222222,6.22222222222,6.22222222222,,1,False,False,False,False,False,False,False,True,,derived connected component,"2x[[144,14]]",True,not audited,0,not applicable,,component of audited prior campaign parent,,,MILP certificate,results/campaign4_milp_verified.jsonl,"$[[144,14,8]]$"
prior_css_w8,prior,CSS,8,144,16,3,,3,,True,upper_bound,,,,,,,0.111111111111,1,1,,1,False,False,False,False,False,False,False,False,distance not exact,derived connected component,"2x[[144,16]]",True,not audited,0,not applicable,,component of audited prior campaign parent,,,logical-operator witness (incomplete MILP or low-weight search),results/campaign4_milp_verified.jsonl,"$[[144,16,\leq 3]]$"
prior_css_w8,prior,CSS,8,144,18,2,2,2,,True,exact,,,,,,,0.125,0.5,0.5,,2,False,False,False,False,False,False,False,False,distance at most two,translation-connected,connected by translation-subgroup audit,True,not audited,0,not applicable,,audited prior campaign presentation,,,MILP certificate,results/campaign4_milp_verified.jsonl,"$[[144,18,2]]$"
prior_css_w8,prior,CSS,8,144,18,4,4,4,,True,exact,,,,,,,0.125,2,2,,1,False,False,False,False,False,False,False,True,,translation-connected,connected by translation-subgroup audit,True,not audited,0,not applicable,,audited prior campaign presentation,,,MILP certificate,results/campaign4_milp_verified.jsonl,"$[[144,18,4]]$"
prior_css_w8,prior,CSS,8,144,18,4,,4,,True,upper_bound,,,,,,,0.125,2,2,,4,False,False,False,False,False,False,False,False,distance not exact,derived connected component,"2x[[144,18]]",True,not audited,0,not applicable,,component of audited prior campaign parent,,,logical-operator witness (incomplete MILP or low-weight search),results/campaign4_milp_verified.jsonl,"$[[144,18,\leq 4]]$"
prior_css_w8,prior,CSS,8,144,18,4,,4,,True,upper_bound,,,,,,,0.125,2,2,,1,False,False,False,False,False,False,False,False,distance not exact,translation-connected,connected by translation-subgroup audit,True,not audited,0,not applicable,,audited prior campaign presentation,,,logical-operator witness (incomplete MILP or low-weight search),results/campaign4_milp_verified.jsonl,"$[[144,18,\leq 4]]$"
prior_css_w8,prior,CSS,8,144,20,3,,3,,True,upper_bound,,,,,,,0.138888888889,1.25,1.25,,3,False,False,False,False,False,False,False,False,distance not exact,translation-connected,connected by translation-subgroup audit,True,not audited,0,not applicable,,audited prior campaign presentation,,,logical-operator witness (incomplete MILP or low-weight search),results/campaign4_milp_verified.jsonl,"$[[144,20,\leq 3]]$"
prior_css_w8,prior,CSS,8,144,20,4,4,4,,True,exact,,,,,,,0.138888888889,2.22222222222,2.22222222222,,1,False,False,False,False,False,False,False,True,,derived connected component,"2x[[144,20]]",True,not audited,0,not applicable,,component of audited prior campaign parent,,,MILP certificate,results/campaign4_milp_verified.jsonl,"$[[144,20,4]]$"
prior_css_w8,prior,CSS,8,144,20,4,4,4,,True,exact,,,,,,,0.138888888889,2.22222222222,2.22222222222,,1,False,False,False,False,False,False,False,True,,translation-connected,connected by translation-subgroup audit,True,not audited,0,not applicable,,audited prior campaign presentation,,,MILP certificate,results/campaign4_milp_verified.jsonl,"$[[144,20,4]]$"
prior_css_w8,prior,CSS,8,144,20,4,,4,,True,upper_bound,,,,,,,0.138888888889,2.22222222222,2.22222222222,,1,False,False,False,False,False,False,False,False,distance not exact,derived connected component,"2x[[144,20]]",True,not audited,0,not applicable,,component of audited prior campaign parent,,,logical-operator witness (incomplete MILP or low-weight search),results/campaign4_milp_verified.jsonl,"$[[144,20,\leq 4]]$"
prior_css_w8,prior,CSS,8,144,20,8,8,8,,True,exact,,,,,,,0.138888888889,8.88888888889,8.88888888889,,1,False,False,False,True,False,False,False,True,,derived connected component,"2x[[144,20]]",True,not audited,0,not applicable,,component of audited prior campaign parent,,,MILP certificate,results/campaign4_milp_verified.jsonl,"$[[144,20,8]]$"
prior_css_w8,prior,CSS,8,144,22,2,2,2,,True,exact,,,,,,,0.152777777778,0.611111111111,0.611111111111,,1,False,False,False,False,False,False,False,False,distance at most two,translation-connected,connected by translation-subgroup audit,True,not audited,0,not applicable,,audited prior campaign presentation,,,MILP certificate,results/campaign4_milp_verified.jsonl,"$[[144,22,2]]$"
prior_css_w8,prior,CSS,8,144,22,4,4,4,,True,exact,,,,,,,0.152777777778,2.44444444444,2.44444444444,,1,False,False,False,False,False,False,False,True,,derived connected component,"2x[[144,22]]",True,not audited,0,not applicable,,component of audited prior campaign parent,,,MILP certificate,results/campaign4_milp_verified.jsonl,"$[[144,22,4]]$"
prior_css_w8,prior,CSS,8,144,22,4,,4,,True,upper_bound,,,,,,,0.152777777778,2.44444444444,2.44444444444,,1,False,False,False,False,False,False,False,False,distance not exact,translation-connected,connected by translation-subgroup audit,True,not audited,0,not applicable,,audited prior campaign presentation,,,logical-operator witness (incomplete MILP or low-weight search),results/campaign4_milp_verified.jsonl,"$[[144,22,\leq 4]]$"
prior_css_w8,prior,CSS,8,144,26,4,,4,,True,upper_bound,,,,,,,0.180555555556,2.88888888889,2.88888888889,,2,False,False,False,False,False,False,False,False,distance not exact,derived connected component,"2x[[144,26]]",True,not audited,0,not applicable,,component of audited prior campaign parent,,,logical-operator witness (incomplete MILP or low-weight search),results/campaign4_milp_verified.jsonl,"$[[144,26,\leq 4]]$"
prior_css_w8,prior,CSS,8,144,26,4,,4,,True,upper_bound,,,,,,,0.180555555556,2.88888888889,2.88888888889,,3,False,False,False,False,False,False,False,False,distance not exact,translation-connected,connected by translation-subgroup audit,True,not audited,0,not applicable,,audited prior campaign presentation,,,logical-operator witness (incomplete MILP or low-weight search),results/campaign4_milp_verified.jsonl,"$[[144,26,\leq 4]]$"
prior_css_w8,prior,CSS,8,144,28,3,,3,,True,upper_bound,,,,,,,0.194444444444,1.75,1.75,,4,False,False,False,False,False,False,False,False,distance not exact,translation-connected,connected by translation-subgroup audit,True,not audited,0,not applicable,,audited prior campaign presentation,,,logical-operator witness (incomplete MILP or low-weight search),results/campaign4_milp_verified.jsonl,"$[[144,28,\leq 3]]$"
prior_css_w8,prior,CSS,8,144,28,4,,4,,True,upper_bound,,,,,,,0.194444444444,3.11111111111,3.11111111111,,1,False,False,False,False,False,False,False,False,distance not exact,translation-connected,connected by translation-subgroup audit,True,not audited,0,not applicable,,audited prior campaign presentation,,,logical-operator witness (incomplete MILP or low-weight search),results/campaign4_milp_verified.jsonl,"$[[144,28,\leq 4]]$"
prior_css_w8,prior,CSS,8,144,30,2,2,2,,True,exact,,,,,,,0.208333333333,0.833333333333,0.833333333333,,2,False,False,False,False,False,False,False,False,distance at most two,translation-connected,connected by translation-subgroup audit,True,not audited,0,not applicable,,audited prior campaign presentation,,,MILP certificate,results/campaign4_milp_verified.jsonl,"$[[144,30,2]]$"
prior_css_w8,prior,CSS,8,144,30,4,,4,,True,upper_bound,,,,,,,0.208333333333,3.33333333333,3.33333333333,,1,False,False,False,False,False,False,False,False,distance not exact,derived connected component,"2x[[144,30]]",True,not audited,0,not applicable,,component of audited prior campaign parent,,,logical-operator witness (incomplete MILP or low-weight search),results/campaign4_milp_verified.jsonl,"$[[144,30,\leq 4]]$"
prior_css_w8,prior,CSS,8,144,30,4,,4,,True,upper_bound,,,,,,,0.208333333333,3.33333333333,3.33333333333,,2,False,False,False,False,False,False,False,False,distance not exact,translation-connected,connected by translation-subgroup audit,True,not audited,0,not applicable,,audited prior campaign presentation,,,logical-operator witness (incomplete MILP or low-weight search),results/campaign4_milp_verified.jsonl,"$[[144,30,\leq 4]]$"
prior_css_w8,prior,CSS,8,144,32,3,,3,,True,upper_bound,,,,,,,0.222222222222,2,2,,1,False,False,False,False,False,False,False,False,distance not exact,translation-connected,connected by translation-subgroup audit,True,not audited,0,not applicable,,audited prior campaign presentation,,,logical-operator witness (incomplete MILP or low-weight search),results/campaign4_milp_verified.jsonl,"$[[144,32,\leq 3]]$"
prior_css_w8,prior,CSS,8,144,32,4,,4,,True,upper_bound,,,,,,,0.222222222222,3.55555555556,3.55555555556,,1,False,False,False,False,False,False,False,False,distance not exact,derived connected component,"2x[[144,32]]",True,not audited,0,not applicable,,component of audited prior campaign parent,,,logical-operator witness (incomplete MILP or low-weight search),results/campaign4_milp_verified.jsonl,"$[[144,32,\leq 4]]$"
prior_css_w8,prior,CSS,8,144,34,3,,3,,True,upper_bound,,,,,,,0.236111111111,2.125,2.125,,3,False,False,False,False,False,False,False,False,distance not exact,translation-connected,connected by translation-subgroup audit,True,not audited,0,not applicable,,audited prior campaign presentation,,,logical-operator witness (incomplete MILP or low-weight search),results/campaign4_milp_verified.jsonl,"$[[144,34,\leq 3]]$"
prior_css_w8,prior,CSS,8,144,34,4,4,4,,True,exact,,,,,,,0.236111111111,3.77777777778,3.77777777778,,4,False,False,False,False,False,False,False,True,,translation-connected,connected by translation-subgroup audit,True,not audited,0,not applicable,,audited prior campaign presentation,,,MILP certificate,results/campaign4_milp_verified.jsonl,"$[[144,34,4]]$"
prior_css_w8,prior,CSS,8,144,34,4,,4,,True,upper_bound,,,,,,,0.236111111111,3.77777777778,3.77777777778,,1,False,False,False,False,False,False,False,False,distance not exact,derived connected component,"2x[[144,34]]",True,not audited,0,not applicable,,component of audited prior campaign parent,,,logical-operator witness (incomplete MILP or low-weight search),results/campaign4_milp_verified.jsonl,"$[[144,34,\leq 4]]$"
prior_css_w8,prior,CSS,8,144,34,4,,4,,True,upper_bound,,,,,,,0.236111111111,3.77777777778,3.77777777778,,1,False,False,False,False,False,False,False,False,distance not exact,translation-connected,connected by translation-subgroup audit,True,not audited,0,not applicable,,audited prior campaign presentation,,,logical-operator witness (incomplete MILP or low-weight search),results/campaign4_milp_verified.jsonl,"$[[144,34,\leq 4]]$"
prior_css_w8,prior,CSS,8,144,36,2,2,2,,True,exact,,,,,,,0.25,1,1,,4,False,False,False,False,False,False,False,False,distance at most two,translation-connected,connected by translation-subgroup audit,True,not audited,0,not applicable,,audited prior campaign presentation,,,MILP certificate,results/campaign4_milp_verified.jsonl,"$[[144,36,2]]$"
prior_css_w8,prior,CSS,8,144,36,3,,3,,True,upper_bound,,,,,,,0.25,2.25,2.25,,2,False,False,False,False,False,False,False,False,distance not exact,translation-connected,connected by translation-subgroup audit,True,not audited,0,not applicable,,audited prior campaign presentation,,,logical-operator witness (incomplete MILP or low-weight search),results/campaign4_milp_verified.jsonl,"$[[144,36,\leq 3]]$"
prior_css_w8,prior,CSS,8,144,38,4,,4,,True,upper_bound,,,,,,,0.263888888889,4.22222222222,4.22222222222,,3,False,False,False,False,False,False,False,False,distance not exact,derived connected component,"2x[[144,38]]",True,not audited,0,not applicable,,component of audited prior campaign parent,,,logical-operator witness (incomplete MILP or low-weight search),results/campaign4_milp_verified.jsonl,"$[[144,38,\leq 4]]$"
prior_css_w8,prior,CSS,8,144,38,4,,4,,True,upper_bound,,,,,,,0.263888888889,4.22222222222,4.22222222222,,2,False,False,False,False,False,False,False,False,distance not exact,translation-connected,connected by translation-subgroup audit,True,not audited,0,not applicable,,audited prior campaign presentation,,,logical-operator witness (incomplete MILP or low-weight search),results/campaign4_milp_verified.jsonl,"$[[144,38,\leq 4]]$"
prior_css_w8,prior,CSS,8,144,40,2,2,2,,True,exact,,,,,,,0.277777777778,1.11111111111,1.11111111111,,2,False,False,False,False,False,False,False,False,distance at most two,translation-connected,connected by translation-subgroup audit,True,not audited,0,not applicable,,audited prior campaign presentation,,,MILP certificate,results/campaign4_milp_verified.jsonl,"$[[144,40,2]]$"
prior_css_w8,prior,CSS,8,144,40,3,,3,,True,upper_bound,,,,,,,0.277777777778,2.5,2.5,,1,False,False,False,False,False,False,False,False,distance not exact,derived connected component,"2x[[144,40]]",True,not audited,0,not applicable,,component of audited prior campaign parent,,,logical-operator witness (incomplete MILP or low-weight search),results/campaign4_milp_verified.jsonl,"$[[144,40,\leq 3]]$"
prior_css_w8,prior,CSS,8,144,40,3,,3,,True,upper_bound,,,,,,,0.277777777778,2.5,2.5,,1,False,False,False,False,False,False,False,False,distance not exact,translation-connected,connected by translation-subgroup audit,True,not audited,0,not applicable,,audited prior campaign presentation,,,logical-operator witness (incomplete MILP or low-weight search),results/campaign4_milp_verified.jsonl,"$[[144,40,\leq 3]]$"
prior_css_w8,prior,CSS,8,144,42,2,2,2,,True,exact,,,,,,,0.291666666667,1.16666666667,1.16666666667,,5,False,False,False,False,False,False,False,False,distance at most two,translation-connected,connected by translation-subgroup audit,True,not audited,0,not applicable,,audited prior campaign presentation,,,MILP certificate,results/campaign4_milp_verified.jsonl,"$[[144,42,2]]$"
prior_css_w8,prior,CSS,8,144,48,3,,3,,True,upper_bound,,,,,,,0.333333333333,3,3,,2,False,False,False,False,False,False,False,False,distance not exact,derived connected component,"2x[[144,48]]",True,not audited,0,not applicable,,component of audited prior campaign parent,,,logical-operator witness (incomplete MILP or low-weight search),results/campaign4_milp_verified.jsonl,"$[[144,48,\leq 3]]$"
prior_css_w8,prior,CSS,8,144,74,2,2,2,,True,exact,,,,,,,0.513888888889,2.05555555556,2.05555555556,,1,False,False,False,False,False,False,False,False,distance at most two,derived connected component,"2x[[144,74]]",True,not audited,0,not applicable,,component of audited prior campaign parent,,,MILP certificate,results/campaign4_milp_verified.jsonl,"$[[144,74,2]]$"
prior_css_w8,prior,CSS,8,180,6,6,6,6,,True,exact,,,,,,,0.0333333333333,1.2,1.2,,2,False,False,False,False,False,False,False,True,,derived connected component,"2x[[180,6]]",True,not audited,0,not applicable,,component of audited prior campaign parent,,,MILP certificate,results/campaign4_milp_verified.jsonl,"$[[180,6,6]]$"
prior_css_w8,prior,CSS,8,180,10,6,6,6,,True,exact,,,,,,,0.0555555555556,2,2,,1,False,False,False,False,False,False,False,True,,derived connected component,"2x[[180,10]]",True,not audited,0,not applicable,,component of audited prior campaign parent,,,MILP certificate,results/campaign4_milp_verified.jsonl,"$[[180,10,6]]$"
prior_css_w8,prior,CSS,8,180,10,6,,6,,True,upper_bound,,,,,,,0.0555555555556,2,2,,1,False,False,False,False,False,False,False,False,distance not exact,derived connected component,"2x[[180,10]]",True,not audited,0,not applicable,,component of audited prior campaign parent,,,logical-operator witness (incomplete MILP or low-weight search),results/campaign4_milp_verified.jsonl,"$[[180,10,\leq 6]]$"
prior_css_w8,prior,CSS,8,180,10,14,,14,,True,upper_bound,,,,,,,0.0555555555556,10.8888888889,10.8888888889,,1,False,False,False,False,False,False,False,False,distance not exact,derived connected component,"2x[[180,10]]",True,not audited,0,not applicable,,component of audited prior campaign parent,,,logical-operator witness (incomplete MILP or low-weight search),results/campaign4_milp_verified.jsonl,"$[[180,10,\leq 14]]$"
prior_css_w8,prior,CSS,8,180,12,3,,3,,True,upper_bound,,,,,,,0.0666666666667,0.6,0.6,,1,False,False,False,False,False,False,False,False,distance not exact,derived connected component,"2x[[180,12]]",True,not audited,0,not applicable,,component of audited prior campaign parent,,,logical-operator witness (incomplete MILP or low-weight search),results/campaign4_milp_verified.jsonl,"$[[180,12,\leq 3]]$"
prior_css_w8,prior,CSS,8,180,12,4,,4,,True,upper_bound,,,,,,,0.0666666666667,1.06666666667,1.06666666667,,1,False,False,False,False,False,False,False,False,distance not exact,derived connected component,"2x[[180,12]]",True,not audited,0,not applicable,,component of audited prior campaign parent,,,logical-operator witness (incomplete MILP or low-weight search),results/campaign4_milp_verified.jsonl,"$[[180,12,\leq 4]]$"
prior_css_w8,prior,CSS,8,180,16,2,2,2,,True,exact,,,,,,,0.0888888888889,0.355555555556,0.355555555556,,1,False,False,False,False,False,False,False,False,distance at most two,derived connected component,"2x[[180,16]]",True,not audited,0,not applicable,,component of audited prior campaign parent,,,MILP certificate,results/campaign4_milp_verified.jsonl,"$[[180,16,2]]$"
prior_css_w8,prior,CSS,8,180,16,6,6,6,,True,exact,,,,,,,0.0888888888889,3.2,3.2,,1,False,False,False,False,False,False,False,True,,derived connected component,"2x[[180,16]]",True,not audited,0,not applicable,,component of audited prior campaign parent,,,MILP certificate,results/campaign4_milp_verified.jsonl,"$[[180,16,6]]$"
prior_css_w8,prior,CSS,8,180,20,4,4,4,,True,exact,,,,,,,0.111111111111,1.77777777778,1.77777777778,,2,False,False,False,False,False,False,False,True,,derived connected component,"2x[[180,20]]",True,not audited,0,not applicable,,component of audited prior campaign parent,,,MILP certificate,results/campaign4_milp_verified.jsonl,"$[[180,20,4]]$"
prior_css_w8,prior,CSS,8,180,20,4,,4,,True,upper_bound,,,,,,,0.111111111111,1.77777777778,1.77777777778,,1,False,False,False,False,False,False,False,False,distance not exact,derived connected component,"2x[[180,20]]",True,not audited,0,not applicable,,component of audited prior campaign parent,,,logical-operator witness (incomplete MILP or low-weight search),results/campaign4_milp_verified.jsonl,"$[[180,20,\leq 4]]$"
prior_css_w8,prior,CSS,8,180,32,4,,4,,True,upper_bound,,,,,,,0.177777777778,2.84444444444,2.84444444444,,2,False,False,False,False,False,False,False,False,distance not exact,derived connected component,"2x[[180,32]]",True,not audited,0,not applicable,,component of audited prior campaign parent,,,logical-operator witness (incomplete MILP or low-weight search),results/campaign4_milp_verified.jsonl,"$[[180,32,\leq 4]]$"
prior_css_w8,prior,CSS,8,180,34,3,,3,,True,upper_bound,,,,,,,0.188888888889,1.7,1.7,,1,False,False,False,False,False,False,False,False,distance not exact,derived connected component,"2x[[180,34]]",True,not audited,0,not applicable,,component of audited prior campaign parent,,,logical-operator witness (incomplete MILP or low-weight search),results/campaign4_milp_verified.jsonl,"$[[180,34,\leq 3]]$"
prior_css_w8,prior,CSS,8,180,60,3,,3,,True,upper_bound,,,,,,,0.333333333333,3,3,,1,False,False,False,False,False,False,False,False,distance not exact,derived connected component,"2x[[180,60]]",True,not audited,0,not applicable,,component of audited prior campaign parent,,,logical-operator witness (incomplete MILP or low-weight search),results/campaign4_milp_verified.jsonl,"$[[180,60,\leq 3]]$"
prior_css_w8,prior,CSS,8,288,8,3,,3,,True,upper_bound,,,,,,,0.0277777777778,0.25,0.25,,1,False,False,False,False,False,False,False,False,distance not exact,translation-connected,connected by translation-subgroup audit,True,not audited,0,not applicable,,audited prior campaign presentation,,,logical-operator witness (incomplete MILP or low-weight search),results/campaign4_milp_verified.jsonl,"$[[288,8,\leq 3]]$"
prior_css_w8,prior,CSS,8,288,8,8,,8,,True,upper_bound,,,,,,,0.0277777777778,1.77777777778,1.77777777778,,4,False,False,False,False,False,False,False,False,distance not exact,translation-connected,connected by translation-subgroup audit,True,not audited,0,not applicable,,audited prior campaign presentation,,,logical-operator witness (incomplete MILP or low-weight search),results/campaign4_milp_verified.jsonl,"$[[288,8,\leq 8]]$"
prior_css_w8,prior,CSS,8,288,8,9,,9,,True,upper_bound,,,,,,,0.0277777777778,2.25,2.25,,2,False,False,False,False,False,False,False,False,distance not exact,translation-connected,connected by translation-subgroup audit,True,not audited,0,not applicable,,audited prior campaign presentation,,,logical-operator witness (incomplete MILP or low-weight search),results/campaign4_milp_verified.jsonl,"$[[288,8,\leq 9]]$"
prior_css_w8,prior,CSS,8,288,8,12,,12,,True,upper_bound,,,,,,,0.0277777777778,4,4,,2,False,False,False,False,False,False,False,False,distance not exact,translation-connected,connected by translation-subgroup audit,True,not audited,0,not applicable,,audited prior campaign presentation,,,logical-operator witness (incomplete MILP or low-weight search),results/campaign4_milp_verified.jsonl,"$[[288,8,\leq 12]]$"
prior_css_w8,prior,CSS,8,288,10,2,2,2,,True,exact,,,,,,,0.0347222222222,0.138888888889,0.138888888889,,1,False,False,False,False,False,False,False,False,distance at most two,translation-connected,connected by translation-subgroup audit,True,not audited,0,not applicable,,audited prior campaign presentation,,,MILP certificate,results/campaign4_milp_verified.jsonl,"$[[288,10,2]]$"
prior_css_w8,prior,CSS,8,288,10,4,,4,,True,upper_bound,,,,,,,0.0347222222222,0.555555555556,0.555555555556,,1,False,False,False,False,False,False,False,False,distance not exact,translation-connected,connected by translation-subgroup audit,True,not audited,0,not applicable,,audited prior campaign presentation,,,logical-operator witness (incomplete MILP or low-weight search),results/campaign4_milp_verified.jsonl,"$[[288,10,\leq 4]]$"
prior_css_w8,prior,CSS,8,288,10,6,6,6,,True,exact,,,,,,,0.0347222222222,1.25,1.25,,3,False,False,False,False,False,False,False,True,,translation-connected,connected by translation-subgroup audit,True,not audited,0,not applicable,,audited prior campaign presentation,,,MILP certificate,results/campaign4_milp_verified.jsonl,"$[[288,10,6]]$"
prior_css_w8,prior,CSS,8,288,10,6,,6,,True,upper_bound,,,,,,,0.0347222222222,1.25,1.25,,1,False,False,False,False,False,False,False,False,distance not exact,translation-connected,connected by translation-subgroup audit,True,not audited,0,not applicable,,audited prior campaign presentation,,,logical-operator witness (incomplete MILP or low-weight search),results/campaign4_milp_verified.jsonl,"$[[288,10,\leq 6]]$"
prior_css_w8,prior,CSS,8,288,10,8,8,8,,True,exact,,,,,,,0.0347222222222,2.22222222222,2.22222222222,,1,False,False,False,False,False,False,False,True,,translation-connected,connected by translation-subgroup audit,True,not audited,0,not applicable,,audited prior campaign presentation,,,MILP certificate,results/campaign4_milp_verified.jsonl,"$[[288,10,8]]$"
prior_css_w8,prior,CSS,8,288,10,8,,8,,True,upper_bound,,,,,,,0.0347222222222,2.22222222222,2.22222222222,,3,False,False,False,False,False,False,False,False,distance not exact,translation-connected,connected by translation-subgroup audit,True,not audited,0,not applicable,,audited prior campaign presentation,,,logical-operator witness (incomplete MILP or low-weight search),results/campaign4_milp_verified.jsonl,"$[[288,10,\leq 8]]$"
prior_css_w8,prior,CSS,8,288,10,12,,12,,True,upper_bound,,,,,,,0.0347222222222,5,5,,1,False,False,False,False,False,False,False,False,distance not exact,translation-connected,connected by translation-subgroup audit,True,not audited,0,not applicable,,audited prior campaign presentation,,,logical-operator witness (incomplete MILP or low-weight search),results/campaign4_milp_verified.jsonl,"$[[288,10,\leq 12]]$"
prior_css_w8,prior,CSS,8,288,12,3,,3,,True,upper_bound,,,,,,,0.0416666666667,0.375,0.375,,3,False,False,False,False,False,False,False,False,distance not exact,translation-connected,connected by translation-subgroup audit,True,not audited,0,not applicable,,audited prior campaign presentation,,,logical-operator witness (incomplete MILP or low-weight search),results/campaign4_milp_verified.jsonl,"$[[288,12,\leq 3]]$"
prior_css_w8,prior,CSS,8,288,12,6,,6,,True,upper_bound,,,,,,,0.0416666666667,1.5,1.5,,1,False,False,False,False,False,False,False,False,distance not exact,translation-connected,connected by translation-subgroup audit,True,not audited,0,not applicable,,audited prior campaign presentation,,,logical-operator witness (incomplete MILP or low-weight search),results/campaign4_milp_verified.jsonl,"$[[288,12,\leq 6]]$"
prior_css_w8,prior,CSS,8,288,12,8,,8,,True,upper_bound,,,,,,,0.0416666666667,2.66666666667,2.66666666667,,7,False,False,False,False,False,False,False,False,distance not exact,translation-connected,connected by translation-subgroup audit,True,not audited,0,not applicable,,audited prior campaign presentation,,,logical-operator witness (incomplete MILP or low-weight search),results/campaign4_milp_verified.jsonl,"$[[288,12,\leq 8]]$"
prior_css_w8,prior,CSS,8,288,12,9,,9,,True,upper_bound,,,,,,,0.0416666666667,3.375,3.375,,3,False,False,False,False,False,False,False,False,distance not exact,translation-connected,connected by translation-subgroup audit,True,not audited,0,not applicable,,audited prior campaign presentation,,,logical-operator witness (incomplete MILP or low-weight search),results/campaign4_milp_verified.jsonl,"$[[288,12,\leq 9]]$"
prior_css_w8,prior,CSS,8,288,14,2,,2,,True,upper_bound,,,,,,,0.0486111111111,0.194444444444,0.194444444444,,1,False,False,False,False,False,False,False,False,distance not exact,translation-connected,connected by translation-subgroup audit,True,not audited,0,not applicable,,audited prior campaign presentation,,,logical-operator witness (incomplete MILP or low-weight search),results/campaign4_milp_verified.jsonl,"$[[288,14,\leq 2]]$"
prior_css_w8,prior,CSS,8,288,14,3,,3,,True,upper_bound,,,,,,,0.0486111111111,0.4375,0.4375,,1,False,False,False,False,False,False,False,False,distance not exact,translation-connected,connected by translation-subgroup audit,True,not audited,0,not applicable,,audited prior campaign presentation,,,logical-operator witness (incomplete MILP or low-weight search),results/campaign4_milp_verified.jsonl,"$[[288,14,\leq 3]]$"
prior_css_w8,prior,CSS,8,288,14,6,6,6,,True,exact,,,,,,,0.0486111111111,1.75,1.75,,1,False,False,False,False,False,False,False,True,,translation-connected,connected by translation-subgroup audit,True,not audited,0,not applicable,,audited prior campaign presentation,,,MILP certificate,results/campaign4_milp_verified.jsonl,"$[[288,14,6]]$"
prior_css_w8,prior,CSS,8,288,14,6,,6,,True,upper_bound,,,,,,,0.0486111111111,1.75,1.75,,2,False,False,False,False,False,False,False,False,distance not exact,translation-connected,connected by translation-subgroup audit,True,not audited,0,not applicable,,audited prior campaign presentation,,,logical-operator witness (incomplete MILP or low-weight search),results/campaign4_milp_verified.jsonl,"$[[288,14,\leq 6]]$"
prior_css_w8,prior,CSS,8,288,14,8,,8,,True,upper_bound,,,,,,,0.0486111111111,3.11111111111,3.11111111111,,3,False,False,False,False,False,False,False,False,distance not exact,translation-connected,connected by translation-subgroup audit,True,not audited,0,not applicable,,audited prior campaign presentation,,,logical-operator witness (incomplete MILP or low-weight search),results/campaign4_milp_verified.jsonl,"$[[288,14,\leq 8]]$"
prior_css_w8,prior,CSS,8,288,14,12,,12,,True,upper_bound,,,,,,,0.0486111111111,7,7,,2,False,False,False,False,False,False,False,False,distance not exact,translation-connected,connected by translation-subgroup audit,True,not audited,0,not applicable,,audited prior campaign presentation,,,logical-operator witness (incomplete MILP or low-weight search),results/campaign4_milp_verified.jsonl,"$[[288,14,\leq 12]]$"
prior_css_w8,prior,CSS,8,288,16,4,,4,,True,upper_bound,,,,,,,0.0555555555556,0.888888888889,0.888888888889,,1,False,False,False,False,False,False,False,False,distance not exact,translation-connected,connected by translation-subgroup audit,True,not audited,0,not applicable,,audited prior campaign presentation,,,logical-operator witness (incomplete MILP or low-weight search),results/campaign4_milp_verified.jsonl,"$[[288,16,\leq 4]]$"
prior_css_w8,prior,CSS,8,288,16,6,6,6,,True,exact,,,,,,,0.0555555555556,2,2,,2,False,False,False,False,False,False,False,True,,translation-connected,connected by translation-subgroup audit,True,not audited,0,not applicable,,audited prior campaign presentation,,,MILP certificate,results/campaign4_milp_verified.jsonl,"$[[288,16,6]]$"
prior_css_w8,prior,CSS,8,288,16,8,,8,,True,upper_bound,,,,,,,0.0555555555556,3.55555555556,3.55555555556,,2,False,False,False,False,False,False,False,False,distance not exact,translation-connected,connected by translation-subgroup audit,True,not audited,0,not applicable,,audited prior campaign presentation,,,logical-operator witness (incomplete MILP or low-weight search),results/campaign4_milp_verified.jsonl,"$[[288,16,\leq 8]]$"
prior_css_w8,prior,CSS,8,288,18,2,2,2,,True,exact,,,,,,,0.0625,0.25,0.25,,2,False,False,False,False,False,False,False,False,distance at most two,translation-connected,connected by translation-subgroup audit,True,not audited,0,not applicable,,audited prior campaign presentation,,,MILP certificate,results/campaign4_milp_verified.jsonl,"$[[288,18,2]]$"
prior_css_w8,prior,CSS,8,288,18,3,,3,,True,upper_bound,,,,,,,0.0625,0.5625,0.5625,,6,False,False,False,False,False,False,False,False,distance not exact,translation-connected,connected by translation-subgroup audit,True,not audited,0,not applicable,,audited prior campaign presentation,,,logical-operator witness (incomplete MILP or low-weight search),results/campaign4_milp_verified.jsonl,"$[[288,18,\leq 3]]$"
prior_css_w8,prior,CSS,8,288,18,4,,4,,True,upper_bound,,,,,,,0.0625,1,1,,3,False,False,False,False,False,False,False,False,distance not exact,translation-connected,connected by translation-subgroup audit,True,not audited,0,not applicable,,audited prior campaign presentation,,,logical-operator witness (incomplete MILP or low-weight search),results/campaign4_milp_verified.jsonl,"$[[288,18,\leq 4]]$"
prior_css_w8,prior,CSS,8,288,18,6,,6,,True,upper_bound,,,,,,,0.0625,2.25,2.25,,2,False,False,False,False,False,False,False,False,distance not exact,translation-connected,connected by translation-subgroup audit,True,not audited,0,not applicable,,audited prior campaign presentation,,,logical-operator witness (incomplete MILP or low-weight search),results/campaign4_milp_verified.jsonl,"$[[288,18,\leq 6]]$"
prior_css_w8,prior,CSS,8,288,18,8,8,8,,True,exact,,,,,,,0.0625,4,4,,2,False,False,False,False,False,False,False,True,,translation-connected,connected by translation-subgroup audit,True,not audited,0,not applicable,,audited prior campaign presentation,,,MILP certificate,results/campaign4_milp_verified.jsonl,"$[[288,18,8]]$"
prior_css_w8,prior,CSS,8,288,20,2,2,2,,True,exact,,,,,,,0.0694444444444,0.277777777778,0.277777777778,,1,False,False,False,False,False,False,False,False,distance at most two,translation-connected,connected by translation-subgroup audit,True,not audited,0,not applicable,,audited prior campaign presentation,,,MILP certificate,results/campaign4_milp_verified.jsonl,"$[[288,20,2]]$"
prior_css_w8,prior,CSS,8,288,20,3,,3,,True,upper_bound,,,,,,,0.0694444444444,0.625,0.625,,1,False,False,False,False,False,False,False,False,distance not exact,translation-connected,connected by translation-subgroup audit,True,not audited,0,not applicable,,audited prior campaign presentation,,,logical-operator witness (incomplete MILP or low-weight search),results/campaign4_milp_verified.jsonl,"$[[288,20,\leq 3]]$"
prior_css_w8,prior,CSS,8,288,20,4,4,4,,True,exact,,,,,,,0.0694444444444,1.11111111111,1.11111111111,,2,False,False,False,False,False,False,False,True,,translation-connected,connected by translation-subgroup audit,True,not audited,0,not applicable,,audited prior campaign presentation,,,MILP certificate,results/campaign4_milp_verified.jsonl,"$[[288,20,4]]$"
prior_css_w8,prior,CSS,8,288,20,8,,8,,True,upper_bound,,,,,,,0.0694444444444,4.44444444444,4.44444444444,,1,False,False,False,False,False,False,False,False,distance not exact,translation-connected,connected by translation-subgroup audit,True,not audited,0,not applicable,,audited prior campaign presentation,,,logical-operator witness (incomplete MILP or low-weight search),results/campaign4_milp_verified.jsonl,"$[[288,20,\leq 8]]$"
prior_css_w8,prior,CSS,8,288,22,2,2,2,,True,exact,,,,,,,0.0763888888889,0.305555555556,0.305555555556,,1,False,False,False,False,False,False,False,False,distance at most two,translation-connected,connected by translation-subgroup audit,True,not audited,0,not applicable,,audited prior campaign presentation,,,MILP certificate,results/campaign4_milp_verified.jsonl,"$[[288,22,2]]$"
prior_css_w8,prior,CSS,8,288,22,8,,8,,True,upper_bound,,,,,,,0.0763888888889,4.88888888889,4.88888888889,,1,False,False,False,False,False,False,False,False,distance not exact,translation-connected,connected by translation-subgroup audit,True,not audited,0,not applicable,,audited prior campaign presentation,,,logical-operator witness (incomplete MILP or low-weight search),results/campaign4_milp_verified.jsonl,"$[[288,22,\leq 8]]$"
prior_css_w8,prior,CSS,8,288,24,2,2,2,,True,exact,,,,,,,0.0833333333333,0.333333333333,0.333333333333,,1,False,False,False,False,False,False,False,False,distance at most two,translation-connected,connected by translation-subgroup audit,True,not audited,0,not applicable,,audited prior campaign presentation,,,MILP certificate,results/campaign4_milp_verified.jsonl,"$[[288,24,2]]$"
prior_css_w8,prior,CSS,8,288,24,2,,2,,True,upper_bound,,,,,,,0.0833333333333,0.333333333333,0.333333333333,,2,False,False,False,False,False,False,False,False,distance not exact,translation-connected,connected by translation-subgroup audit,True,not audited,0,not applicable,,audited prior campaign presentation,,,logical-operator witness (incomplete MILP or low-weight search),results/campaign4_milp_verified.jsonl,"$[[288,24,\leq 2]]$"
prior_css_w8,prior,CSS,8,288,24,4,4,4,,True,exact,,,,,,,0.0833333333333,1.33333333333,1.33333333333,,1,False,False,False,False,False,False,False,True,,translation-connected,connected by translation-subgroup audit,True,not audited,0,not applicable,,audited prior campaign presentation,,,MILP certificate,results/campaign4_milp_verified.jsonl,"$[[288,24,4]]$"
prior_css_w8,prior,CSS,8,288,26,2,2,2,,True,exact,,,,,,,0.0902777777778,0.361111111111,0.361111111111,,1,False,False,False,False,False,False,False,False,distance at most two,translation-connected,connected by translation-subgroup audit,True,not audited,0,not applicable,,audited prior campaign presentation,,,MILP certificate,results/campaign4_milp_verified.jsonl,"$[[288,26,2]]$"
prior_css_w8,prior,CSS,8,288,26,3,,3,,True,upper_bound,,,,,,,0.0902777777778,0.8125,0.8125,,1,False,False,False,False,False,False,False,False,distance not exact,translation-connected,connected by translation-subgroup audit,True,not audited,0,not applicable,,audited prior campaign presentation,,,logical-operator witness (incomplete MILP or low-weight search),results/campaign4_milp_verified.jsonl,"$[[288,26,\leq 3]]$"
prior_css_w8,prior,CSS,8,288,26,4,,4,,True,upper_bound,,,,,,,0.0902777777778,1.44444444444,1.44444444444,,2,False,False,False,False,False,False,False,False,distance not exact,translation-connected,connected by translation-subgroup audit,True,not audited,0,not applicable,,audited prior campaign presentation,,,logical-operator witness (incomplete MILP or low-weight search),results/campaign4_milp_verified.jsonl,"$[[288,26,\leq 4]]$"
prior_css_w8,prior,CSS,8,288,26,6,6,6,,True,exact,,,,,,,0.0902777777778,3.25,3.25,,1,False,False,False,False,False,False,False,True,,translation-connected,connected by translation-subgroup audit,True,not audited,0,not applicable,,audited prior campaign presentation,,,MILP certificate,results/campaign4_milp_verified.jsonl,"$[[288,26,6]]$"
prior_css_w8,prior,CSS,8,288,28,6,6,6,,True,exact,,,,,,,0.0972222222222,3.5,3.5,,1,False,False,False,False,False,False,False,True,,translation-connected,connected by translation-subgroup audit,True,not audited,0,not applicable,,audited prior campaign presentation,,,MILP certificate,results/campaign4_milp_verified.jsonl,"$[[288,28,6]]$"
prior_css_w8,prior,CSS,8,288,28,6,,6,,True,upper_bound,,,,,,,0.0972222222222,3.5,3.5,,1,False,False,False,False,False,False,False,False,distance not exact,translation-connected,connected by translation-subgroup audit,True,not audited,0,not applicable,,audited prior campaign presentation,,,logical-operator witness (incomplete MILP or low-weight search),results/campaign4_milp_verified.jsonl,"$[[288,28,\leq 6]]$"
prior_css_w8,prior,CSS,8,288,30,2,2,2,,True,exact,,,,,,,0.104166666667,0.416666666667,0.416666666667,,1,False,False,False,False,False,False,False,False,distance at most two,translation-connected,connected by translation-subgroup audit,True,not audited,0,not applicable,,audited prior campaign presentation,,,MILP certificate,results/campaign4_milp_verified.jsonl,"$[[288,30,2]]$"
prior_css_w8,prior,CSS,8,288,30,3,,3,,True,upper_bound,,,,,,,0.104166666667,0.9375,0.9375,,2,False,False,False,False,False,False,False,False,distance not exact,translation-connected,connected by translation-subgroup audit,True,not audited,0,not applicable,,audited prior campaign presentation,,,logical-operator witness (incomplete MILP or low-weight search),results/campaign4_milp_verified.jsonl,"$[[288,30,\leq 3]]$"
prior_css_w8,prior,CSS,8,288,30,6,6,6,,True,exact,,,,,,,0.104166666667,3.75,3.75,,2,False,False,False,False,False,False,False,True,,translation-connected,connected by translation-subgroup audit,True,not audited,0,not applicable,,audited prior campaign presentation,,,MILP certificate,results/campaign4_milp_verified.jsonl,"$[[288,30,6]]$"
prior_css_w8,prior,CSS,8,288,32,4,,4,,True,upper_bound,,,,,,,0.111111111111,1.77777777778,1.77777777778,,4,False,False,False,False,False,False,False,False,distance not exact,translation-connected,connected by translation-subgroup audit,True,not audited,0,not applicable,,audited prior campaign presentation,,,logical-operator witness (incomplete MILP or low-weight search),results/campaign4_milp_verified.jsonl,"$[[288,32,\leq 4]]$"
prior_css_w8,prior,CSS,8,288,34,2,2,2,,True,exact,,,,,,,0.118055555556,0.472222222222,0.472222222222,,1,False,False,False,False,False,False,False,False,distance at most two,translation-connected,connected by translation-subgroup audit,True,not audited,0,not applicable,,audited prior campaign presentation,,,MILP certificate,results/campaign4_milp_verified.jsonl,"$[[288,34,2]]$"
prior_css_w8,prior,CSS,8,288,36,2,2,2,,True,exact,,,,,,,0.125,0.5,0.5,,1,False,False,False,False,False,False,False,False,distance at most two,translation-connected,connected by translation-subgroup audit,True,not audited,0,not applicable,,audited prior campaign presentation,,,MILP certificate,results/campaign4_milp_verified.jsonl,"$[[288,36,2]]$"
prior_css_w8,prior,CSS,8,288,36,3,3,3,,True,exact,,,,,,,0.125,1.125,1.125,,1,False,False,False,False,False,False,False,True,,translation-connected,connected by translation-subgroup audit,True,not audited,0,not applicable,,audited prior campaign presentation,,,MILP certificate,results/campaign4_milp_verified.jsonl,"$[[288,36,3]]$"
prior_css_w8,prior,CSS,8,288,36,3,,3,,True,upper_bound,,,,,,,0.125,1.125,1.125,,1,False,False,False,False,False,False,False,False,distance not exact,translation-connected,connected by translation-subgroup audit,True,not audited,0,not applicable,,audited prior campaign presentation,,,logical-operator witness (incomplete MILP or low-weight search),results/campaign4_milp_verified.jsonl,"$[[288,36,\leq 3]]$"
prior_css_w8,prior,CSS,8,288,36,4,,4,,True,upper_bound,,,,,,,0.125,2,2,,1,False,False,False,False,False,False,False,False,distance not exact,translation-connected,connected by translation-subgroup audit,True,not audited,0,not applicable,,audited prior campaign presentation,,,logical-operator witness (incomplete MILP or low-weight search),results/campaign4_milp_verified.jsonl,"$[[288,36,\leq 4]]$"
prior_css_w8,prior,CSS,8,288,36,8,8,8,,True,exact,,,,,,,0.125,8,8,,1,False,False,False,False,False,False,False,True,,translation-connected,connected by translation-subgroup audit,True,not audited,0,not applicable,,audited prior campaign presentation,,,MILP certificate,results/campaign4_milp_verified.jsonl,"$[[288,36,8]]$"
prior_css_w8,prior,CSS,8,288,38,2,2,2,,True,exact,,,,,,,0.131944444444,0.527777777778,0.527777777778,,1,False,False,False,False,False,False,False,False,distance at most two,translation-connected,connected by translation-subgroup audit,True,not audited,0,not applicable,,audited prior campaign presentation,,,MILP certificate,results/campaign4_milp_verified.jsonl,"$[[288,38,2]]$"
prior_css_w8,prior,CSS,8,288,38,4,,4,,True,upper_bound,,,,,,,0.131944444444,2.11111111111,2.11111111111,,2,False,False,False,False,False,False,False,False,distance not exact,translation-connected,connected by translation-subgroup audit,True,not audited,0,not applicable,,audited prior campaign presentation,,,logical-operator witness (incomplete MILP or low-weight search),results/campaign4_milp_verified.jsonl,"$[[288,38,\leq 4]]$"
prior_css_w8,prior,CSS,8,288,40,2,2,2,,True,exact,,,,,,,0.138888888889,0.555555555556,0.555555555556,,2,False,False,False,False,False,False,False,False,distance at most two,translation-connected,connected by translation-subgroup audit,True,not audited,0,not applicable,,audited prior campaign presentation,,,MILP certificate,results/campaign4_milp_verified.jsonl,"$[[288,40,2]]$"
prior_css_w8,prior,CSS,8,288,40,3,3,3,,True,exact,,,,,,,0.138888888889,1.25,1.25,,1,False,False,False,False,False,False,False,True,,translation-connected,connected by translation-subgroup audit,True,not audited,0,not applicable,,audited prior campaign presentation,,,MILP certificate,results/campaign4_milp_verified.jsonl,"$[[288,40,3]]$"
prior_css_w8,prior,CSS,8,288,40,3,,3,,True,upper_bound,,,,,,,0.138888888889,1.25,1.25,,1,False,False,False,False,False,False,False,False,distance not exact,translation-connected,connected by translation-subgroup audit,True,not audited,0,not applicable,,audited prior campaign presentation,,,logical-operator witness (incomplete MILP or low-weight search),results/campaign4_milp_verified.jsonl,"$[[288,40,\leq 3]]$"
prior_css_w8,prior,CSS,8,288,42,3,,3,,True,upper_bound,,,,,,,0.145833333333,1.3125,1.3125,,1,False,False,False,False,False,False,False,False,distance not exact,translation-connected,connected by translation-subgroup audit,True,not audited,0,not applicable,,audited prior campaign presentation,,,logical-operator witness (incomplete MILP or low-weight search),results/campaign4_milp_verified.jsonl,"$[[288,42,\leq 3]]$"
prior_css_w8,prior,CSS,8,288,46,8,8,8,,True,exact,,,,,,,0.159722222222,10.2222222222,10.2222222222,,2,False,False,False,False,False,False,False,True,,translation-connected,connected by translation-subgroup audit,True,not audited,0,not applicable,,audited prior campaign presentation,,,MILP certificate,results/campaign4_milp_verified.jsonl,"$[[288,46,8]]$"
prior_css_w8,prior,CSS,8,288,48,2,2,2,,True,exact,,,,,,,0.166666666667,0.666666666667,0.666666666667,,2,False,False,False,False,False,False,False,False,distance at most two,translation-connected,connected by translation-subgroup audit,True,not audited,0,not applicable,,audited prior campaign presentation,,,MILP certificate,results/campaign4_milp_verified.jsonl,"$[[288,48,2]]$"
prior_css_w8,prior,CSS,8,288,48,3,,3,,True,upper_bound,,,,,,,0.166666666667,1.5,1.5,,3,False,False,False,False,False,False,False,False,distance not exact,translation-connected,connected by translation-subgroup audit,True,not audited,0,not applicable,,audited prior campaign presentation,,,logical-operator witness (incomplete MILP or low-weight search),results/campaign4_milp_verified.jsonl,"$[[288,48,\leq 3]]$"
prior_css_w8,prior,CSS,8,288,48,4,,4,,True,upper_bound,,,,,,,0.166666666667,2.66666666667,2.66666666667,,3,False,False,False,False,False,False,False,False,distance not exact,translation-connected,connected by translation-subgroup audit,True,not audited,0,not applicable,,audited prior campaign presentation,,,logical-operator witness (incomplete MILP or low-weight search),results/campaign4_milp_verified.jsonl,"$[[288,48,\leq 4]]$"
prior_css_w8,prior,CSS,8,288,48,5,5,5,,True,exact,,,,,,,0.166666666667,4.16666666667,4.16666666667,,1,False,False,False,False,False,False,False,True,,translation-connected,connected by translation-subgroup audit,True,not audited,0,not applicable,,audited prior campaign presentation,,,MILP certificate,results/campaign4_milp_verified.jsonl,"$[[288,48,5]]$"
prior_css_w8,prior,CSS,8,288,50,4,,4,,True,upper_bound,,,,,,,0.173611111111,2.77777777778,2.77777777778,,4,False,False,False,False,False,False,False,False,distance not exact,translation-connected,connected by translation-subgroup audit,True,not audited,0,not applicable,,audited prior campaign presentation,,,logical-operator witness (incomplete MILP or low-weight search),results/campaign4_milp_verified.jsonl,"$[[288,50,\leq 4]]$"
prior_css_w8,prior,CSS,8,288,50,6,6,6,,True,exact,,,,,,,0.173611111111,6.25,6.25,,1,False,False,False,False,False,False,False,True,,translation-connected,connected by translation-subgroup audit,True,not audited,0,not applicable,,audited prior campaign presentation,,,MILP certificate,results/campaign4_milp_verified.jsonl,"$[[288,50,6]]$"
prior_css_w8,prior,CSS,8,288,50,8,8,8,,True,exact,,,,,,,0.173611111111,11.1111111111,11.1111111111,,2,False,False,False,True,False,True,False,True,,translation-connected,connected by translation-subgroup audit,True,not audited,0,not applicable,,audited prior campaign presentation,,,MILP certificate,results/campaign4_milp_verified.jsonl,"$[[288,50,8]]$"
prior_css_w8,prior,CSS,8,288,52,3,,3,,True,upper_bound,,,,,,,0.180555555556,1.625,1.625,,2,False,False,False,False,False,False,False,False,distance not exact,translation-connected,connected by translation-subgroup audit,True,not audited,0,not applicable,,audited prior campaign presentation,,,logical-operator witness (incomplete MILP or low-weight search),results/campaign4_milp_verified.jsonl,"$[[288,52,\leq 3]]$"
prior_css_w8,prior,CSS,8,288,52,4,,4,,True,upper_bound,,,,,,,0.180555555556,2.88888888889,2.88888888889,,3,False,False,False,False,False,False,False,False,distance not exact,translation-connected,connected by translation-subgroup audit,True,not audited,0,not applicable,,audited prior campaign presentation,,,logical-operator witness (incomplete MILP or low-weight search),results/campaign4_milp_verified.jsonl,"$[[288,52,\leq 4]]$"
prior_css_w8,prior,CSS,8,288,54,4,,4,,True,upper_bound,,,,,,,0.1875,3,3,,1,False,False,False,False,False,False,False,False,distance not exact,translation-connected,connected by translation-subgroup audit,True,not audited,0,not applicable,,audited prior campaign presentation,,,logical-operator witness (incomplete MILP or low-weight search),results/campaign4_milp_verified.jsonl,"$[[288,54,\leq 4]]$"
prior_css_w8,prior,CSS,8,288,56,2,2,2,,True,exact,,,,,,,0.194444444444,0.777777777778,0.777777777778,,1,False,False,False,False,False,False,False,False,distance at most two,translation-connected,connected by translation-subgroup audit,True,not audited,0,not applicable,,audited prior campaign presentation,,,MILP certificate,results/campaign4_milp_verified.jsonl,"$[[288,56,2]]$"
prior_css_w8,prior,CSS,8,288,58,4,4,4,,True,exact,,,,,,,0.201388888889,3.22222222222,3.22222222222,,2,False,False,False,False,False,False,False,True,,translation-connected,connected by translation-subgroup audit,True,not audited,0,not applicable,,audited prior campaign presentation,,,MILP certificate,results/campaign4_milp_verified.jsonl,"$[[288,58,4]]$"
prior_css_w8,prior,CSS,8,288,60,3,,3,,True,upper_bound,,,,,,,0.208333333333,1.875,1.875,,2,False,False,False,False,False,False,False,False,distance not exact,translation-connected,connected by translation-subgroup audit,True,not audited,0,not applicable,,audited prior campaign presentation,,,logical-operator witness (incomplete MILP or low-weight search),results/campaign4_milp_verified.jsonl,"$[[288,60,\leq 3]]$"
prior_css_w8,prior,CSS,8,288,66,2,2,2,,True,exact,,,,,,,0.229166666667,0.916666666667,0.916666666667,,1,False,False,False,False,False,False,False,False,distance at most two,translation-connected,connected by translation-subgroup audit,True,not audited,0,not applicable,,audited prior campaign presentation,,,MILP certificate,results/campaign4_milp_verified.jsonl,"$[[288,66,2]]$"
prior_css_w8,prior,CSS,8,288,72,3,,3,,True,upper_bound,,,,,,,0.25,2.25,2.25,,1,False,False,False,False,False,False,False,False,distance not exact,translation-connected,connected by translation-subgroup audit,True,not audited,0,not applicable,,audited prior campaign presentation,,,logical-operator witness (incomplete MILP or low-weight search),results/campaign4_milp_verified.jsonl,"$[[288,72,\leq 3]]$"
prior_css_w8,prior,CSS,8,288,74,4,,4,,True,upper_bound,,,,,,,0.256944444444,4.11111111111,4.11111111111,,1,False,False,False,False,False,False,False,False,distance not exact,translation-connected,connected by translation-subgroup audit,True,not audited,0,not applicable,,audited prior campaign presentation,,,logical-operator witness (incomplete MILP or low-weight search),results/campaign4_milp_verified.jsonl,"$[[288,74,\leq 4]]$"
prior_css_w8,prior,CSS,8,360,10,12,,12,,True,upper_bound,,,,,,,0.0277777777778,4,4,,1,False,False,False,False,False,False,False,False,distance not exact,translation-connected,connected by translation-subgroup audit,True,not audited,0,not applicable,,audited prior campaign presentation,,,logical-operator witness (incomplete MILP or low-weight search),results/campaign4_milp_verified.jsonl,"$[[360,10,\leq 12]]$"
prior_css_w8,prior,CSS,8,360,10,14,,14,,True,upper_bound,,,,,,,0.0277777777778,5.44444444444,5.44444444444,,1,False,False,False,False,False,False,False,False,distance not exact,translation-connected,connected by translation-subgroup audit,True,not audited,0,not applicable,,audited prior campaign presentation,,,logical-operator witness (incomplete MILP or low-weight search),results/campaign4_milp_verified.jsonl,"$[[360,10,\leq 14]]$"
prior_css_w8,prior,CSS,8,360,12,6,,6,,True,upper_bound,,,,,,,0.0333333333333,1.2,1.2,,2,False,False,False,False,False,False,False,False,distance not exact,translation-connected,connected by translation-subgroup audit,True,not audited,0,not applicable,,audited prior campaign presentation,,,logical-operator witness (incomplete MILP or low-weight search),results/campaign4_milp_verified.jsonl,"$[[360,12,\leq 6]]$"
prior_css_w8,prior,CSS,8,360,14,2,2,2,,True,exact,,,,,,,0.0388888888889,0.155555555556,0.155555555556,,1,False,False,False,False,False,False,False,False,distance at most two,translation-connected,connected by translation-subgroup audit,True,not audited,0,not applicable,,audited prior campaign presentation,,,MILP certificate,results/campaign4_milp_verified.jsonl,"$[[360,14,2]]$"
prior_css_w8,prior,CSS,8,360,14,4,,4,,True,upper_bound,,,,,,,0.0388888888889,0.622222222222,0.622222222222,,2,False,False,False,False,False,False,False,False,distance not exact,translation-connected,connected by translation-subgroup audit,True,not audited,0,not applicable,,audited prior campaign presentation,,,logical-operator witness (incomplete MILP or low-weight search),results/campaign4_milp_verified.jsonl,"$[[360,14,\leq 4]]$"
prior_css_w8,prior,CSS,8,360,14,12,,12,,True,upper_bound,,,,,,,0.0388888888889,5.6,5.6,,1,False,False,False,False,False,False,False,False,distance not exact,translation-connected,connected by translation-subgroup audit,True,not audited,0,not applicable,,audited prior campaign presentation,,,logical-operator witness (incomplete MILP or low-weight search),results/campaign4_milp_verified.jsonl,"$[[360,14,\leq 12]]$"
prior_css_w8,prior,CSS,8,360,16,6,,6,,True,upper_bound,,,,,,,0.0444444444444,1.6,1.6,,1,False,False,False,False,False,False,False,False,distance not exact,translation-connected,connected by translation-subgroup audit,True,not audited,0,not applicable,,audited prior campaign presentation,,,logical-operator witness (incomplete MILP or low-weight search),results/campaign4_milp_verified.jsonl,"$[[360,16,\leq 6]]$"
prior_css_w8,prior,CSS,8,360,18,3,,3,,True,upper_bound,,,,,,,0.05,0.45,0.45,,1,False,False,False,False,False,False,False,False,distance not exact,translation-connected,connected by translation-subgroup audit,True,not audited,0,not applicable,,audited prior campaign presentation,,,logical-operator witness (incomplete MILP or low-weight search),results/campaign4_milp_verified.jsonl,"$[[360,18,\leq 3]]$"
prior_css_w8,prior,CSS,8,360,18,6,6,6,,True,exact,,,,,,,0.05,1.8,1.8,,1,False,False,False,False,False,False,False,True,,translation-connected,connected by translation-subgroup audit,True,not audited,0,not applicable,,audited prior campaign presentation,,,MILP certificate,results/campaign4_milp_verified.jsonl,"$[[360,18,6]]$"
prior_css_w8,prior,CSS,8,360,18,12,,12,,True,upper_bound,,,,,,,0.05,7.2,7.2,,1,False,False,False,False,False,False,False,False,distance not exact,translation-connected,connected by translation-subgroup audit,True,not audited,0,not applicable,,audited prior campaign presentation,,,logical-operator witness (incomplete MILP or low-weight search),results/campaign4_milp_verified.jsonl,"$[[360,18,\leq 12]]$"
prior_css_w8,prior,CSS,8,360,20,3,,3,,True,upper_bound,,,,,,,0.0555555555556,0.5,0.5,,1,False,False,False,False,False,False,False,False,distance not exact,translation-connected,connected by translation-subgroup audit,True,not audited,0,not applicable,,audited prior campaign presentation,,,logical-operator witness (incomplete MILP or low-weight search),results/campaign4_milp_verified.jsonl,"$[[360,20,\leq 3]]$"
prior_css_w8,prior,CSS,8,360,20,4,,4,,True,upper_bound,,,,,,,0.0555555555556,0.888888888889,0.888888888889,,1,False,False,False,False,False,False,False,False,distance not exact,translation-connected,connected by translation-subgroup audit,True,not audited,0,not applicable,,audited prior campaign presentation,,,logical-operator witness (incomplete MILP or low-weight search),results/campaign4_milp_verified.jsonl,"$[[360,20,\leq 4]]$"
prior_css_w8,prior,CSS,8,360,22,2,2,2,,True,exact,,,,,,,0.0611111111111,0.244444444444,0.244444444444,,2,False,False,False,False,False,False,False,False,distance at most two,translation-connected,connected by translation-subgroup audit,True,not audited,0,not applicable,,audited prior campaign presentation,,,MILP certificate,results/campaign4_milp_verified.jsonl,"$[[360,22,2]]$"
prior_css_w8,prior,CSS,8,360,22,4,,4,,True,upper_bound,,,,,,,0.0611111111111,0.977777777778,0.977777777778,,1,False,False,False,False,False,False,False,False,distance not exact,translation-connected,connected by translation-subgroup audit,True,not audited,0,not applicable,,audited prior campaign presentation,,,logical-operator witness (incomplete MILP or low-weight search),results/campaign4_milp_verified.jsonl,"$[[360,22,\leq 4]]$"
prior_css_w8,prior,CSS,8,360,22,6,,6,,True,upper_bound,,,,,,,0.0611111111111,2.2,2.2,,1,False,False,False,False,False,False,False,False,distance not exact,translation-connected,connected by translation-subgroup audit,True,not audited,0,not applicable,,audited prior campaign presentation,,,logical-operator witness (incomplete MILP or low-weight search),results/campaign4_milp_verified.jsonl,"$[[360,22,\leq 6]]$"
prior_css_w8,prior,CSS,8,360,22,8,,8,,True,upper_bound,,,,,,,0.0611111111111,3.91111111111,3.91111111111,,1,False,False,False,False,False,False,False,False,distance not exact,translation-connected,connected by translation-subgroup audit,True,not audited,0,not applicable,,audited prior campaign presentation,,,logical-operator witness (incomplete MILP or low-weight search),results/campaign4_milp_verified.jsonl,"$[[360,22,\leq 8]]$"
prior_css_w8,prior,CSS,8,360,24,4,,4,,True,upper_bound,,,,,,,0.0666666666667,1.06666666667,1.06666666667,,1,False,False,False,False,False,False,False,False,distance not exact,translation-connected,connected by translation-subgroup audit,True,not audited,0,not applicable,,audited prior campaign presentation,,,logical-operator witness (incomplete MILP or low-weight search),results/campaign4_milp_verified.jsonl,"$[[360,24,\leq 4]]$"
prior_css_w8,prior,CSS,8,360,24,12,,12,,True,upper_bound,,,,,,,0.0666666666667,9.6,9.6,,1,False,False,False,False,False,False,False,False,distance not exact,translation-connected,connected by translation-subgroup audit,True,not audited,0,not applicable,,audited prior campaign presentation,,,logical-operator witness (incomplete MILP or low-weight search),results/campaign4_milp_verified.jsonl,"$[[360,24,\leq 12]]$"
prior_css_w8,prior,CSS,8,360,26,10,,10,,True,upper_bound,,,,,,,0.0722222222222,7.22222222222,7.22222222222,,1,False,False,False,False,False,False,False,False,distance not exact,translation-connected,connected by translation-subgroup audit,True,not audited,0,not applicable,,audited prior campaign presentation,,,logical-operator witness (incomplete MILP or low-weight search),results/campaign4_milp_verified.jsonl,"$[[360,26,\leq 10]]$"
prior_css_w8,prior,CSS,8,360,28,3,3,3,,True,exact,,,,,,,0.0777777777778,0.7,0.7,,2,False,False,False,False,False,False,False,True,,translation-connected,connected by translation-subgroup audit,True,not audited,0,not applicable,,audited prior campaign presentation,,,MILP certificate,results/campaign4_milp_verified.jsonl,"$[[360,28,3]]$"
prior_css_w8,prior,CSS,8,360,28,3,,3,,True,upper_bound,,,,,,,0.0777777777778,0.7,0.7,,2,False,False,False,False,False,False,False,False,distance not exact,translation-connected,connected by translation-subgroup audit,True,not audited,0,not applicable,,audited prior campaign presentation,,,logical-operator witness (incomplete MILP or low-weight search),results/campaign4_milp_verified.jsonl,"$[[360,28,\leq 3]]$"
prior_css_w8,prior,CSS,8,360,28,8,,8,,True,upper_bound,,,,,,,0.0777777777778,4.97777777778,4.97777777778,,1,False,False,False,False,False,False,False,False,distance not exact,translation-connected,connected by translation-subgroup audit,True,not audited,0,not applicable,,audited prior campaign presentation,,,logical-operator witness (incomplete MILP or low-weight search),results/campaign4_milp_verified.jsonl,"$[[360,28,\leq 8]]$"
prior_css_w8,prior,CSS,8,360,30,2,2,2,,True,exact,,,,,,,0.0833333333333,0.333333333333,0.333333333333,,1,False,False,False,False,False,False,False,False,distance at most two,translation-connected,connected by translation-subgroup audit,True,not audited,0,not applicable,,audited prior campaign presentation,,,MILP certificate,results/campaign4_milp_verified.jsonl,"$[[360,30,2]]$"
prior_css_w8,prior,CSS,8,360,30,4,,4,,True,upper_bound,,,,,,,0.0833333333333,1.33333333333,1.33333333333,,1,False,False,False,False,False,False,False,False,distance not exact,translation-connected,connected by translation-subgroup audit,True,not audited,0,not applicable,,audited prior campaign presentation,,,logical-operator witness (incomplete MILP or low-weight search),results/campaign4_milp_verified.jsonl,"$[[360,30,\leq 4]]$"
prior_css_w8,prior,CSS,8,360,30,5,,5,,True,upper_bound,,,,,,,0.0833333333333,2.08333333333,2.08333333333,,1,False,False,False,False,False,False,False,False,distance not exact,translation-connected,connected by translation-subgroup audit,True,not audited,0,not applicable,,audited prior campaign presentation,,,logical-operator witness (incomplete MILP or low-weight search),results/campaign4_milp_verified.jsonl,"$[[360,30,\leq 5]]$"
prior_css_w8,prior,CSS,8,360,30,6,6,6,,True,exact,,,,,,,0.0833333333333,3,3,,1,False,False,False,False,False,False,False,True,,translation-connected,connected by translation-subgroup audit,True,not audited,0,not applicable,,audited prior campaign presentation,,,MILP certificate,results/campaign4_milp_verified.jsonl,"$[[360,30,6]]$"
prior_css_w8,prior,CSS,8,360,30,6,,6,,True,upper_bound,,,,,,,0.0833333333333,3,3,,1,False,False,False,False,False,False,False,False,distance not exact,translation-connected,connected by translation-subgroup audit,True,not audited,0,not applicable,,audited prior campaign presentation,,,logical-operator witness (incomplete MILP or low-weight search),results/campaign4_milp_verified.jsonl,"$[[360,30,\leq 6]]$"
prior_css_w8,prior,CSS,8,360,32,4,,4,,True,upper_bound,,,,,,,0.0888888888889,1.42222222222,1.42222222222,,1,False,False,False,False,False,False,False,False,distance not exact,translation-connected,connected by translation-subgroup audit,True,not audited,0,not applicable,,audited prior campaign presentation,,,logical-operator witness (incomplete MILP or low-weight search),results/campaign4_milp_verified.jsonl,"$[[360,32,\leq 4]]$"
prior_css_w8,prior,CSS,8,360,34,2,2,2,,True,exact,,,,,,,0.0944444444444,0.377777777778,0.377777777778,,1,False,False,False,False,False,False,False,False,distance at most two,translation-connected,connected by translation-subgroup audit,True,not audited,0,not applicable,,audited prior campaign presentation,,,MILP certificate,results/campaign4_milp_verified.jsonl,"$[[360,34,2]]$"
prior_css_w8,prior,CSS,8,360,34,4,,4,,True,upper_bound,,,,,,,0.0944444444444,1.51111111111,1.51111111111,,1,False,False,False,False,False,False,False,False,distance not exact,translation-connected,connected by translation-subgroup audit,True,not audited,0,not applicable,,audited prior campaign presentation,,,logical-operator witness (incomplete MILP or low-weight search),results/campaign4_milp_verified.jsonl,"$[[360,34,\leq 4]]$"
prior_css_w8,prior,CSS,8,360,34,6,,6,,True,upper_bound,,,,,,,0.0944444444444,3.4,3.4,,1,False,False,False,False,False,False,False,False,distance not exact,translation-connected,connected by translation-subgroup audit,True,not audited,0,not applicable,,audited prior campaign presentation,,,logical-operator witness (incomplete MILP or low-weight search),results/campaign4_milp_verified.jsonl,"$[[360,34,\leq 6]]$"
prior_css_w8,prior,CSS,8,360,36,3,,3,,True,upper_bound,,,,,,,0.1,0.9,0.9,,1,False,False,False,False,False,False,False,False,distance not exact,translation-connected,connected by translation-subgroup audit,True,not audited,0,not applicable,,audited prior campaign presentation,,,logical-operator witness (incomplete MILP or low-weight search),results/campaign4_milp_verified.jsonl,"$[[360,36,\leq 3]]$"
prior_css_w8,prior,CSS,8,360,38,2,2,2,,True,exact,,,,,,,0.105555555556,0.422222222222,0.422222222222,,1,False,False,False,False,False,False,False,False,distance at most two,translation-connected,connected by translation-subgroup audit,True,not audited,0,not applicable,,audited prior campaign presentation,,,MILP certificate,results/campaign4_milp_verified.jsonl,"$[[360,38,2]]$"
prior_css_w8,prior,CSS,8,360,38,4,,4,,True,upper_bound,,,,,,,0.105555555556,1.68888888889,1.68888888889,,2,False,False,False,False,False,False,False,False,distance not exact,translation-connected,connected by translation-subgroup audit,True,not audited,0,not applicable,,audited prior campaign presentation,,,logical-operator witness (incomplete MILP or low-weight search),results/campaign4_milp_verified.jsonl,"$[[360,38,\leq 4]]$"
prior_css_w8,prior,CSS,8,360,52,3,,3,,True,upper_bound,,,,,,,0.144444444444,1.3,1.3,,2,False,False,False,False,False,False,False,False,distance not exact,translation-connected,connected by translation-subgroup audit,True,not audited,0,not applicable,,audited prior campaign presentation,,,logical-operator witness (incomplete MILP or low-weight search),results/campaign4_milp_verified.jsonl,"$[[360,52,\leq 3]]$"
prior_css_w8,prior,CSS,8,360,52,4,,4,,True,upper_bound,,,,,,,0.144444444444,2.31111111111,2.31111111111,,2,False,False,False,False,False,False,False,False,distance not exact,translation-connected,connected by translation-subgroup audit,True,not audited,0,not applicable,,audited prior campaign presentation,,,logical-operator witness (incomplete MILP or low-weight search),results/campaign4_milp_verified.jsonl,"$[[360,52,\leq 4]]$"
prior_css_w8,prior,CSS,8,360,62,4,,4,,True,upper_bound,,,,,,,0.172222222222,2.75555555556,2.75555555556,,1,False,False,False,False,False,False,False,False,distance not exact,translation-connected,connected by translation-subgroup audit,True,not audited,0,not applicable,,audited prior campaign presentation,,,logical-operator witness (incomplete MILP or low-weight search),results/campaign4_milp_verified.jsonl,"$[[360,62,\leq 4]]$"
prior_css_w8,prior,CSS,8,360,64,3,,3,,True,upper_bound,,,,,,,0.177777777778,1.6,1.6,,1,False,False,False,False,False,False,False,False,distance not exact,translation-connected,connected by translation-subgroup audit,True,not audited,0,not applicable,,audited prior campaign presentation,,,logical-operator witness (incomplete MILP or low-weight search),results/campaign4_milp_verified.jsonl,"$[[360,64,\leq 3]]$"
prior_css_w8,prior,CSS,8,360,70,4,,4,,True,upper_bound,,,,,,,0.194444444444,3.11111111111,3.11111111111,,1,False,False,False,False,False,False,False,False,distance not exact,translation-connected,connected by translation-subgroup audit,True,not audited,0,not applicable,,audited prior campaign presentation,,,logical-operator witness (incomplete MILP or low-weight search),results/campaign4_milp_verified.jsonl,"$[[360,70,\leq 4]]$"
prior_css_w8,prior,CSS,8,360,72,3,,3,,True,upper_bound,,,,,,,0.2,1.8,1.8,,1,False,False,False,False,False,False,False,False,distance not exact,translation-connected,connected by translation-subgroup audit,True,not audited,0,not applicable,,audited prior campaign presentation,,,logical-operator witness (incomplete MILP or low-weight search),results/campaign4_milp_verified.jsonl,"$[[360,72,\leq 3]]$"
prior_css_w8,prior,CSS,8,360,78,2,2,2,,True,exact,,,,,,,0.216666666667,0.866666666667,0.866666666667,,1,False,False,False,False,False,False,False,False,distance at most two,translation-connected,connected by translation-subgroup audit,True,not audited,0,not applicable,,audited prior campaign presentation,,,MILP certificate,results/campaign4_milp_verified.jsonl,"$[[360,78,2]]$"
prior_pbb_w8,prior,PBB,8,36,4,6,6,6,,True,exact,,,,,,,0.111111111111,4,4,,6,False,False,False,False,False,False,False,True,,translation-connected,connected by translation-subgroup audit,True,not audited,0,not applicable,,audited prior campaign presentation,,,MILP certificate,results/campaign7_publication_merged.jsonl,"$[[36,4,6]]$"
prior_pbb_w8,prior,PBB,8,36,4,6,6,6,,True,exact,,,,,,,0.111111111111,4,4,,3,False,False,False,False,False,False,False,True,,derived connected component,"10x[[36,4]]; 3x[[36,4]]; 5x[[36,4]]",True,not audited,0,not applicable,,component of audited prior campaign parent,,,MILP certificate,results/campaign7_publication_merged.jsonl,"$[[36,4,6]]$"
prior_pbb_w8,prior,PBB,8,48,4,6,6,6,,True,exact,,,,,,,0.0833333333333,3,3,,2,False,False,False,False,False,False,False,True,,derived connected component,"3x[[48,4]]",True,not audited,0,not applicable,,component of audited prior campaign parent,,,MILP certificate,results/campaign7_publication_merged.jsonl,"$[[48,4,6]]$"
prior_pbb_w8,prior,PBB,8,54,2,6,6,6,,True,exact,,,,,,,0.037037037037,1.33333333333,1.33333333333,,3,False,False,False,False,False,False,False,True,,derived connected component,"2x[[54,2]]",True,not audited,0,not applicable,,component of audited prior campaign parent,,,MILP certificate,results/campaign7_publication_merged.jsonl,"$[[54,2,6]]$"
prior_pbb_w8,prior,PBB,8,54,2,8,8,8,,True,exact,,,,,,,0.037037037037,2.37037037037,2.37037037037,,1,False,False,False,False,False,False,False,True,,derived connected component,"2x[[54,2]]",True,not audited,0,not applicable,,component of audited prior campaign parent,,,MILP certificate,results/campaign7_publication_merged.jsonl,"$[[54,2,8]]$"
prior_pbb_w8,prior,PBB,8,60,4,6,6,6,,True,exact,,,,,,,0.0666666666667,2.4,2.4,,1,False,False,False,False,False,False,False,True,,derived connected component,"3x[[60,4]]",True,not audited,0,not applicable,,component of audited prior campaign parent,,,MILP certificate,results/campaign7_publication_merged.jsonl,"$[[60,4,6]]$"
prior_pbb_w8,prior,PBB,8,60,4,8,8,8,,True,exact,,,,,,,0.0666666666667,4.26666666667,4.26666666667,,3,False,False,False,False,False,False,True,True,,derived connected component,"3x[[60,4]]; 6x[[60,4]]",True,not audited,0,not applicable,,component of audited prior campaign parent,,,MILP certificate,results/campaign7_publication_merged.jsonl,"$[[60,4,8]]$"
prior_pbb_w8,prior,PBB,8,72,4,6,6,6,,True,exact,,,,,,,0.0555555555556,2,2,,1,False,False,False,False,False,False,False,True,,translation-connected,connected by translation-subgroup audit,True,not audited,0,not applicable,,audited prior campaign presentation,,,MILP certificate,results/campaign7_publication_merged.jsonl,"$[[72,4,6]]$"
prior_pbb_w8,prior,PBB,8,72,4,8,8,8,,True,exact,,,,,,,0.0555555555556,3.55555555556,3.55555555556,,2,False,False,False,False,False,False,False,True,,derived connected component,"2x[[72,4]]; 5x[[72,4]]",True,not audited,0,not applicable,,component of audited prior campaign parent,,,MILP certificate,results/campaign7_publication_merged.jsonl,"$[[72,4,8]]$"
prior_pbb_w8,prior,PBB,8,72,4,8,8,8,,True,exact,,,,,,,0.0555555555556,3.55555555556,3.55555555556,,2,False,False,False,False,False,False,False,True,,translation-connected,connected by translation-subgroup audit,True,not audited,0,not applicable,,audited prior campaign presentation,,,MILP certificate,results/campaign7_publication_merged.jsonl,"$[[72,4,8]]$"
prior_pbb_w8,prior,PBB,8,72,8,6,6,6,,True,exact,,,,,,,0.111111111111,4,4,,3,False,False,False,False,False,False,False,True,,derived connected component,"2x[[72,8]]",True,not audited,0,not applicable,,component of audited prior campaign parent,,,MILP certificate,results/campaign7_publication_merged.jsonl,"$[[72,8,6]]$"
prior_pbb_w8,prior,PBB,8,72,10,6,6,6,,True,exact,,,,,,,0.138888888889,5,5,,1,False,False,False,False,False,False,False,True,,translation-connected,connected by translation-subgroup audit,True,not audited,0,not applicable,,audited prior campaign presentation,,,MILP certificate,results/campaign7_publication_merged.jsonl,"$[[72,10,6]]$"
prior_pbb_w8,prior,PBB,8,72,12,6,6,6,,True,exact,,,,,,,0.166666666667,6,6,,1,False,False,False,True,False,False,True,True,,translation-connected,connected by translation-subgroup audit,True,not audited,0,not applicable,,audited prior campaign presentation,,,MILP certificate,results/campaign7_publication_merged.jsonl,"$[[72,12,6]]$"
prior_pbb_w8,prior,PBB,8,72,12,6,6,6,,True,exact,,,,,,,0.166666666667,6,6,,2,False,False,False,True,False,False,False,True,,derived connected component,"2x[[72,12]]; 5x[[72,12]]",True,not audited,0,not applicable,,component of audited prior campaign parent,,,MILP certificate,results/campaign7_publication_merged.jsonl,"$[[72,12,6]]$"
prior_pbb_w8,prior,PBB,8,108,2,6,6,6,,True,exact,,,,,,,0.0185185185185,0.666666666667,0.666666666667,,1,False,False,False,False,False,False,False,True,,translation-connected,connected by translation-subgroup audit,True,not audited,0,not applicable,,audited prior campaign presentation,,,MILP certificate,results/campaign7_publication_merged.jsonl,"$[[108,2,6]]$"
prior_pbb_w8,prior,PBB,8,108,2,10,10,10,,True,exact,,,,,,,0.0185185185185,1.85185185185,1.85185185185,,1,False,False,False,False,False,False,False,True,,translation-connected,connected by translation-subgroup audit,True,not audited,0,not applicable,,audited prior campaign presentation,,,MILP certificate,results/campaign7_publication_merged.jsonl,"$[[108,2,10]]$"
prior_pbb_w8,prior,PBB,8,108,2,10,,10,,True,upper_bound,,,,,,,0.0185185185185,1.85185185185,1.85185185185,,2,False,False,False,False,False,False,False,False,distance not exact,translation-connected,connected by translation-subgroup audit,True,not audited,0,not applicable,,audited prior campaign presentation,,,trusted logical-operator witness,results/campaign7_publication_merged.jsonl,"$[[108,2,\leq 10]]$"
prior_pbb_w8,prior,PBB,8,108,2,12,12,12,,True,exact,,,,,,,0.0185185185185,2.66666666667,2.66666666667,,1,False,False,False,False,False,False,False,True,,translation-connected,connected by translation-subgroup audit,True,not audited,0,not applicable,,audited prior campaign presentation,,,MILP certificate,results/campaign7_publication_merged.jsonl,"$[[108,2,12]]$"
prior_pbb_w8,prior,PBB,8,108,4,6,6,6,,True,exact,,,,,,,0.037037037037,1.33333333333,1.33333333333,,10,False,False,False,False,False,False,False,True,,translation-connected,connected by translation-subgroup audit,True,not audited,0,not applicable,,audited prior campaign presentation,,,MILP certificate,results/campaign7_publication_merged.jsonl,"$[[108,4,6]]$"
prior_pbb_w8,prior,PBB,8,108,4,8,8,8,,True,exact,,,,,,,0.037037037037,2.37037037037,2.37037037037,,1,False,False,False,False,False,False,False,True,,translation-connected,connected by translation-subgroup audit,True,not audited,0,not applicable,,audited prior campaign presentation,,,MILP certificate,results/campaign7_publication_merged.jsonl,"$[[108,4,8]]$"
prior_pbb_w8,prior,PBB,8,108,4,10,10,10,,True,exact,,,,,,,0.037037037037,3.7037037037,3.7037037037,,5,False,False,False,False,False,False,False,True,,translation-connected,connected by translation-subgroup audit,True,not audited,0,not applicable,,audited prior campaign presentation,,,MILP certificate,results/campaign7_publication_merged.jsonl,"$[[108,4,10]]$"
prior_pbb_w8,prior,PBB,8,108,4,12,12,12,,True,exact,,,,,,,0.037037037037,5.33333333333,5.33333333333,,2,False,False,False,False,False,False,False,True,,translation-connected,connected by translation-subgroup audit,True,not audited,0,not applicable,,audited prior campaign presentation,,,MILP certificate,results/campaign7_publication_merged.jsonl,"$[[108,4,12]]$"
prior_pbb_w8,prior,PBB,8,108,6,8,8,8,,True,exact,,,,,,,0.0555555555556,3.55555555556,3.55555555556,,5,False,False,False,False,False,False,False,True,,translation-connected,connected by translation-subgroup audit,True,not audited,0,not applicable,,audited prior campaign presentation,,,MILP certificate,results/campaign7_publication_merged.jsonl,"$[[108,6,8]]$"
prior_pbb_w8,prior,PBB,8,108,6,10,10,10,,True,exact,,,,,,,0.0555555555556,5.55555555556,5.55555555556,,2,False,False,False,False,False,False,False,True,,translation-connected,connected by translation-subgroup audit,True,not audited,0,not applicable,,audited prior campaign presentation,,,MILP certificate,results/campaign7_publication_merged.jsonl,"$[[108,6,10]]$"
prior_pbb_w8,prior,PBB,8,108,8,10,10,10,,True,exact,,,,,,,0.0740740740741,7.40740740741,7.40740740741,,7,False,False,False,False,False,False,True,True,,translation-connected,connected by translation-subgroup audit,True,not audited,0,not applicable,,audited prior campaign presentation,,,MILP certificate,results/campaign7_publication_merged.jsonl,"$[[108,8,10]]$"
prior_pbb_w8,prior,PBB,8,144,4,10,10,10,,True,exact,,,,,,,0.0277777777778,2.77777777778,2.77777777778,,2,False,False,False,False,False,False,False,True,,translation-connected,connected by translation-subgroup audit,True,not audited,0,not applicable,,audited prior campaign presentation,,,MILP certificate,results/campaign7_publication_merged.jsonl,"$[[144,4,10]]$"
prior_pbb_w8,prior,PBB,8,144,4,12,12,12,,True,exact,,,,,,,0.0277777777778,4,4,,2,False,False,False,False,False,False,False,True,,translation-connected,connected by translation-subgroup audit,True,not audited,0,not applicable,,audited prior campaign presentation,,,MILP certificate,results/campaign7_publication_merged.jsonl,"$[[144,4,12]]$"
prior_pbb_w8,prior,PBB,8,144,4,12,,12,,True,upper_bound,,,,,,,0.0277777777778,4,4,,4,False,False,False,False,False,False,False,False,distance not exact,translation-connected,connected by translation-subgroup audit,True,not audited,0,not applicable,,audited prior campaign presentation,,,trusted logical-operator witness,results/campaign7_publication_merged.jsonl,"$[[144,4,\leq 12]]$"
prior_pbb_w8,prior,PBB,8,144,8,6,6,6,,True,exact,,,,,,,0.0555555555556,2,2,,6,False,False,False,False,False,False,False,True,,translation-connected,connected by translation-subgroup audit,True,not audited,0,not applicable,,audited prior campaign presentation,,,MILP certificate,results/campaign7_publication_merged.jsonl,"$[[144,8,6]]$"
prior_pbb_w8,prior,PBB,8,144,8,8,,8,,True,upper_bound,,,,,,,0.0555555555556,3.55555555556,3.55555555556,,1,False,False,False,False,False,False,False,False,distance not exact,translation-connected,connected by translation-subgroup audit,True,not audited,0,not applicable,,audited prior campaign presentation,,,trusted logical-operator witness,results/campaign7_publication_merged.jsonl,"$[[144,8,\leq 8]]$"
prior_pbb_w8,prior,PBB,8,144,8,10,10,10,,True,exact,,,,,,,0.0555555555556,5.55555555556,5.55555555556,,1,False,False,False,False,False,False,False,True,,translation-connected,connected by translation-subgroup audit,True,not audited,0,not applicable,,audited prior campaign presentation,,,MILP certificate,results/campaign7_publication_merged.jsonl,"$[[144,8,10]]$"
prior_pbb_w8,prior,PBB,8,144,10,8,8,8,,True,exact,,,,,,,0.0694444444444,4.44444444444,4.44444444444,,2,False,False,False,False,False,False,False,True,,translation-connected,connected by translation-subgroup audit,True,not audited,0,not applicable,,audited prior campaign presentation,,,MILP certificate,results/campaign7_publication_merged.jsonl,"$[[144,10,8]]$"
prior_pbb_w8,prior,PBB,8,144,10,12,12,12,,True,exact,,,,,,,0.0694444444444,10,10,,1,False,False,False,False,False,False,False,True,,translation-connected,connected by translation-subgroup audit,True,not audited,0,not applicable,,audited prior campaign presentation,,,MILP certificate,results/campaign7_publication_merged.jsonl,"$[[144,10,12]]$"
prior_pbb_w8,prior,PBB,8,144,10,12,,12,,True,upper_bound,,,,,,,0.0694444444444,10,10,,1,False,False,False,False,False,False,False,False,distance not exact,translation-connected,connected by translation-subgroup audit,True,not audited,0,not applicable,,audited prior campaign presentation,,,trusted logical-operator witness,results/campaign7_publication_merged.jsonl,"$[[144,10,\leq 12]]$"
prior_pbb_w8,prior,PBB,8,144,12,8,8,8,,True,exact,,,,,,,0.0833333333333,5.33333333333,5.33333333333,,1,False,False,False,False,False,False,False,True,,translation-connected,connected by translation-subgroup audit,True,not audited,0,not applicable,,audited prior campaign presentation,,,MILP certificate,results/campaign7_publication_merged.jsonl,"$[[144,12,8]]$"
prior_pbb_w8,prior,PBB,8,144,12,12,12,12,,True,exact,,,,,,,0.0833333333333,12,12,,2,False,False,False,False,False,False,False,True,,translation-connected,connected by translation-subgroup audit,True,not audited,0,not applicable,,audited prior campaign presentation,,,MILP certificate,results/campaign7_publication_merged.jsonl,"$[[144,12,12]]$"
prior_pbb_w8,prior,PBB,8,144,12,12,,12,,True,upper_bound,,,,,,,0.0833333333333,12,12,,2,False,False,False,False,False,False,False,False,distance not exact,translation-connected,connected by translation-subgroup audit,True,not audited,0,not applicable,,audited prior campaign presentation,,,trusted logical-operator witness,results/campaign7_publication_merged.jsonl,"$[[144,12,\leq 12]]$"
prior_pbb_w8,prior,PBB,8,180,2,10,10,10,,True,exact,,,,,,,0.0111111111111,1.11111111111,1.11111111111,,1,False,False,False,False,False,False,False,True,,translation-connected,connected by translation-subgroup audit,True,not audited,0,not applicable,,audited prior campaign presentation,,,MILP certificate,results/campaign7_publication_merged.jsonl,"$[[180,2,10]]$"
prior_pbb_w8,prior,PBB,8,180,2,10,10,10,,True,exact,,,,,,,0.0111111111111,1.11111111111,1.11111111111,,1,False,False,False,False,False,False,False,True,,derived connected component,"2x[[180,2]]",True,not audited,0,not applicable,,component of audited prior campaign parent,,,MILP certificate,results/campaign7_publication_merged.jsonl,"$[[180,2,10]]$"
prior_pbb_w8,prior,PBB,8,180,2,10,,10,,True,upper_bound,,,,,,,0.0111111111111,1.11111111111,1.11111111111,,1,False,False,False,False,False,False,False,False,distance not exact,derived connected component,"2x[[180,2]]",True,not audited,0,not applicable,,component of audited prior campaign parent,,,trusted logical-operator witness,results/campaign7_publication_merged.jsonl,"$[[180,2,\leq 10]]$"
prior_pbb_w8,prior,PBB,8,180,2,12,12,12,,True,exact,,,,,,,0.0111111111111,1.6,1.6,,1,False,False,False,False,False,False,False,True,,translation-connected,connected by translation-subgroup audit,True,not audited,0,not applicable,,audited prior campaign presentation,,,MILP certificate,results/campaign7_publication_merged.jsonl,"$[[180,2,12]]$"
prior_pbb_w8,prior,PBB,8,180,2,12,,12,,True,upper_bound,,,,,,,0.0111111111111,1.6,1.6,,1,False,False,False,False,False,False,False,False,distance not exact,translation-connected,connected by translation-subgroup audit,True,not audited,0,not applicable,,audited prior campaign presentation,,,trusted logical-operator witness,results/campaign7_publication_merged.jsonl,"$[[180,2,\leq 12]]$"
prior_pbb_w8,prior,PBB,8,180,2,14,,14,,True,upper_bound,,,,,,,0.0111111111111,2.17777777778,2.17777777778,,1,False,False,False,False,False,False,False,False,distance not exact,translation-connected,connected by translation-subgroup audit,True,not audited,0,not applicable,,audited prior campaign presentation,,,trusted logical-operator witness,results/campaign7_publication_merged.jsonl,"$[[180,2,\leq 14]]$"
prior_pbb_w8,prior,PBB,8,180,4,6,6,6,,True,exact,,,,,,,0.0222222222222,0.8,0.8,,1,False,False,False,False,False,False,False,True,,translation-connected,connected by translation-subgroup audit,True,not audited,0,not applicable,,audited prior campaign presentation,,,MILP certificate,results/campaign7_publication_merged.jsonl,"$[[180,4,6]]$"
prior_pbb_w8,prior,PBB,8,180,4,10,10,10,,True,exact,,,,,,,0.0222222222222,2.22222222222,2.22222222222,,1,False,False,False,False,False,False,False,True,,derived connected component,"2x[[180,4]]",True,not audited,0,not applicable,,component of audited prior campaign parent,,,MILP certificate,results/campaign7_publication_merged.jsonl,"$[[180,4,10]]$"
prior_pbb_w8,prior,PBB,8,180,4,10,10,10,,True,exact,,,,,,,0.0222222222222,2.22222222222,2.22222222222,,2,False,False,False,False,False,False,False,True,,translation-connected,connected by translation-subgroup audit,True,not audited,0,not applicable,,audited prior campaign presentation,,,MILP certificate,results/campaign7_publication_merged.jsonl,"$[[180,4,10]]$"
prior_pbb_w8,prior,PBB,8,180,4,10,,10,,True,upper_bound,,,,,,,0.0222222222222,2.22222222222,2.22222222222,,3,False,False,False,False,False,False,False,False,distance not exact,translation-connected,connected by translation-subgroup audit,True,not audited,0,not applicable,,audited prior campaign presentation,,,trusted logical-operator witness,results/campaign7_publication_merged.jsonl,"$[[180,4,\leq 10]]$"
prior_pbb_w8,prior,PBB,8,180,4,12,,12,,True,upper_bound,,,,,,,0.0222222222222,3.2,3.2,,1,False,False,False,False,False,False,False,False,distance not exact,translation-connected,connected by translation-subgroup audit,True,not audited,0,not applicable,,audited prior campaign presentation,,,trusted logical-operator witness,results/campaign7_publication_merged.jsonl,"$[[180,4,\leq 12]]$"
prior_pbb_w8,prior,PBB,8,180,4,14,,14,,True,upper_bound,,,,,,,0.0222222222222,4.35555555556,4.35555555556,,4,False,False,False,False,False,False,False,False,distance not exact,translation-connected,connected by translation-subgroup audit,True,not audited,0,not applicable,,audited prior campaign presentation,,,trusted logical-operator witness,results/campaign7_publication_merged.jsonl,"$[[180,4,\leq 14]]$"
prior_pbb_w8,prior,PBB,8,180,4,16,,16,,True,upper_bound,,,,,,,0.0222222222222,5.68888888889,5.68888888889,,2,False,False,False,False,False,False,False,False,distance not exact,derived connected component,"2x[[180,4]]",True,not audited,0,not applicable,,component of audited prior campaign parent,,,trusted logical-operator witness,results/campaign7_publication_merged.jsonl,"$[[180,4,\leq 16]]$"
prior_pbb_w8,prior,PBB,8,180,4,16,,16,,True,upper_bound,,,,,,,0.0222222222222,5.68888888889,5.68888888889,,2,False,False,False,False,False,False,False,False,distance not exact,translation-connected,connected by translation-subgroup audit,True,not audited,0,not applicable,,audited prior campaign presentation,,,trusted logical-operator witness,results/campaign7_publication_merged.jsonl,"$[[180,4,\leq 16]]$"
prior_pbb_w8,prior,PBB,8,180,6,12,,12,,True,upper_bound,,,,,,,0.0333333333333,4.8,4.8,,1,False,False,False,False,False,False,False,False,distance not exact,translation-connected,connected by translation-subgroup audit,True,not audited,0,not applicable,,audited prior campaign presentation,,,trusted logical-operator witness,results/campaign7_publication_merged.jsonl,"$[[180,6,\leq 12]]$"
prior_pbb_w8,prior,PBB,8,180,6,14,,14,,True,upper_bound,,,,,,,0.0333333333333,6.53333333333,6.53333333333,,2,False,False,False,False,False,False,False,False,distance not exact,translation-connected,connected by translation-subgroup audit,True,not audited,0,not applicable,,audited prior campaign presentation,,,trusted logical-operator witness,results/campaign7_publication_merged.jsonl,"$[[180,6,\leq 14]]$"
prior_pbb_w8,prior,PBB,8,180,6,16,,16,,True,upper_bound,,,,,,,0.0333333333333,8.53333333333,8.53333333333,,2,False,False,False,False,False,False,False,False,distance not exact,translation-connected,connected by translation-subgroup audit,True,not audited,0,not applicable,,audited prior campaign presentation,,,trusted logical-operator witness,results/campaign7_publication_merged.jsonl,"$[[180,6,\leq 16]]$"
prior_pbb_w8,prior,PBB,8,180,6,20,,20,,True,upper_bound,,,,,,,0.0333333333333,13.3333333333,13.3333333333,,1,False,False,False,False,True,False,False,False,distance not exact,translation-connected,connected by translation-subgroup audit,True,not audited,0,not applicable,,audited prior campaign presentation,,,trusted logical-operator witness,results/campaign7_publication_merged.jsonl,"$[[180,6,\leq 20]]$"
prior_pbb_w8,prior,PBB,8,180,8,10,10,10,,True,exact,,,,,,,0.0444444444444,4.44444444444,4.44444444444,,1,False,False,False,False,False,False,False,True,,translation-connected,connected by translation-subgroup audit,True,not audited,0,not applicable,,audited prior campaign presentation,,,MILP certificate,results/campaign7_publication_merged.jsonl,"$[[180,8,10]]$"
prior_pbb_w8,prior,PBB,8,180,8,10,,10,,True,upper_bound,,,,,,,0.0444444444444,4.44444444444,4.44444444444,,2,False,False,False,False,False,False,False,False,distance not exact,translation-connected,connected by translation-subgroup audit,True,not audited,0,not applicable,,audited prior campaign presentation,,,trusted logical-operator witness,results/campaign7_publication_merged.jsonl,"$[[180,8,\leq 10]]$"
prior_pbb_w8,prior,PBB,8,180,8,12,12,12,,True,exact,,,,,,,0.0444444444444,6.4,6.4,,3,False,False,False,False,False,False,False,True,,translation-connected,connected by translation-subgroup audit,True,not audited,0,not applicable,,audited prior campaign presentation,,,MILP certificate,results/campaign7_publication_merged.jsonl,"$[[180,8,12]]$"
prior_pbb_w8,prior,PBB,8,180,8,12,,12,,True,upper_bound,,,,,,,0.0444444444444,6.4,6.4,,4,False,False,False,False,False,False,False,False,distance not exact,translation-connected,connected by translation-subgroup audit,True,not audited,0,not applicable,,audited prior campaign presentation,,,trusted logical-operator witness,results/campaign7_publication_merged.jsonl,"$[[180,8,\leq 12]]$"
prior_pbb_w8,prior,PBB,8,180,8,12,,12,,True,upper_bound,,,,,,,0.0444444444444,6.4,6.4,,1,False,False,False,False,False,False,False,False,distance not exact,derived connected component,"2x[[180,8]]",True,not audited,0,not applicable,,component of audited prior campaign parent,,,trusted logical-operator witness,results/campaign7_publication_merged.jsonl,"$[[180,8,\leq 12]]$"
prior_pbb_w8,prior,PBB,8,360,4,10,10,10,,True,exact,,,,,,,0.0111111111111,1.11111111111,1.11111111111,,1,False,False,False,False,False,False,False,True,,translation-connected,connected by translation-subgroup audit,True,not audited,0,not applicable,,audited prior campaign presentation,,,MILP certificate,results/campaign7_publication_merged.jsonl,"$[[360,4,10]]$"
prior_pbb_w8,prior,PBB,8,360,4,16,,16,,True,upper_bound,,,,,,,0.0111111111111,2.84444444444,2.84444444444,,1,False,False,False,False,False,False,False,False,distance not exact,translation-connected,connected by translation-subgroup audit,True,not audited,0,not applicable,,audited prior campaign presentation,,,trusted logical-operator witness,results/campaign7_publication_merged.jsonl,"$[[360,4,\leq 16]]$"
prior_pbb_w8,prior,PBB,8,360,4,20,,20,,True,upper_bound,,,,,,,0.0111111111111,4.44444444444,4.44444444444,,2,False,False,False,False,False,False,False,False,distance not exact,translation-connected,connected by translation-subgroup audit,True,not audited,0,not applicable,,audited prior campaign presentation,,,trusted logical-operator witness,results/campaign7_publication_merged.jsonl,"$[[360,4,\leq 20]]$"
prior_pbb_w8,prior,PBB,8,360,4,24,,24,,True,upper_bound,,,,,,,0.0111111111111,6.4,6.4,,1,False,False,False,False,False,False,False,False,distance not exact,translation-connected,connected by translation-subgroup audit,True,not audited,0,not applicable,,audited prior campaign presentation,,,trusted logical-operator witness,results/campaign7_publication_merged.jsonl,"$[[360,4,\leq 24]]$"
prior_pbb_w8,prior,PBB,8,360,8,10,10,10,,True,exact,,,,,,,0.0222222222222,2.22222222222,2.22222222222,,1,False,False,False,False,False,False,False,True,,translation-connected,connected by translation-subgroup audit,True,not audited,0,not applicable,,audited prior campaign presentation,,,MILP certificate,results/campaign7_publication_merged.jsonl,"$[[360,8,10]]$"
prior_pbb_w8,prior,PBB,8,360,8,16,,16,,True,upper_bound,,,,,,,0.0222222222222,5.68888888889,5.68888888889,,4,False,False,False,False,False,False,False,False,distance not exact,translation-connected,connected by translation-subgroup audit,True,not audited,0,not applicable,,audited prior campaign presentation,,,trusted logical-operator witness,results/campaign7_publication_merged.jsonl,"$[[360,8,\leq 16]]$"
prior_pbb_w8,prior,PBB,8,360,8,18,,18,,True,upper_bound,,,,,,,0.0222222222222,7.2,7.2,,1,False,False,False,False,False,False,False,False,distance not exact,translation-connected,connected by translation-subgroup audit,True,not audited,0,not applicable,,audited prior campaign presentation,,,trusted logical-operator witness,results/campaign7_publication_merged.jsonl,"$[[360,8,\leq 18]]$"
prior_pbb_w8,prior,PBB,8,360,10,16,,16,,True,upper_bound,,,,,,,0.0277777777778,7.11111111111,7.11111111111,,2,False,False,False,False,False,False,False,False,distance not exact,translation-connected,connected by translation-subgroup audit,True,not audited,0,not applicable,,audited prior campaign presentation,,,trusted logical-operator witness,results/campaign7_publication_merged.jsonl,"$[[360,10,\leq 16]]$"
prior_pbb_w8,prior,PBB,8,360,10,20,,20,,True,upper_bound,,,,,,,0.0277777777778,11.1111111111,11.1111111111,,3,False,False,False,False,False,False,False,False,distance not exact,translation-connected,connected by translation-subgroup audit,True,not audited,0,not applicable,,audited prior campaign presentation,,,trusted logical-operator witness,results/campaign7_publication_merged.jsonl,"$[[360,10,\leq 20]]$"
prior_pbb_w8,prior,PBB,8,360,12,6,,6,,True,upper_bound,,,,,,,0.0333333333333,1.2,1.2,,1,False,False,False,False,False,False,False,False,distance not exact,translation-connected,connected by translation-subgroup audit,True,not audited,0,not applicable,,audited prior campaign presentation,,,trusted logical-operator witness,results/campaign7_publication_merged.jsonl,"$[[360,12,\leq 6]]$"
prior_pbb_w8,prior,PBB,8,360,12,20,,20,,True,upper_bound,,,,,,,0.0333333333333,13.3333333333,13.3333333333,,1,False,False,False,False,False,False,False,False,distance not exact,translation-connected,connected by translation-subgroup audit,True,not audited,0,not applicable,,audited prior campaign presentation,,,trusted logical-operator witness,results/campaign7_publication_merged.jsonl,"$[[360,12,\leq 20]]$"
voss_w5,literature,literature,5,30,4,5,5,5,,True,exact,,,,,,,0.133333333333,3.33333333333,3.33333333333,,1,False,False,False,False,False,True,True,True,,not_audited,not audited,,not audited,0,not applicable,,reference,,,published distance; independently exhaustive-verified,"Voss et al., arXiv:2406.19151","$[[30,4,5]]$"
voss_w5,literature,literature,5,72,4,8,,,,,reported,,,,,,,0.0555555555556,3.55555555556,,,1,False,False,False,False,False,False,False,False,distance not exact,not_audited,not audited,,not audited,0,not applicable,,reference,,,published distance; no local optimality certificate,"Voss et al., arXiv:2406.19151","$[[72,4,8]]$"
voss_w5,literature,literature,5,96,4,8,,,,,reported,,,,,,,0.0416666666667,2.66666666667,,,1,False,False,False,False,False,False,False,False,distance not exact,not_audited,not audited,,not audited,0,not applicable,,reference,,,published distance; no local optimality certificate,"Voss et al., arXiv:2406.19151","$[[96,4,8]]$"
lin_pryadko_w5,literature,cyclic 2BGA,5,48,4,7,7,7,,True,exact,,,,,,,0.0833333333333,4.08333333333,4.08333333333,,1,False,False,False,False,False,True,True,True,,connected,connected,True,not audited,0,Lin--Pryadko 2BGA archive,,prior construction; exact certificate here,,,independent all-logical MILP certificate,results/weight5_lin_pryadko_audit.json,"$[[48,4,7]]$"
lin_pryadko_w5,literature,cyclic 2BGA,5,60,4,8,8,8,,True,exact,,,,,,,0.0666666666667,4.26666666667,4.26666666667,,1,False,False,False,False,False,True,True,True,,connected,connected,True,not audited,0,Lin--Pryadko 2BGA archive,,prior construction; exact certificate here,,,independent all-logical MILP certificate,results/weight5_lin_pryadko_audit.json,"$[[60,4,8]]$"
lin_pryadko_w5,literature,cyclic 2BGA,5,66,4,8,8,8,,True,exact,,,,,,,0.0606060606061,3.87878787879,3.87878787879,,1,False,False,False,False,False,False,False,True,,connected,connected,True,not audited,0,Lin--Pryadko 2BGA archive,,prior construction; exact certificate here,,,independent all-logical MILP certificate,results/weight5_lin_pryadko_audit.json,"$[[66,4,8]]$"
lin_pryadko_w5,literature,cyclic 2BGA,5,78,4,9,9,9,,True,exact,,,,,,,0.0512820512821,4.15384615385,4.15384615385,,1,False,False,False,False,False,True,False,True,,connected,connected,True,not audited,0,Lin--Pryadko 2BGA archive,,prior construction; exact certificate here,,,independent all-logical MILP certificate,results/weight5_lin_pryadko_audit.json,"$[[78,4,9]]$"
lin_pryadko_w5,literature,cyclic 2BGA,5,84,4,9,9,9,,True,exact,,,,,,,0.047619047619,3.85714285714,3.85714285714,,1,False,False,False,False,False,False,False,True,,connected,connected,True,not audited,0,Lin--Pryadko 2BGA archive,,prior construction; exact certificate here,,,independent all-logical MILP certificate,results/weight5_lin_pryadko_audit.json,"$[[84,4,9]]$"
lin_pryadko_w5,literature,cyclic 2BGA,5,96,4,10,10,10,,True,exact,,,,,,,0.0416666666667,4.16666666667,4.16666666667,,1,False,False,False,False,False,False,False,True,,connected,connected,True,not audited,0,Lin--Pryadko 2BGA archive,,prior construction; exact certificate here,,,independent all-logical MILP certificate,results/weight5_lin_pryadko_audit.json,"$[[96,4,10]]$"
lin_pryadko_w5,literature,2BGA,5,120,4,10,,,,,reported,,,,,,,0.0333333333333,3.33333333333,,,1,False,False,False,False,False,False,False,False,distance not exact,not_audited,not audited,,not audited,0,not applicable,,reference,,,public-archive QDistRnd value; no exact certificate,"Lin and Pryadko, arXiv:2306.16400; 2BGA-codes archive 403d194c3f98","$[[120,4,10]]$"
lin_pryadko_w5,literature,nonabelian 2BGA,5,132,4,12,12,12,,True,exact,,,,,,,0.030303030303,4.36363636364,4.36363636364,,1,False,False,False,False,False,True,True,True,,connected,connected,True,not audited,0,Lin--Pryadko 2BGA archive,,prior construction; exact certificate here,,,independent all-logical MILP certificate,results/weight5_lin_pryadko_audit.json,"$[[132,4,12]]$"
lin_pryadko_w5,literature,2BGA,5,140,6,10,,,,,reported,,,,,,,0.0428571428571,4.28571428571,,,1,False,False,False,False,False,False,False,False,distance not exact,not_audited,not audited,,not audited,0,not applicable,,reference,,,public-archive QDistRnd value; no exact certificate,"Lin and Pryadko, arXiv:2306.16400; 2BGA-codes archive 403d194c3f98","$[[140,6,10]]$"
lin_pryadko_w5,literature,2BGA,5,168,4,14,,,,,reported,,,,,,,0.0238095238095,4.66666666667,,,1,False,False,False,False,False,False,False,False,distance not exact,not_audited,not audited,,not audited,0,not applicable,,reference,,,public-archive QDistRnd value; no exact certificate,"Lin and Pryadko, arXiv:2306.16400; 2BGA-codes archive 403d194c3f98","$[[168,4,14]]$"
lin_pryadko_w5,literature,2BGA,5,180,4,13,,,,,reported,,,,,,,0.0222222222222,3.75555555556,,,1,False,False,False,False,False,False,False,False,distance not exact,not_audited,not audited,,not audited,0,not applicable,,reference,,,public-archive QDistRnd value; no exact certificate,"Lin and Pryadko, arXiv:2306.16400; 2BGA-codes archive 403d194c3f98","$[[180,4,13]]$"
lin_pryadko_w5,literature,2BGA,5,180,4,14,,,,,reported,,,,,,,0.0222222222222,4.35555555556,,,1,False,False,False,False,False,False,False,False,distance not exact,not_audited,not audited,,not audited,0,not applicable,,reference,,,public-archive QDistRnd value; no exact certificate,"Lin and Pryadko, arXiv:2306.16400; 2BGA-codes archive 403d194c3f98","$[[180,4,14]]$"
lin_pryadko_w5,literature,2BGA,5,180,4,15,,,,,reported,,,,,,,0.0222222222222,5,,,1,False,False,False,False,False,False,False,False,distance not exact,not_audited,not audited,,not audited,0,not applicable,,reference,,,public-archive QDistRnd value; no exact certificate,"Lin and Pryadko, arXiv:2306.16400; 2BGA-codes archive 403d194c3f98","$[[180,4,15]]$"
lin_pryadko_w5,literature,2BGA,5,192,4,16,,,,,reported,,,,,,,0.0208333333333,5.33333333333,,,1,False,False,False,False,False,False,False,False,distance not exact,not_audited,not audited,,not audited,0,not applicable,,reference,,,public-archive QDistRnd value; no exact certificate,"Lin and Pryadko, arXiv:2306.16400; 2BGA-codes archive 403d194c3f98","$[[192,4,16]]$"
khesin_lu_w5,literature,literature,5,36,4,6,6,6,,True,exact,,,,,,,0.111111111111,4,4,,1,False,False,False,False,False,True,True,True,,not_audited,not audited,,not audited,0,not applicable,,reference,,,published exact distance; independently exhaustive-verified,"Khesin and Lu, arXiv:2603.05496","$[[36,4,6]]$"
khesin_lu_w6,literature,literature,6,60,4,10,10,10,,True,exact,,,,,,,0.0666666666667,6.66666666667,6.66666666667,,1,False,False,False,True,False,False,True,True,,not_audited,not audited,,not audited,0,not applicable,,reference,,,published exact distance,"Khesin and Lu, arXiv:2603.05496","$[[60,4,10]]$"
bravyi_w6,literature,literature,6,72,12,6,6,6,,True,exact,,,,,,,0.166666666667,6,6,,1,False,False,False,True,False,True,False,True,,not_audited,not audited,,not audited,0,not applicable,,reference,,,published exact distance,"Bravyi et al., arXiv:2308.07915","$[[72,12,6]]$"
bravyi_w6,literature,literature,6,90,8,10,10,10,,True,exact,,,,,,,0.0888888888889,8.88888888889,8.88888888889,,1,False,False,False,True,False,True,True,True,,not_audited,not audited,,not audited,0,not applicable,,reference,,,published exact distance,"Bravyi et al., arXiv:2308.07915","$[[90,8,10]]$"
bravyi_w6,literature,literature,6,108,8,10,10,10,,True,exact,,,,,,,0.0740740740741,7.40740740741,7.40740740741,,1,False,False,False,False,False,False,False,True,,not_audited,not audited,,not audited,0,not applicable,,reference,,,published exact distance,"Bravyi et al., arXiv:2308.07915","$[[108,8,10]]$"
bravyi_w6,literature,literature,6,144,12,12,12,12,,True,exact,,,,,,,0.0833333333333,12,12,,1,False,False,False,False,False,True,True,True,,not_audited,not audited,,not audited,0,not applicable,,reference,,,published exact distance,"Bravyi et al., arXiv:2308.07915","$[[144,12,12]]$"
bravyi_w6,literature,literature,6,288,12,18,18,18,,True,exact,,,,,,,0.0416666666667,13.5,13.5,,1,False,False,False,False,False,False,False,True,,not_audited,not audited,,not audited,0,not applicable,,reference,,,published exact distance,"Bravyi et al., arXiv:2308.07915","$[[288,12,18]]$"
bravyi_w6,literature,literature,6,360,12,24,,24,,True,upper_bound,,,,,,,0.0333333333333,19.2,19.2,,1,False,False,False,False,True,False,False,False,distance not exact,not_audited,not audited,,not audited,0,not applicable,,reference,,,published upper bound,"Bravyi et al., arXiv:2308.07915","$[[360,12,\leq 24]]$"
wang_mueller_w6,literature,literature,6,150,16,8,,,,,reported,,,,,,,0.106666666667,6.82666666667,,,1,False,False,False,False,False,False,False,False,distance not exact,not_audited,not audited,,not audited,0,not applicable,,reference,,,published distance; no local optimality certificate,"Wang and Mueller, arXiv:2408.10001","$[[150,16,8]]$"
liang_w6,literature,literature,6,96,4,12,12,12,,True,exact,,,,,,,0.0416666666667,6,6,,1,False,False,False,True,False,False,False,True,,not_audited,not audited,,not audited,0,not applicable,,reference,,,published exact integer-programming distance,"Liang, Liu, Song, and Chen, arXiv:2503.03827; PRX Quantum 6, 020357 (2025)","$[[96,4,12]]$"
liang_w6,literature,literature,6,120,8,12,12,12,,True,exact,,,,,,,0.0666666666667,9.6,9.6,,1,False,False,False,True,False,False,True,True,,not_audited,not audited,,not audited,0,not applicable,,reference,,,published exact integer-programming distance,"Liang, Liu, Song, and Chen, arXiv:2503.03827; PRX Quantum 6, 020357 (2025)","$[[120,8,12]]$"
liang_w6,literature,literature,6,140,6,14,14,14,,True,exact,,,,,,,0.0428571428571,8.4,8.4,,1,False,False,False,True,False,False,False,True,,not_audited,not audited,,not audited,0,not applicable,,reference,,,published exact integer-programming distance,"Liang, Liu, Song, and Chen, arXiv:2503.03827; PRX Quantum 6, 020357 (2025)","$[[140,6,14]]$"
liang_w6,literature,literature,6,180,8,16,16,16,,True,exact,,,,,,,0.0444444444444,11.3777777778,11.3777777778,,1,False,False,False,True,False,False,False,True,,not_audited,not audited,,not audited,0,not applicable,,reference,,,published exact integer-programming distance,"Liang, Liu, Song, and Chen, arXiv:2503.03827; PRX Quantum 6, 020357 (2025)","$[[180,8,16]]$"
liang_w6,literature,literature,6,254,14,16,16,16,,True,exact,,,,,,,0.0551181102362,14.1102362205,14.1102362205,,1,False,False,False,False,False,True,True,True,,not_audited,not audited,,not audited,0,not applicable,,reference,,,published exact integer-programming distance,"Liang, Liu, Song, and Chen, arXiv:2503.03827; PRX Quantum 6, 020357 (2025)","$[[254,14,16]]$"
liang_w6,literature,literature,6,294,10,20,20,20,,True,exact,,,,,,,0.0340136054422,13.6054421769,13.6054421769,,1,False,False,False,True,False,False,False,True,,not_audited,not audited,,not audited,0,not applicable,,reference,,,published exact integer-programming distance,"Liang, Liu, Song, and Chen, arXiv:2503.03827; PRX Quantum 6, 020357 (2025)","$[[294,10,20]]$"
liang_w6,literature,literature,6,340,16,18,18,18,,True,exact,,,,,,,0.0470588235294,15.2470588235,15.2470588235,,1,False,False,False,False,False,True,True,True,,not_audited,not audited,,not audited,0,not applicable,,reference,,,published exact integer-programming distance,"Liang, Liu, Song, and Chen, arXiv:2503.03827; PRX Quantum 6, 020357 (2025)","$[[340,16,18]]$"
qian_li_w6,literature,coset-orbit balanced product,6,336,12,20,20,20,,True,exact,,,,,,,0.0357142857143,14.2857142857,14.2857142857,,1,False,False,False,True,False,True,True,True,,not_audited,not audited,,not audited,0,not applicable,,reference,,,published exact MILP distance; published overall weight also constrains total qubit degree,"Qian and Li, arXiv:2608.08996v1","$[[336,12,20]]$"
qian_li_w8,literature,coset-orbit balanced product,8,224,22,16,16,16,,True,exact,,,,,,,0.0982142857143,25.1428571429,25.1428571429,,1,False,False,False,True,False,True,True,True,,not_audited,not audited,,not audited,0,not applicable,,reference,,,published exact MILP distance; published overall weight also constrains total qubit degree,"Qian and Li, arXiv:2608.08996v1","$[[224,22,16]]$"
qian_li_w8,literature,coset-orbit balanced product,8,288,24,18,18,18,,True,exact,,,,,,,0.0833333333333,27,27,,1,False,False,False,True,False,False,True,True,,not_audited,not audited,,not audited,0,not applicable,,reference,,,published exact MILP distance; published overall weight also constrains total qubit degree,"Qian and Li, arXiv:2608.08996v1","$[[288,24,18]]$"
qian_li_w8,literature,coset-orbit balanced product,8,378,32,19,19,19,,True,exact,,,,,,,0.0846560846561,30.5608465608,30.5608465608,,1,False,False,False,True,False,True,True,True,,not_audited,not audited,,not audited,0,not applicable,,reference,,,published exact MILP distance; published overall weight also constrains total qubit degree,"Qian and Li, arXiv:2608.08996v1","$[[378,32,19]]$"
symons_w8,literature,literature,8,144,14,14,14,14,,True,exact,,,,,,,0.0972222222222,19.0555555556,19.0555555556,,1,False,False,False,True,False,False,True,True,,not_audited,not audited,,not audited,0,not applicable,,reference,,,published exact mixed-integer-programming distance,"Symons, Rajput, and Browne, arXiv:2511.13560","$[[144,14,14]]$"
qec_challenge_w4,challenge,BB,4,16,2,4,4,4,,True,exact,,,,,,,0.125,2,2,,2,False,False,False,True,False,True,True,True,,derived connected component,"12x[[16,2]]; 6x[[16,2]]",True,not audited,0,not applicable,QEC Challenge,component of audited Challenge parent,192-24-4; 96-12-4-mvb,05b147c65031570830f9abd4c33425cb66f61e4dc89d21bf3578f247263a8172,QEC Challenge exact-distance certificate,Unitary Foundation QEC Challenge 3b50503b (codes/192-24-4.json); results/weight5_challenge_connectivity_audit.jsonl; Unitary Foundation QEC Challenge 3b50503b (codes/96-12-4-mvb.json); results/weight5_challenge_connectivity_audit.jsonl,"$[[16,2,4]]$"
qec_challenge_w4,challenge,BB,4,16,2,4,,4,,True,upper_bound,,,,,,,0.125,2,2,,1,False,False,False,False,False,False,False,False,distance not exact,derived connected component,"11x[[16,2]]",True,not audited,0,not applicable,QEC Challenge,component of audited Challenge parent,176-22-4,05b147c65031570830f9abd4c33425cb66f61e4dc89d21bf3578f247263a8172,QEC Challenge verifier-confirmed logical witness,Unitary Foundation QEC Challenge 3b50503b (codes/176-22-4.json); results/weight5_challenge_connectivity_audit.jsonl,"$[[16,2,\leq 4]]$"
qec_challenge_w4,challenge,BB,4,64,2,8,,8,,True,upper_bound,,,,,,,0.03125,2,2,,1,False,False,False,False,False,False,False,False,distance not exact,derived connected component,"3x[[64,2]]",True,not audited,0,not applicable,QEC Challenge,component of audited Challenge parent,192-6-8,2bc3b3088986f70ddcbdc0a81c4460bacbe60ea7b9b0acac3429e0a4be098b4c,QEC Challenge verifier-confirmed logical witness,Unitary Foundation QEC Challenge 3b50503b (codes/192-6-8.json); results/weight5_challenge_connectivity_audit.jsonl,"$[[64,2,\leq 8]]$"
qec_challenge_w4,challenge,BB,4,84,2,9,9,9,,True,exact,,,,,,,0.0238095238095,1.92857142857,1.92857142857,,1,False,False,False,False,False,True,False,True,,row-space connected,connected by invariant row-space audit,True,not audited,0,not applicable,QEC Challenge,audited Challenge presentation,84-2-9,,QEC Challenge exact-distance certificate,Unitary Foundation QEC Challenge 3b50503b (codes/84-2-9.json); results/weight5_challenge_connectivity_audit.jsonl,"$[[84,2,9]]$"
qec_challenge_w5,challenge,other,5,18,4,3,,3,,True,upper_bound,,,,,,,0.222222222222,2,2,,1,False,False,False,False,False,False,False,False,distance not exact,row-space connected,connected by invariant row-space audit,True,not audited,0,not applicable,QEC Challenge,audited Challenge presentation,18-4-3,,QEC Challenge verifier-confirmed logical witness,Unitary Foundation QEC Challenge 3b50503b (codes/18-4-3.json); results/weight5_challenge_connectivity_audit.jsonl,"$[[18,4,\leq 3]]$"
qec_challenge_w5,challenge,topological,5,40,6,4,4,4,,True,exact,,,,,,,0.15,2.4,2.4,,1,False,False,False,False,False,False,False,True,,row-space connected,connected by invariant row-space audit,True,not audited,0,not applicable,QEC Challenge,audited Challenge presentation,40-6-4,,QEC Challenge exact-distance certificate,Unitary Foundation QEC Challenge 3b50503b (codes/40-6-4.json); results/weight5_challenge_connectivity_audit.jsonl,"$[[40,6,4]]$"
qec_challenge_w5,challenge,topological,5,40,10,4,4,4,,True,exact,,,,,,,0.25,4,4,,1,False,False,False,True,False,True,False,True,,row-space connected,connected by invariant row-space audit,True,not audited,0,not applicable,QEC Challenge,audited Challenge presentation,40-10-4,,QEC Challenge exact-distance certificate,Unitary Foundation QEC Challenge 3b50503b (codes/40-10-4.json); results/weight5_challenge_connectivity_audit.jsonl,"$[[40,10,4]]$"
qec_challenge_w5,challenge,hypergraph-product,5,45,9,3,3,3,,True,exact,,,,,,,0.2,1.8,1.8,,1,False,False,False,False,False,False,False,True,,row-space connected,connected by invariant row-space audit,True,not audited,0,not applicable,QEC Challenge,audited Challenge presentation,45-9-3,,QEC Challenge exact-distance certificate,Unitary Foundation QEC Challenge 3b50503b (codes/45-9-3.json); results/weight5_challenge_connectivity_audit.jsonl,"$[[45,9,3]]$"
qec_challenge_w5,challenge,lifted-product,5,676,71,4,,4,,True,upper_bound,,,,,,,0.105029585799,1.68047337278,1.68047337278,,1,False,False,False,False,False,False,False,False,distance not exact,row-space connected,connected by invariant row-space audit,True,not audited,0,not applicable,QEC Challenge,audited Challenge presentation,676-71-4,,QEC Challenge verifier-confirmed logical witness,Unitary Foundation QEC Challenge 3b50503b (codes/676-71-4.json); results/weight5_challenge_connectivity_audit.jsonl,"$[[676,71,\leq 4]]$"
qec_challenge_w6,challenge,BB,6,14,6,2,2,2,,True,exact,,,,,,,0.428571428571,1.71428571429,1.71428571429,,1,False,False,False,True,False,False,False,False,distance at most two,row-space connected,connected by invariant row-space audit,True,not audited,0,not applicable,QEC Challenge,audited Challenge presentation,14-6-2,,QEC Challenge exact-distance certificate,Unitary Foundation QEC Challenge 3b50503b (codes/14-6-2.json); results/weight5_challenge_connectivity_audit.jsonl,"$[[14,6,2]]$"
qec_challenge_w6,challenge,BB,6,18,4,4,4,4,,True,exact,,,,,,,0.222222222222,3.55555555556,3.55555555556,,1,False,False,False,True,False,True,True,True,,row-space connected,connected by invariant row-space audit,True,not audited,0,not applicable,QEC Challenge,audited Challenge presentation,18-4-4,,QEC Challenge exact-distance certificate,Unitary Foundation QEC Challenge 3b50503b (codes/18-4-4.json); results/weight5_challenge_connectivity_audit.jsonl,"$[[18,4,4]]$"
qec_challenge_w6,challenge,BB,6,30,4,6,6,6,,True,exact,,,,,,,0.133333333333,4.8,4.8,,1,False,False,False,True,False,False,True,True,,row-space connected,connected by invariant row-space audit,True,not audited,0,not applicable,QEC Challenge,audited Challenge presentation,30-4-6,,QEC Challenge exact-distance certificate,Unitary Foundation QEC Challenge 3b50503b (codes/30-4-6.json); results/weight5_challenge_connectivity_audit.jsonl,"$[[30,4,6]]$"
qec_challenge_w6,challenge,BB,6,42,5,4,4,4,,True,exact,,,,,,,0.119047619048,1.90476190476,1.90476190476,,1,False,False,False,False,False,False,False,True,,derived connected logical component,"[[42,5]] plus 3 k=0 stabilizer-state factors",False,not audited,0,not applicable,QEC Challenge,logical component of audited Challenge parent,45-5-4,,QEC Challenge exact-distance certificate,Unitary Foundation QEC Challenge 3b50503b (codes/45-5-4.json); results/weight5_challenge_connectivity_audit.jsonl,"$[[42,5,4]]$"
qec_challenge_w6,challenge,BB,6,48,4,8,8,8,,True,exact,,,,,,,0.0833333333333,5.33333333333,5.33333333333,,1,False,False,False,True,False,False,True,True,,row-space connected,connected by invariant row-space audit,True,not audited,0,not applicable,QEC Challenge,audited Challenge presentation,48-4-8,,QEC Challenge exact-distance certificate,Unitary Foundation QEC Challenge 3b50503b (codes/48-4-8.json); results/weight5_challenge_connectivity_audit.jsonl,"$[[48,4,8]]$"
qec_challenge_w6,challenge,BB,6,50,6,4,4,4,,True,exact,,,,,,,0.12,1.92,1.92,,1,False,False,False,False,False,False,False,True,,row-space connected,connected by invariant row-space audit,True,not audited,0,not applicable,QEC Challenge,audited Challenge presentation,50-6-4,,QEC Challenge exact-distance certificate,Unitary Foundation QEC Challenge 3b50503b (codes/50-6-4.json); results/weight5_challenge_connectivity_audit.jsonl,"$[[50,6,4]]$"
qec_challenge_w6,challenge,BB,6,54,8,6,6,6,,True,exact,,,,,,,0.148148148148,5.33333333333,5.33333333333,,1,False,False,False,True,False,False,False,True,,row-space connected,connected by invariant row-space audit,True,not audited,0,not applicable,QEC Challenge,audited Challenge presentation,54-8-6,,QEC Challenge exact-distance certificate,Unitary Foundation QEC Challenge 3b50503b (codes/54-8-6.json); results/weight5_challenge_connectivity_audit.jsonl,"$[[54,8,6]]$"
qec_challenge_w6,challenge,BB,6,60,8,6,6,6,,True,exact,,,,,,,0.133333333333,4.8,4.8,,1,False,False,False,False,False,False,False,True,,row-space connected,connected by invariant row-space audit,True,not audited,0,not applicable,QEC Challenge,audited Challenge presentation,60-8-6,,QEC Challenge exact-distance certificate,Unitary Foundation QEC Challenge 3b50503b (codes/60-8-6.json); results/weight5_challenge_connectivity_audit.jsonl,"$[[60,8,6]]$"
qec_challenge_w6,challenge,BB,6,62,5,5,5,5,,True,exact,,,,,,,0.0806451612903,2.01612903226,2.01612903226,,1,False,False,False,False,False,False,False,True,,derived connected logical component,"[[62,5]] plus 4 k=0 stabilizer-state factors",False,not audited,0,not applicable,QEC Challenge,logical component of audited Challenge parent,66-5-5,,QEC Challenge exact-distance certificate,Unitary Foundation QEC Challenge 3b50503b (codes/66-5-5.json); results/weight5_challenge_connectivity_audit.jsonl,"$[[62,5,5]]$"
qec_challenge_w6,challenge,BB,6,62,10,6,6,6,,True,exact,,,,,,,0.161290322581,5.8064516129,5.8064516129,,1,False,False,False,True,False,False,False,True,,row-space connected,connected by invariant row-space audit,True,not audited,0,not applicable,QEC Challenge,audited Challenge presentation,62-10-6,,QEC Challenge exact-distance certificate,Unitary Foundation QEC Challenge 3b50503b (codes/62-10-6.json); results/weight5_challenge_connectivity_audit.jsonl,"$[[62,10,6]]$"
qec_challenge_w6,challenge,BB,6,70,6,8,8,8,,True,exact,,,,,,,0.0857142857143,5.48571428571,5.48571428571,,1,False,False,False,True,False,False,False,True,,row-space connected,connected by invariant row-space audit,True,not audited,0,not applicable,QEC Challenge,audited Challenge presentation,70-6-8,,QEC Challenge exact-distance certificate,Unitary Foundation QEC Challenge 3b50503b (codes/70-6-8.json); results/weight5_challenge_connectivity_audit.jsonl,"$[[70,6,8]]$"
qec_challenge_w6,challenge,BB,6,72,6,6,6,6,,True,exact,,,,,,,0.0833333333333,3,3,,1,False,False,False,False,False,False,False,True,,row-space connected,connected by invariant row-space audit,True,not audited,0,not applicable,QEC Challenge,audited Challenge presentation,72-6-6,,QEC Challenge exact-distance certificate,Unitary Foundation QEC Challenge 3b50503b (codes/72-6-6.json); results/weight5_challenge_connectivity_audit.jsonl,"$[[72,6,6]]$"
qec_challenge_w6,challenge,BB,6,78,4,10,10,10,,True,exact,,,,,,,0.0512820512821,5.12820512821,5.12820512821,,1,False,False,False,False,False,False,False,True,,row-space connected,connected by invariant row-space audit,True,not audited,0,not applicable,QEC Challenge,audited Challenge presentation,78-4-10,,QEC Challenge exact-distance certificate,Unitary Foundation QEC Challenge 3b50503b (codes/78-4-10.json); results/weight5_challenge_connectivity_audit.jsonl,"$[[78,4,10]]$"
qec_challenge_w6,challenge,BB,6,84,6,10,10,10,,True,exact,,,,,,,0.0714285714286,7.14285714286,7.14285714286,,1,False,False,False,True,False,False,True,True,,row-space connected,connected by invariant row-space audit,True,not audited,0,not applicable,QEC Challenge,audited Challenge presentation,84-6-10,,QEC Challenge exact-distance certificate,Unitary Foundation QEC Challenge 3b50503b (codes/84-6-10.json); results/weight5_challenge_connectivity_audit.jsonl,"$[[84,6,10]]$"
qec_challenge_w6,challenge,BB,6,86,5,7,7,7,,True,exact,,,,,,,0.0581395348837,2.8488372093,2.8488372093,,1,False,False,False,False,False,False,False,True,,derived connected logical component,"[[86,5]] plus 5 k=0 stabilizer-state factors",False,not audited,0,not applicable,QEC Challenge,logical component of audited Challenge parent,91-5-7,,QEC Challenge exact-distance certificate,Unitary Foundation QEC Challenge 3b50503b (codes/91-5-7.json); results/weight5_challenge_connectivity_audit.jsonl,"$[[86,5,7]]$"
qec_challenge_w6,challenge,BB,6,88,6,6,6,6,,True,exact,,,,,,,0.0681818181818,2.45454545455,2.45454545455,,1,False,False,False,False,False,False,False,True,,row-space connected,connected by invariant row-space audit,True,not audited,0,not applicable,QEC Challenge,audited Challenge presentation,88-6-6,,QEC Challenge exact-distance certificate,Unitary Foundation QEC Challenge 3b50503b (codes/88-6-6.json); results/weight5_challenge_connectivity_audit.jsonl,"$[[88,6,6]]$"
qec_challenge_w6,challenge,BB,6,98,6,12,12,12,,True,exact,,,,,,,0.0612244897959,8.81632653061,8.81632653061,,1,False,False,False,True,False,False,False,True,,row-space connected,connected by invariant row-space audit,True,not audited,0,not applicable,QEC Challenge,audited Challenge presentation,98-6-12,,QEC Challenge exact-distance certificate,Unitary Foundation QEC Challenge 3b50503b (codes/98-6-12.json); results/weight5_challenge_connectivity_audit.jsonl,"$[[98,6,12]]$"
qec_challenge_w6,challenge,BB,6,112,6,7,7,7,,True,exact,,,,,,,0.0535714285714,2.625,2.625,,1,False,False,False,False,False,False,False,True,,row-space connected,connected by invariant row-space audit,True,not audited,0,not applicable,QEC Challenge,audited Challenge presentation,112-6-7,,QEC Challenge exact-distance certificate,Unitary Foundation QEC Challenge 3b50503b (codes/112-6-7.json); results/weight5_challenge_connectivity_audit.jsonl,"$[[112,6,7]]$"
qec_challenge_w6,challenge,BB,6,114,4,14,,14,,True,upper_bound,,,,,,,0.0350877192982,6.87719298246,6.87719298246,,1,False,False,False,False,True,False,False,False,distance not exact,row-space connected,connected by invariant row-space audit,True,not audited,0,not applicable,QEC Challenge,audited Challenge presentation,114-4-14,,QEC Challenge verifier-confirmed logical witness,Unitary Foundation QEC Challenge 3b50503b (codes/114-4-14.json); results/weight5_challenge_connectivity_audit.jsonl,"$[[114,4,\leq 14]]$"
qec_challenge_w6,challenge,BB,6,114,5,8,8,8,,True,exact,,,,,,,0.0438596491228,2.80701754386,2.80701754386,,1,False,False,False,False,False,False,False,True,,derived connected logical component,"[[114,5]] plus 6 k=0 stabilizer-state factors",False,not audited,0,not applicable,QEC Challenge,logical component of audited Challenge parent,120-5-8,,QEC Challenge exact-distance certificate,Unitary Foundation QEC Challenge 3b50503b (codes/120-5-8.json); results/weight5_challenge_connectivity_audit.jsonl,"$[[114,5,8]]$"
qec_challenge_w6,challenge,BB,6,128,6,8,8,8,,True,exact,,,,,,,0.046875,3,3,,1,False,False,False,False,False,False,False,True,,row-space connected,connected by invariant row-space audit,True,not audited,0,not applicable,QEC Challenge,audited Challenge presentation,128-6-8,,QEC Challenge exact-distance certificate,Unitary Foundation QEC Challenge 3b50503b (codes/128-6-8.json); results/weight5_challenge_connectivity_audit.jsonl,"$[[128,6,8]]$"
qec_challenge_w6,challenge,BB,6,128,8,6,6,6,,True,exact,,,,,,,0.0625,2.25,2.25,,1,False,False,False,False,False,False,False,True,,row-space connected,connected by invariant row-space audit,True,not audited,0,not applicable,QEC Challenge,audited Challenge presentation,128-8-6,,QEC Challenge exact-distance certificate,Unitary Foundation QEC Challenge 3b50503b (codes/128-8-6.json); results/weight5_challenge_connectivity_audit.jsonl,"$[[128,8,6]]$"
qec_challenge_w6,challenge,BB,6,146,5,9,9,9,,True,exact,,,,,,,0.0342465753425,2.77397260274,2.77397260274,,1,False,False,False,False,False,False,False,True,,derived connected logical component,"[[146,5]] plus 7 k=0 stabilizer-state factors",False,not audited,0,not applicable,QEC Challenge,logical component of audited Challenge parent,153-5-9,,QEC Challenge exact-distance certificate,Unitary Foundation QEC Challenge 3b50503b (codes/153-5-9.json); results/weight5_challenge_connectivity_audit.jsonl,"$[[146,5,9]]$"
qec_challenge_w6,challenge,BB,6,146,18,4,4,4,,True,exact,,,,,,,0.123287671233,1.97260273973,1.97260273973,,1,False,False,False,False,False,False,False,True,,row-space connected,connected by invariant row-space audit,True,not audited,0,not applicable,QEC Challenge,audited Challenge presentation,146-18-4,,QEC Challenge exact-distance certificate,Unitary Foundation QEC Challenge 3b50503b (codes/146-18-4.json); results/weight5_challenge_connectivity_audit.jsonl,"$[[146,18,4]]$"
qec_challenge_w6,challenge,BB,6,154,6,16,,16,,True,upper_bound,,,,,,,0.038961038961,9.97402597403,9.97402597403,,1,False,False,False,False,False,False,False,False,distance not exact,row-space connected,connected by invariant row-space audit,True,not audited,0,not applicable,QEC Challenge,audited Challenge presentation,154-6-16,,QEC Challenge verifier-confirmed logical witness,Unitary Foundation QEC Challenge 3b50503b (codes/154-6-16.json); results/weight5_challenge_connectivity_audit.jsonl,"$[[154,6,\leq 16]]$"
qec_challenge_w6,challenge,BB,6,160,6,9,9,9,,True,exact,,,,,,,0.0375,3.0375,3.0375,,1,False,False,False,False,False,False,False,True,,row-space connected,connected by invariant row-space audit,True,not audited,0,not applicable,QEC Challenge,audited Challenge presentation,160-6-9,,QEC Challenge exact-distance certificate,Unitary Foundation QEC Challenge 3b50503b (codes/160-6-9.json); results/weight5_challenge_connectivity_audit.jsonl,"$[[160,6,9]]$"
qec_challenge_w6,challenge,BB,6,162,8,14,,14,,True,upper_bound,,,,,,,0.0493827160494,9.67901234568,9.67901234568,,1,False,False,False,False,False,False,False,False,distance not exact,row-space connected,connected by invariant row-space audit,True,not audited,0,not applicable,QEC Challenge,audited Challenge presentation,162-8-14,,QEC Challenge verifier-confirmed logical witness,Unitary Foundation QEC Challenge 3b50503b (codes/162-8-14.json); results/weight5_challenge_connectivity_audit.jsonl,"$[[162,8,\leq 14]]$"
qec_challenge_w6,challenge,BB,6,174,4,18,,18,,True,upper_bound,,,,,,,0.0229885057471,7.44827586207,7.44827586207,,1,False,False,False,False,True,False,False,False,distance not exact,row-space connected,connected by invariant row-space audit,True,not audited,0,not applicable,QEC Challenge,audited Challenge presentation,174-4-18,,QEC Challenge verifier-confirmed logical witness,Unitary Foundation QEC Challenge 3b50503b (codes/174-4-18.json); results/weight5_challenge_connectivity_audit.jsonl,"$[[174,4,\leq 18]]$"
qec_challenge_w6,challenge,BB,6,180,6,10,10,10,,True,exact,,,,,,,0.0333333333333,3.33333333333,3.33333333333,,1,False,False,False,False,False,False,False,True,,row-space connected,connected by invariant row-space audit,True,not audited,0,not applicable,QEC Challenge,audited Challenge presentation,180-6-10,,QEC Challenge exact-distance certificate,Unitary Foundation QEC Challenge 3b50503b (codes/180-6-10.json); results/weight5_challenge_connectivity_audit.jsonl,"$[[180,6,10]]$"
qec_challenge_w6,challenge,BB,6,182,6,18,,18,,True,upper_bound,,,,,,,0.032967032967,10.6813186813,10.6813186813,,1,False,False,False,False,False,False,False,False,distance not exact,row-space connected,connected by invariant row-space audit,True,not audited,0,not applicable,QEC Challenge,audited Challenge presentation,182-6-18,,QEC Challenge verifier-confirmed logical witness,Unitary Foundation QEC Challenge 3b50503b (codes/182-6-18.json); results/weight5_challenge_connectivity_audit.jsonl,"$[[182,6,\leq 18]]$"
qec_challenge_w6,challenge,BB,6,186,10,14,,14,,True,upper_bound,,,,,,,0.0537634408602,10.5376344086,10.5376344086,,1,False,False,False,False,False,False,False,False,distance not exact,row-space connected,connected by invariant row-space audit,True,not audited,0,not applicable,QEC Challenge,audited Challenge presentation,186-10-14,,QEC Challenge verifier-confirmed logical witness,Unitary Foundation QEC Challenge 3b50503b (codes/186-10-14.json); results/weight5_challenge_connectivity_audit.jsonl,"$[[186,10,\leq 14]]$"
qec_challenge_w6,challenge,BB,6,192,8,16,,16,,True,upper_bound,,,,,,,0.0416666666667,10.6666666667,10.6666666667,,1,False,False,False,False,False,False,False,False,distance not exact,row-space connected,connected by invariant row-space audit,True,not audited,0,not applicable,QEC Challenge,audited Challenge presentation,192-8-16,,QEC Challenge verifier-confirmed logical witness,Unitary Foundation QEC Challenge 3b50503b (codes/192-8-16.json); results/weight5_challenge_connectivity_audit.jsonl,"$[[192,8,\leq 16]]$"
qec_challenge_w6,challenge,BB,6,192,12,8,8,8,,True,exact,,,,,,,0.0625,4,4,,1,False,False,False,False,False,False,False,True,,row-space connected,connected by invariant row-space audit,True,not audited,0,not applicable,QEC Challenge,audited Challenge presentation,192-12-8,,QEC Challenge exact-distance certificate,Unitary Foundation QEC Challenge 3b50503b (codes/192-12-8.json); results/weight5_challenge_connectivity_audit.jsonl,"$[[192,12,8]]$"
qec_challenge_w6,challenge,BB,6,198,12,7,7,7,,True,exact,,,,,,,0.0606060606061,2.9696969697,2.9696969697,,1,False,False,False,False,False,False,False,True,,row-space connected,connected by invariant row-space audit,True,not audited,0,not applicable,QEC Challenge,audited Challenge presentation,198-12-7,,QEC Challenge exact-distance certificate,Unitary Foundation QEC Challenge 3b50503b (codes/198-12-7.json); results/weight5_challenge_connectivity_audit.jsonl,"$[[198,12,7]]$"
qec_challenge_w6,challenge,BB,6,200,8,9,9,9,,True,exact,,,,,,,0.04,3.24,3.24,,1,False,False,False,False,False,False,False,True,,row-space connected,connected by invariant row-space audit,True,not audited,0,not applicable,QEC Challenge,audited Challenge presentation,200-8-9,,QEC Challenge exact-distance certificate,Unitary Foundation QEC Challenge 3b50503b (codes/200-8-9.json); results/weight5_challenge_connectivity_audit.jsonl,"$[[200,8,9]]$"
qec_challenge_w6,challenge,BB,6,204,4,20,,20,,True,upper_bound,,,,,,,0.0196078431373,7.8431372549,7.8431372549,,1,False,False,False,False,False,False,False,False,distance not exact,row-space connected,connected by invariant row-space audit,True,not audited,0,not applicable,QEC Challenge,audited Challenge presentation,204-4-20,,QEC Challenge verifier-confirmed logical witness,Unitary Foundation QEC Challenge 3b50503b (codes/204-4-20.json); results/weight5_challenge_connectivity_audit.jsonl,"$[[204,4,\leq 20]]$"
qec_challenge_w6,challenge,BB,6,222,5,11,11,11,,True,exact,,,,,,,0.0225225225225,2.72522522523,2.72522522523,,1,False,False,False,False,False,False,False,True,,derived connected logical component,"[[222,5]] plus 9 k=0 stabilizer-state factors",False,not audited,0,not applicable,QEC Challenge,logical component of audited Challenge parent,231-5-11,,QEC Challenge exact-distance certificate,Unitary Foundation QEC Challenge 3b50503b (codes/231-5-11.json); results/weight5_challenge_connectivity_audit.jsonl,"$[[222,5,11]]$"
qec_challenge_w6,challenge,BB,6,224,6,20,,20,,True,upper_bound,,,,,,,0.0267857142857,10.7142857143,10.7142857143,,1,False,False,False,False,False,False,False,False,distance not exact,row-space connected,connected by invariant row-space audit,True,not audited,0,not applicable,QEC Challenge,audited Challenge presentation,224-6-20,,QEC Challenge verifier-confirmed logical witness,Unitary Foundation QEC Challenge 3b50503b (codes/224-6-20.json); results/weight5_challenge_connectivity_audit.jsonl,"$[[224,6,\leq 20]]$"
qec_challenge_w6,challenge,BB,6,234,8,18,,18,,True,upper_bound,,,,,,,0.034188034188,11.0769230769,11.0769230769,,1,False,False,False,False,True,False,False,False,distance not exact,row-space connected,connected by invariant row-space audit,True,not audited,0,not applicable,QEC Challenge,audited Challenge presentation,234-8-18,,QEC Challenge verifier-confirmed logical witness,Unitary Foundation QEC Challenge 3b50503b (codes/234-8-18.json); results/weight5_challenge_connectivity_audit.jsonl,"$[[234,8,\leq 18]]$"
qec_challenge_w6,challenge,BB,6,240,6,11,11,11,,True,exact,,,,,,,0.025,3.025,3.025,,1,False,False,False,False,False,False,False,True,,row-space connected,connected by invariant row-space audit,True,not audited,0,not applicable,QEC Challenge,audited Challenge presentation,240-6-11,,QEC Challenge exact-distance certificate,Unitary Foundation QEC Challenge 3b50503b (codes/240-6-11.json); results/weight5_challenge_connectivity_audit.jsonl,"$[[240,6,11]]$"
qec_challenge_w6,challenge,BB,6,246,4,22,,22,,True,upper_bound,,,,,,,0.0162601626016,7.86991869919,7.86991869919,,1,False,False,False,False,True,False,False,False,distance not exact,row-space connected,connected by invariant row-space audit,True,not audited,0,not applicable,QEC Challenge,audited Challenge presentation,246-4-22,,QEC Challenge verifier-confirmed logical witness,Unitary Foundation QEC Challenge 3b50503b (codes/246-4-22.json); results/weight5_challenge_connectivity_audit.jsonl,"$[[246,4,\leq 22]]$"
qec_challenge_w6,challenge,BB,6,248,10,18,,18,,True,upper_bound,,,,,,,0.0403225806452,13.064516129,13.064516129,,1,False,False,False,False,True,False,False,False,distance not exact,row-space connected,connected by invariant row-space audit,True,not audited,0,not applicable,QEC Challenge,audited Challenge presentation,248-10-18,,QEC Challenge verifier-confirmed logical witness,Unitary Foundation QEC Challenge 3b50503b (codes/248-10-18.json); results/weight5_challenge_connectivity_audit.jsonl,"$[[248,10,\leq 18]]$"
qec_challenge_w6,challenge,BB,6,252,12,16,,16,,True,upper_bound,,,,,,,0.047619047619,12.1904761905,12.1904761905,,1,False,False,False,False,False,False,False,False,distance not exact,row-space connected,connected by invariant row-space audit,True,not audited,0,not applicable,QEC Challenge,audited Challenge presentation,252-12-16,,QEC Challenge verifier-confirmed logical witness,Unitary Foundation QEC Challenge 3b50503b (codes/252-12-16.json); results/weight5_challenge_connectivity_audit.jsonl,"$[[252,12,\leq 16]]$"
qec_challenge_w6,challenge,BB,6,264,6,12,12,12,,True,exact,,,,,,,0.0227272727273,3.27272727273,3.27272727273,,1,False,False,False,False,False,False,False,True,,row-space connected,connected by invariant row-space audit,True,not audited,0,not applicable,QEC Challenge,audited Challenge presentation,264-6-12,,QEC Challenge exact-distance certificate,Unitary Foundation QEC Challenge 3b50503b (codes/264-6-12.json); results/weight5_challenge_connectivity_audit.jsonl,"$[[264,6,12]]$"
qec_challenge_w6,challenge,BB,6,266,6,22,,22,,True,upper_bound,,,,,,,0.0225563909774,10.9172932331,10.9172932331,,1,False,False,False,False,True,False,False,False,distance not exact,row-space connected,connected by invariant row-space audit,True,not audited,0,not applicable,QEC Challenge,audited Challenge presentation,266-6-22,,QEC Challenge verifier-confirmed logical witness,Unitary Foundation QEC Challenge 3b50503b (codes/266-6-22.json); results/weight5_challenge_connectivity_audit.jsonl,"$[[266,6,\leq 22]]$"
qec_challenge_w6,challenge,BB,6,270,8,20,,20,,True,upper_bound,,,,,,,0.0296296296296,11.8518518519,11.8518518519,,1,False,False,False,False,False,False,False,False,distance not exact,row-space connected,connected by invariant row-space audit,True,not audited,0,not applicable,QEC Challenge,audited Challenge presentation,270-8-20,,QEC Challenge verifier-confirmed logical witness,Unitary Foundation QEC Challenge 3b50503b (codes/270-8-20.json); results/weight5_challenge_connectivity_audit.jsonl,"$[[270,8,\leq 20]]$"
qec_challenge_w6,challenge,BB,6,276,4,24,,24,,True,upper_bound,,,,,,,0.0144927536232,8.34782608696,8.34782608696,,1,False,False,False,False,True,False,False,False,distance not exact,row-space connected,connected by invariant row-space audit,True,not audited,0,not applicable,QEC Challenge,audited Challenge presentation,276-4-24,,QEC Challenge verifier-confirmed logical witness,Unitary Foundation QEC Challenge 3b50503b (codes/276-4-24.json); results/weight5_challenge_connectivity_audit.jsonl,"$[[276,4,\leq 24]]$"
qec_challenge_w6,challenge,BB,6,288,8,12,12,12,,True,exact,,,,,,,0.0277777777778,4,4,,1,False,False,False,False,False,False,False,True,,row-space connected,connected by invariant row-space audit,True,not audited,0,not applicable,QEC Challenge,audited Challenge presentation,288-8-12,,QEC Challenge exact-distance certificate,Unitary Foundation QEC Challenge 3b50503b (codes/288-8-12.json); results/weight5_challenge_connectivity_audit.jsonl,"$[[288,8,12]]$"
qec_challenge_w6,challenge,BB,6,289,5,13,13,13,,True,exact,,,,,,,0.0173010380623,2.92387543253,2.92387543253,,1,False,False,False,False,False,False,False,True,,derived connected logical component,"[[289,5]] plus 10 k=0 stabilizer-state factors",False,not audited,0,not applicable,QEC Challenge,logical component of audited Challenge parent,299-5-13,,QEC Challenge exact-distance certificate,Unitary Foundation QEC Challenge 3b50503b (codes/299-5-13.json); results/weight5_challenge_connectivity_audit.jsonl,"$[[289,5,13]]$"
qec_challenge_w6,challenge,BB,6,292,18,8,8,8,,True,exact,,,,,,,0.0616438356164,3.94520547945,3.94520547945,,1,False,False,False,False,False,False,False,True,,row-space connected,connected by invariant row-space audit,True,not audited,0,not applicable,QEC Challenge,audited Challenge presentation,292-18-8,,QEC Challenge exact-distance certificate,Unitary Foundation QEC Challenge 3b50503b (codes/292-18-8.json); results/weight5_challenge_connectivity_audit.jsonl,"$[[292,18,8]]$"
qec_challenge_w6,challenge,BB,6,308,6,24,,24,,True,upper_bound,,,,,,,0.0194805194805,11.2207792208,11.2207792208,,1,False,False,False,False,True,False,False,False,distance not exact,row-space connected,connected by invariant row-space audit,True,not audited,0,not applicable,QEC Challenge,audited Challenge presentation,308-6-24,,QEC Challenge verifier-confirmed logical witness,Unitary Foundation QEC Challenge 3b50503b (codes/308-6-24.json); results/weight5_challenge_connectivity_audit.jsonl,"$[[308,6,\leq 24]]$"
qec_challenge_w6,challenge,BB,6,312,8,22,,22,,True,upper_bound,,,,,,,0.025641025641,12.4102564103,12.4102564103,,1,False,False,False,False,True,False,False,False,distance not exact,row-space connected,connected by invariant row-space audit,True,not audited,0,not applicable,QEC Challenge,audited Challenge presentation,312-8-22,,QEC Challenge verifier-confirmed logical witness,Unitary Foundation QEC Challenge 3b50503b (codes/312-8-22.json); results/weight5_challenge_connectivity_audit.jsonl,"$[[312,8,\leq 22]]$"
qec_challenge_w6,challenge,BB,6,318,4,26,,26,,True,upper_bound,,,,,,,0.0125786163522,8.50314465409,8.50314465409,,1,False,False,False,False,True,False,False,False,distance not exact,row-space connected,connected by invariant row-space audit,True,not audited,0,not applicable,QEC Challenge,audited Challenge presentation,318-4-26,,QEC Challenge verifier-confirmed logical witness,Unitary Foundation QEC Challenge 3b50503b (codes/318-4-26.json); results/weight5_challenge_connectivity_audit.jsonl,"$[[318,4,\leq 26]]$"
qec_challenge_w6,challenge,BB,6,330,8,24,,24,,True,upper_bound,,,,,,,0.0242424242424,13.9636363636,13.9636363636,,1,False,False,False,False,True,False,False,False,distance not exact,row-space connected,connected by invariant row-space audit,True,not audited,0,not applicable,QEC Challenge,audited Challenge presentation,330-8-24,,QEC Challenge verifier-confirmed logical witness,Unitary Foundation QEC Challenge 3b50503b (codes/330-8-24.json); results/weight5_challenge_connectivity_audit.jsonl,"$[[330,8,\leq 24]]$"
qec_challenge_w6,challenge,BB,6,336,6,14,,14,,True,upper_bound,,,,,,,0.0178571428571,3.5,3.5,,1,False,False,False,False,False,False,False,False,distance not exact,row-space connected,connected by invariant row-space audit,True,not audited,0,not applicable,QEC Challenge,audited Challenge presentation,336-6-14,,QEC Challenge verifier-confirmed logical witness,Unitary Foundation QEC Challenge 3b50503b (codes/336-6-14.json); results/weight5_challenge_connectivity_audit.jsonl,"$[[336,6,\leq 14]]$"
qec_challenge_w6,challenge,BB,6,350,6,26,,26,,True,upper_bound,,,,,,,0.0171428571429,11.5885714286,11.5885714286,,1,False,False,False,False,True,False,False,False,distance not exact,row-space connected,connected by invariant row-space audit,True,not audited,0,not applicable,QEC Challenge,audited Challenge presentation,350-6-26,,QEC Challenge verifier-confirmed logical witness,Unitary Foundation QEC Challenge 3b50503b (codes/350-6-26.json); results/weight5_challenge_connectivity_audit.jsonl,"$[[350,6,\leq 26]]$"
qec_challenge_w6,challenge,BB,6,354,4,28,,28,,True,upper_bound,,,,,,,0.0112994350282,8.85875706215,8.85875706215,,1,False,False,False,False,True,False,False,False,distance not exact,row-space connected,connected by invariant row-space audit,True,not audited,0,not applicable,QEC Challenge,audited Challenge presentation,354-4-28,,QEC Challenge verifier-confirmed logical witness,Unitary Foundation QEC Challenge 3b50503b (codes/354-4-28.json); results/weight5_challenge_connectivity_audit.jsonl,"$[[354,4,\leq 28]]$"
qec_challenge_w6,challenge,BB,6,392,8,15,,15,,True,upper_bound,,,,,,,0.0204081632653,4.59183673469,4.59183673469,,1,False,False,False,False,False,False,False,False,distance not exact,row-space connected,connected by invariant row-space audit,True,not audited,0,not applicable,QEC Challenge,audited Challenge presentation,392-8-15,,QEC Challenge verifier-confirmed logical witness,Unitary Foundation QEC Challenge 3b50503b (codes/392-8-15.json); results/weight5_challenge_connectivity_audit.jsonl,"$[[392,8,\leq 15]]$"
qec_challenge_w8,challenge,BB,8,154,8,17,,17,,True,upper_bound,,,,,,,0.0519480519481,15.012987013,15.012987013,,1,False,False,False,False,True,False,False,False,distance not exact,row-space connected,connected by invariant row-space audit,True,not audited,0,not applicable,QEC Challenge,audited Challenge presentation,154-8-17,,QEC Challenge verifier-confirmed logical witness,Unitary Foundation QEC Challenge 3b50503b (codes/154-8-17.json); results/weight5_challenge_connectivity_audit.jsonl,"$[[154,8,\leq 17]]$"
qec_challenge_w8,challenge,BB,8,183,12,10,10,10,,True,exact,,,,,,,0.0655737704918,6.55737704918,6.55737704918,,1,False,False,False,False,False,False,False,True,,row-space connected,connected by invariant row-space audit,True,not audited,0,not applicable,QEC Challenge,audited Challenge presentation,183-12-10,,QEC Challenge exact-distance certificate,Unitary Foundation QEC Challenge 3b50503b (codes/183-12-10.json); results/weight5_challenge_connectivity_audit.jsonl,"$[[183,12,10]]$"
qec_challenge_w8,challenge,BB,8,211,15,11,11,11,,True,exact,,,,,,,0.0710900473934,8.6018957346,8.6018957346,,1,False,False,False,False,False,False,False,True,,derived connected logical component,"[[211,15]] plus 5 k=0 stabilizer-state factors",True,not audited,0,not applicable,QEC Challenge,logical component of audited Challenge parent,216-15-11,,QEC Challenge exact-distance certificate,Unitary Foundation QEC Challenge 3b50503b (codes/216-15-11.json); results/weight5_challenge_connectivity_audit.jsonl,"$[[211,15,11]]$"
qec_challenge_w8,challenge,BB,8,242,12,12,,12,,True,upper_bound,,,,,,,0.0495867768595,7.14049586777,7.14049586777,,1,False,False,False,False,False,False,False,False,distance not exact,row-space connected,connected by invariant row-space audit,True,not audited,0,not applicable,QEC Challenge,audited Challenge presentation,242-12-12,,QEC Challenge verifier-confirmed logical witness,Unitary Foundation QEC Challenge 3b50503b (codes/242-12-12.json); results/weight5_challenge_connectivity_audit.jsonl,"$[[242,12,\leq 12]]$"
qec_challenge_w8,challenge,BB,8,259,16,12,,12,,True,upper_bound,,,,,,,0.0617760617761,8.89575289575,8.89575289575,,1,False,False,False,False,False,False,False,False,distance not exact,derived connected logical component,"[[259,16]] plus 4 k=0 stabilizer-state factors",True,not audited,0,not applicable,QEC Challenge,logical component of audited Challenge parent,263-16-12,,QEC Challenge verifier-confirmed logical witness,Unitary Foundation QEC Challenge 3b50503b (codes/263-16-12.json); results/weight5_challenge_connectivity_audit.jsonl,"$[[259,16,\leq 12]]$"
qec_challenge_w8,challenge,BB,8,384,12,17,,17,,True,upper_bound,,,,,,,0.03125,9.03125,9.03125,,1,False,False,False,False,False,False,False,False,distance not exact,row-space connected,connected by invariant row-space audit,True,not audited,0,not applicable,QEC Challenge,audited Challenge presentation,384-12-17,,QEC Challenge verifier-confirmed logical witness,Unitary Foundation QEC Challenge 3b50503b (codes/384-12-17.json); results/weight5_challenge_connectivity_audit.jsonl,"$[[384,12,\leq 17]]$"
qec_challenge_w8,challenge,BB,8,401,12,18,,18,,True,upper_bound,,,,,,,0.0299251870324,9.6957605985,9.6957605985,,1,False,False,False,False,False,False,False,False,distance not exact,row-space connected,connected by invariant row-space audit,True,not audited,0,not applicable,QEC Challenge,audited Challenge presentation,401-12-18,,QEC Challenge verifier-confirmed logical witness,Unitary Foundation QEC Challenge 3b50503b (codes/401-12-18.json); results/weight5_challenge_connectivity_audit.jsonl,"$[[401,12,\leq 18]]$"
